Index,demand
0,0.03464524
1,0.030935492
2,0.03089869
3,0.0331694
4,0.04680388
5,0.014794669
6,0.031719837
7,0.07615566
8,0.03378712
9,0.048250414
10,0.0343855
11,0.248171
12,0.21459083
13,0.035903607
14,0.11825919
15,0.042823147
16,0.151603
17,0.058064714
18,0.103901684
19,0.045566097
20,0.013738015
21,0.036465008
22,0.07810047
23,0.030906856
24,0.38939223
25,0.105591215
26,0.03798643
27,0.09870619
28,0.040583838
29,0.014596484
30,0.029327642
31,0.04577062
32,0.034635525
33,0.08048536
34,0.28207916
35,0.4077775
36,0.03623455
37,0.046125486
38,0.084661156
39,0.11348969
40,0.01073455
41,0.00826328
42,0.020429717
43,0.049528133
44,0.039598662
45,0.055543467
46,0.053859364
47,0.33060214
48,0.08182679
49,0.091132775
50,0.28290683
51,0.07442687
52,0.021883026
53,0.21974
54,0.01956981
55,0.06272305
56,0.108137086
57,0.042872246
58,0.052759755
59,0.042211875
60,0.04558435
61,0.0703029
62,0.07509081
63,0.05693225
64,0.032145273
65,0.38520828
66,0.032096773
67,0.054914832
68,0.05171066
69,0.070856325
70,0.0315547
71,0.043380246
72,0.007493876
73,0.03348572
74,0.06617409
75,0.028728254
76,0.041706633
77,0.120865114
78,0.11786008
79,0.04351514
80,0.044752367
81,0.016660206
82,0.016948096
83,0.099524364
84,0.10081394
85,0.047238585
86,0.16299912
87,0.39569086
88,0.085368685
89,0.05457138
90,0.019750044
91,0.046429254
92,0.06788807
93,0.11181907
94,0.16062401
95,0.017074876
96,0.023403835
97,0.04320902
98,0.011846219
99,0.009327508
100,0.0292485
101,0.027892929
102,0.03786852
103,0.19470356
104,0.055243395
105,0.03641524
106,0.034033097
107,0.104226924
108,0.36192977
109,0.06366559
110,0.021962436
111,0.021670742
112,0.05065413
113,0.0638725
114,0.032477643
115,0.10250725
116,0.15640184
117,0.10078832
118,0.11945502
119,0.07500872
120,0.03670977
121,0.040307324
122,0.038044553
123,0.047060538
124,0.0052569727
125,0.09342754
126,0.053902403
127,0.23549108
128,0.017500678
129,0.05223127
130,0.038932323
131,0.024396524
132,0.021975145
133,0.029443128
134,0.050037913
135,0.025378365
136,0.08244052
137,0.12916401
138,0.27304026
139,0.044782687
140,0.047704723
141,0.103951514
142,0.05301503
143,0.01915552
144,0.06787955
145,0.019322975
146,0.014463957
147,0.03496134
148,0.11625447
149,0.03519607
150,0.030613929
151,0.040665112
152,0.0705949
153,0.088344775
154,0.14425595
155,0.12998968
156,0.2373855
157,0.0774484
158,0.053071987
159,0.023266144
160,0.05967848
161,0.05754098
162,0.11044084
163,0.051558718
164,0.6744813
165,0.1287882
166,0.024122125
167,0.11798185
168,0.057354465
169,0.046550855
170,0.022040142
171,0.019941134
172,0.010760621
173,0.062398747
174,0.024866054
175,0.025649479
176,0.09938659
177,0.05226478
178,0.09668038
179,0.07944052
180,0.12834544
181,0.24852687
182,0.4173079
183,0.06840845
184,0.028325958
185,0.08533492
186,0.020698056
187,0.04227509
188,0.010675196
189,0.08145564
190,0.05889405
191,0.13205689
192,0.045837782
193,0.10769432
194,0.046899386
195,0.06057451
196,0.019692877
197,0.020016138
198,0.12531188
199,0.032514274
200,0.07183017
201,0.035604447
202,0.01267456
203,0.03033564
204,0.04789
205,0.06948201
206,0.087211974
207,0.16421045
208,0.11820111
209,0.15246257
210,0.16807596
211,0.13071528
212,0.015337294
213,0.112235144
214,0.060241196
215,0.009857918
216,0.04526331
217,0.08819887
218,0.035588115
219,0.024497552
220,0.052350372
221,0.03809792
222,0.015068247
223,0.056200035
224,0.079886116
225,0.035857875
226,0.06246568
227,0.021943254
228,0.030438399
229,0.08441397
230,0.041495528
231,0.07369663
232,0.070625246
233,0.15126878
234,0.3144104
235,0.12181608
236,0.12154059
237,0.071452804
238,0.07824327
239,0.0922692
240,0.11732425
241,0.06444101
242,0.02196539
243,0.27354196
244,0.07096538
245,0.08349873
246,0.061429475
247,0.08200041
248,0.019541798
249,0.028181426
250,0.008841037
251,0.020652594
252,0.023721855
253,0.050367314
254,0.16906162
255,0.06931231
256,0.057630543
257,0.13154776
258,0.5668713
259,0.10844134
260,0.019680778
261,0.24691622
262,0.06885808
263,0.31861076
264,0.17980137
265,0.08635724
266,0.021517219
267,0.052483883
268,0.03935605
269,0.100936666
270,0.2737606
271,0.04599664
272,0.41086414
273,0.07342092
274,0.10391687
275,0.022193925
276,0.027102452
277,0.06603335
278,0.08586393
279,0.019642193
280,0.13726243
281,0.26621103
282,0.13630502
283,0.08456785
284,0.032525264
285,0.12383424
286,0.169169
287,0.27313092
288,0.073068865
289,0.05887583
290,0.024096912
291,0.060940184
292,0.5322041
293,0.04380844
294,0.08211829
295,0.28615043
296,0.26687133
297,0.014334965
298,0.018417858
299,0.058677122
300,0.058865286
301,0.17420961
302,0.2641665
303,0.10198558
304,0.10607258
305,0.26974338
306,0.25446838
307,0.16933604
308,0.2750143
309,0.42429087
310,0.10117245
311,0.019536994
312,0.05317649
313,0.07633667
314,0.060833793
315,0.18581182
316,0.7644036
317,0.006399201
318,0.05185829
319,0.41686302
320,0.017501539
321,0.055995855
322,0.28403118
323,0.020181607
324,0.059618983
325,0.10043353
326,0.022286348
327,0.052533224
328,0.15943106
329,0.053520247
330,0.09553974
331,0.174475
332,0.15200481
333,0.27282283
334,0.30045307
335,0.19136372
336,0.029288594
337,0.26374692
338,0.23729287
339,0.13143091
340,0.7584838
341,0.39657876
342,0.26873416
343,0.026913408
344,0.15089786
345,0.05190202
346,0.030060684
347,0.0131412735
348,0.018901214
349,0.070416026
350,0.011393792
351,0.012361575
352,0.0339389
353,0.059393905
354,0.10719091
355,0.11184728
356,0.13323562
357,0.08448027
358,0.17057465
359,0.10940365
360,0.029522818
361,0.11399852
362,0.28094184
363,0.020388143
364,0.06532256
365,0.65657413
366,0.7510883
367,0.65149355
368,0.008343082
369,0.030375332
370,0.019848827
371,0.08830267
372,0.2909748
373,0.0827844
374,0.020467805
375,0.06089845
376,0.028043045
377,0.06286931
378,0.08118299
379,0.06914162
380,0.0143183945
381,0.27492037
382,0.019656463
383,0.03718976
384,0.12912524
385,0.11697655
386,0.062897936
387,0.051790383
388,0.119230546
389,0.08250668
390,0.019687667
391,0.13377175
392,0.1083228
393,0.10858646
394,0.77214223
395,0.9271072
396,0.6559075
397,0.06351566
398,0.030432539
399,0.15076767
400,0.08777044
401,0.27297807
402,0.0507347
403,0.08846863
404,0.025306417
405,0.09038828
406,0.117920905
407,0.269488
408,0.09626287
409,0.46060243
410,0.25960183
411,0.15543497
412,0.1772983
413,0.0893436
414,0.06660244
415,0.12683558
416,0.053094707
417,0.04140135
418,0.025805626
419,0.122816235
420,0.12567455
421,0.061652817
422,0.07924085
423,0.024796704
424,0.7392867
425,0.7913302
426,0.8315965
427,0.050612234
428,0.04069985
429,0.24694172
430,0.13820872
431,0.030828351
432,0.0114009455
433,0.020809118
434,0.02302481
435,0.048792172
436,0.11974934
437,0.055889416
438,0.28079516
439,0.48431227
440,0.086842835
441,0.118018724
442,0.11109963
443,0.26984936
444,0.081162944
445,0.2662104
446,0.105210714
447,0.03338368
448,0.09526761
449,0.11521894
450,0.10588653
451,0.042856973
452,0.027404739
453,0.29702145
454,0.3127861
455,0.15464613
456,0.06648116
457,0.029659567
458,0.23025337
459,0.07829098
460,0.28739443
461,0.035993498
462,0.052662604
463,0.05006264
464,0.021344854
465,0.023216533
466,0.053454757
467,0.053851258
468,0.2661886
469,0.77529424
470,0.42600235
471,0.37316406
472,0.13363646
473,0.1626053
474,0.27022895
475,0.48691458
476,0.12532122
477,0.03352346
478,0.045371916
479,0.036918223
480,0.24839267
481,0.15074345
482,0.0863883
483,0.28776163
484,0.27238053
485,0.26428685
486,0.8703592
487,0.14376646
488,0.020454537
489,0.13871917
490,0.269328
491,0.024110643
492,0.05466951
493,0.34491098
494,0.006689007
495,0.07004635
496,0.04494116
497,0.044726558
498,0.057393238
499,0.2565704
500,0.3052924
501,0.45328784
502,0.49533734
503,0.43149588
504,0.15737401
505,0.15101731
506,0.27096978
507,0.016540756
508,0.027284402
509,0.16269112
510,0.08691538
511,0.051571615
512,0.15697446
513,0.18252842
514,0.52051914
515,0.18356793
516,0.006079014
517,0.08121348
518,0.11908755
519,0.07905779
520,0.046857808
521,0.012896211
522,0.01065228
523,0.016622547
524,0.03412928
525,0.06752239
526,0.09170305
527,0.10963983
528,0.14608906
529,0.4420542
530,0.73022467
531,0.40830407
532,0.40165693
533,0.59118915
534,0.13811725
535,0.020359678
536,0.076710485
537,0.06314916
538,0.15376437
539,0.17736651
540,0.080173954
541,0.028322442
542,0.059872907
543,0.13873164
544,0.019848133
545,0.0067548007
546,0.05004725
547,0.103698015
548,0.02355969
549,0.018799374
550,0.044820976
551,0.021412177
552,0.012463017
553,0.040450577
554,0.08487018
555,0.0637654
556,0.108153224
557,0.2681057
558,0.43532714
559,0.27783895
560,0.81097454
561,0.64657277
562,0.3257063
563,0.120232284
564,0.04828633
565,0.02170957
566,0.05867912
567,0.11991275
568,0.019296486
569,0.034898754
570,0.42181033
571,0.050481416
572,0.021401474
573,0.06582614
574,0.049257144
575,0.108702786
576,0.043443654
577,0.05164154
578,0.020961395
579,0.047961332
580,0.021850072
581,0.018776167
582,0.03916038
583,0.090312704
584,0.13309848
585,0.52764714
586,0.30130833
587,0.24723482
588,0.6931356
589,0.40211168
590,0.5286374
591,0.15013586
592,0.044385478
593,0.029503815
594,0.04022953
595,0.0543722
596,0.05444292
597,0.04164545
598,0.05511991
599,0.45156613
600,0.09107794
601,0.2710693
602,0.033439282
603,0.10244929
604,0.13228285
605,0.12850122
606,0.27240613
607,0.045998894
608,0.030598477
609,0.051596265
610,0.15030743
611,0.5976466
612,0.18934454
613,0.30242184
614,0.15515634
615,0.27816358
616,0.16589096
617,0.11066107
618,0.03344962
619,0.042757217
620,0.030269636
621,0.12938479
622,0.2544382
623,0.051610544
624,0.2878845
625,0.028843446
626,0.07387389
627,0.19708014
628,0.047235228
629,0.014827673
630,0.12219383
631,0.16941763
632,0.037533358
633,0.25454757
634,0.27147904
635,0.08417882
636,0.11291253
637,0.031884246
638,0.093480356
639,0.08170304
640,0.042004976
641,0.13044631
642,0.23913491
643,0.042237177
644,0.026491214
645,0.010601279
646,0.12836644
647,0.012811703
648,0.018286746
649,0.09170075
650,0.037831254
651,0.03956826
652,0.1578443
653,0.05065101
654,0.056904897
655,0.012045406
656,0.05189311
657,0.1562681
658,0.42637607
659,0.5397858
660,0.05989718
661,0.021335702
662,0.020042913
663,0.030515414
664,0.05445277
665,0.017397642
666,0.06674203
667,0.16449068
668,0.016558329
669,0.029165266
670,0.018147253
671,0.0171182
672,0.09095153
673,0.10568753
674,0.2864856
675,0.016768144
676,0.020118797
677,0.040316198
678,0.09254222
679,0.110203706
680,0.27615646
681,0.0853819
682,0.014644094
683,0.011934673
684,0.1177033
685,0.04227176
686,0.018557236
687,0.0818182
688,0.14260712
689,0.057631157
690,0.019469084
691,0.0107253445
692,0.27818364
693,0.018112926
694,0.03154842
695,0.257345
696,0.0706051
697,0.0521987
698,0.024552641
699,0.036693554
700,0.07913652
701,0.29727754
702,0.042253144
703,0.020471305
704,0.034603477
705,0.046077188
706,0.06691583
707,0.15381652
708,0.065388225
709,0.17282452
710,0.09569122
711,0.032958083
712,0.048573047
713,0.048547313
714,0.037641857
715,0.15487148
716,0.01789752
717,0.017156057
718,0.111748375
719,0.02440282
720,0.11457535
721,0.05677372
722,0.012297139
723,0.27361077
724,0.7923891
725,0.24460536
726,0.10997254
727,0.09570076
728,0.04583852
729,0.110901386
730,0.09586337
731,0.12312323
732,0.86204183
733,0.080952525
734,0.01751948
735,0.086198635
736,0.079488575
737,0.04711921
738,0.13797553
739,0.5003006
740,0.080414556
741,0.12793718
742,0.025394564
743,0.038727228
744,0.026689935
745,0.112993985
746,0.036937643
747,0.00716433
748,0.028306812
749,0.06556806
750,0.053076554
751,0.018921643
752,0.06051059
753,0.019157723
754,0.15869863
755,0.045675628
756,0.046538044
757,0.018165259
758,0.03703933
759,0.08176174
760,0.11712144
761,0.022843495
762,0.05590464
763,0.5719915
764,0.05616313
765,0.11141869
766,0.0435063
767,0.056467757
768,0.055842455
769,0.18277974
770,0.038384095
771,0.01704316
772,0.012251014
773,0.05196436
774,0.11349014
775,0.021443678
776,0.23666272
777,0.044541568
778,0.026250172
779,0.05439285
780,0.29301524
781,0.031041268
782,0.022145484
783,0.023384703
784,0.056072924
785,0.038697243
786,0.26517197
787,0.07714145
788,0.0061177113
789,0.019952146
790,0.061901905
791,0.15660876
792,0.10002423
793,0.07975589
794,0.06858712
795,0.030546328
796,0.055945385
797,0.05721839
798,0.27590898
799,0.12180858
800,0.010201483
801,0.036099408
802,0.018508557
803,0.013400842
804,0.018189633
805,0.014875164
806,0.02181652
807,0.010949833
808,0.017623758
809,0.020645827
810,0.017915122
811,0.025015099
812,0.052850988
813,0.058466095
814,0.12254731
815,0.0065273577
816,0.01005887
817,0.116556674
818,0.14024709
819,0.038952414
820,0.032286696
821,0.012584662
822,0.021200188
823,0.028018905
824,0.0077143214
825,0.018334415
826,0.006185003
827,0.016331311
828,0.009319555
829,0.0059081255
830,0.060081765
831,0.03851052
832,0.017178327
833,0.017951306
834,0.0101516
835,0.01549701
836,0.010323156
837,0.08905803
838,0.03430887
839,0.053141087
840,0.00997184
841,0.033430237
842,0.014005557
843,0.100859255
844,0.014147505
845,0.013893143
846,0.013465921
847,0.12434606
848,0.05924679
849,0.0634689
850,0.062336504
851,0.008603214
852,0.088551804
853,0.026556524
854,0.014012288
855,0.079506
856,0.07005783
857,0.12796588
858,0.031462014
859,0.038487792
860,0.032982577
861,0.028744088
862,0.01490995
863,0.016998695
864,0.0135554895
865,0.012634696
866,0.035269342
867,0.013229659
868,0.057965923
869,0.06599624
870,0.030130826
871,0.14813843
872,0.02116445
873,0.024374405
874,0.016698759
875,0.015715586
876,0.020497985
877,0.055142872
878,0.022676604
879,0.017006487
880,0.03281976
881,0.010458887
882,0.011579036
883,0.085773245
884,0.1278955
885,0.020031182
886,0.094855465
887,0.017589431
888,0.03783817
889,0.030697368
890,0.045035347
891,0.028130302
892,0.046775218
893,0.015439026
894,0.031086966
895,0.03187159
896,0.037169565
897,0.07752378
898,0.03401261
899,0.065286845
900,0.045841295
901,0.121523924
902,0.21258248
903,0.020843672
904,0.034917023
905,0.117849626
906,0.044708647
907,0.3694016
908,0.055326007
909,0.11544106
910,0.043642078
911,0.011255787
912,0.015924502
913,0.22681436
914,0.030482952
915,0.3443438
916,0.10999033
917,0.037869923
918,0.10137494
919,0.042125892
920,0.028691754
921,0.04666796
922,0.018586855
923,0.016100293
924,0.08942704
925,0.08337474
926,0.15793027
927,0.38184965
928,0.033429354
929,0.036344346
930,0.027658863
931,0.088239335
932,0.12300377
933,0.020161634
934,0.04699593
935,0.039811444
936,0.05606115
937,0.057865467
938,0.39618558
939,0.07306706
940,0.09475706
941,0.29175228
942,0.07968159
943,0.33990383
944,0.019818408
945,0.06502117
946,0.121538125
947,0.04542843
948,0.05253949
949,0.043935526
950,0.042774733
951,0.065036915
952,0.08424521
953,0.050211847
954,0.034787696
955,0.043703023
956,0.27305284
957,0.04516372
958,0.032566335
959,0.056047417
960,0.05348991
961,0.069095664
962,0.03160238
963,0.04417978
964,0.040011603
965,0.06832976
966,0.030060008
967,0.043381065
968,0.11347238
969,0.11829205
970,0.017955512
971,0.0049892017
972,0.020009506
973,0.17367977
974,0.21660548
975,0.014105023
976,0.053316668
977,0.14001662
978,0.27255735
979,0.083262876
980,0.05585368
981,0.02227053
982,0.020762498
983,0.007038721
984,0.046295125
985,0.012810099
986,0.07469004
987,0.22401176
988,0.2604902
989,0.022868471
990,0.044329442
991,0.011474046
992,0.009135103
993,0.029303163
994,0.037349395
995,0.17497717
996,0.01512582
997,0.051334776
998,0.03707106
999,0.028348505
1000,0.1029733
1001,0.39282167
1002,0.008627572
1003,0.06082352
1004,0.022919273
1005,0.02274566
1006,0.053017657
1007,0.0699482
1008,0.03198663
1009,0.11219459
1010,0.14982991
1011,0.09960208
1012,0.11759106
1013,0.06982575
1014,0.009462922
1015,0.03944747
1016,0.037759278
1017,0.047435004
1018,0.0052108793
1019,0.09248114
1020,0.056620687
1021,0.23863982
1022,0.020718466
1023,0.050018948
1024,0.0417114
1025,0.024920933
1026,0.02281368
1027,0.03102569
1028,0.052493434
1029,0.024891129
1030,0.08102858
1031,0.14521036
1032,0.27966067
1033,0.0447975
1034,0.04910543
1035,0.044460483
1036,0.09846974
1037,0.05169028
1038,0.020084133
1039,0.069428906
1040,0.01763068
1041,0.030812507
1042,0.11077553
1043,0.037191592
1044,0.031513665
1045,0.03967202
1046,0.06947429
1047,0.078011274
1048,0.26972386
1049,0.24362572
1050,0.24081668
1051,0.07249717
1052,0.055431236
1053,0.023612581
1054,0.05807698
1055,0.058994677
1056,0.1163805
1057,0.05294342
1058,0.55720073
1059,0.12475737
1060,0.01479037
1061,0.121954255
1062,0.05791138
1063,0.047860596
1064,0.021680074
1065,0.019924777
1066,0.012549503
1067,0.06409639
1068,0.03265046
1069,0.012779535
1070,0.027293349
1071,0.027662387
1072,0.10085267
1073,0.05455722
1074,0.09454676
1075,0.085109495
1076,0.12443957
1077,0.16034645
1078,0.29197335
1079,0.06469867
1080,0.030319586
1081,0.08642197
1082,0.020860707
1083,0.04661616
1084,0.028493859
1085,0.08078409
1086,0.05959396
1087,0.13043214
1088,0.03869341
1089,0.10950668
1090,0.047430124
1091,0.065405585
1092,0.031125713
1093,0.021094363
1094,0.013800184
1095,0.12594764
1096,0.013274767
1097,0.032453906
1098,0.0718125
1099,0.038687598
1100,0.010861123
1101,0.012991422
1102,0.029216923
1103,0.045736875
1104,0.069920555
1105,0.08908558
1106,0.14230639
1107,0.11701728
1108,0.16198061
1109,0.17082436
1110,0.13310629
1111,0.016778167
1112,0.111403845
1113,0.013455976
1114,0.06446872
1115,0.009497114
1116,0.0439805
1117,0.08854015
1118,0.03471565
1119,0.025608834
1120,0.052245416
1121,0.041688073
1122,0.015089651
1123,0.052990664
1124,0.086158864
1125,0.034923512
1126,0.06295464
1127,0.021434313
1128,0.032804754
1129,0.08214036
1130,0.019905936
1131,0.041722987
1132,0.07371567
1133,0.072490804
1134,0.17501077
1135,0.5798269
1136,0.11236522
1137,0.12774816
1138,0.06785615
1139,0.07993352
1140,0.09096751
1141,0.10771717
1142,0.06796272
1143,0.010195774
1144,0.023383303
1145,0.27941597
1146,0.06952684
1147,0.08163537
1148,0.06584361
1149,0.081579424
1150,0.021759849
1151,0.029305963
1152,0.008925903
1153,0.027812162
1154,0.049139913
1155,0.25681254
1156,0.069059506
1157,0.05694215
1158,0.1248723
1159,0.5540122
1160,0.11036307
1161,0.022807559
1162,0.25384194
1163,0.06926959
1164,0.2724945
1165,0.271436
1166,0.08785873
1167,0.052875597
1168,0.038770307
1169,0.10440896
1170,0.27329543
1171,0.044933002
1172,0.27018175
1173,0.07594994
1174,0.09842796
1175,0.016821032
1176,0.011643683
1177,0.022703178
1178,0.028158346
1179,0.072107315
1180,0.08782505
1181,0.019727228
1182,0.13923429
1183,0.16054752
1184,0.13724507
1185,0.08865542
1186,0.031170212
1187,0.12734123
1188,0.28234586
1189,0.28060362
1190,0.07238134
1191,0.011768307
1192,0.061328072
1193,0.02419656
1194,0.059789855
1195,0.5736626
1196,0.045302566
1197,0.08068043
1198,0.28174937
1199,0.26731583
1200,0.019707397
1201,0.012936054
1202,0.05957916
1203,0.05995254
1204,0.16893974
1205,0.15584078
1206,0.106383614
1207,0.09900274
1208,0.27072203
1209,0.25554332
1210,0.18455411
1211,0.2866427
1212,0.4281686
1213,0.104064435
1214,0.021627845
1215,0.0558012
1216,0.072256565
1217,0.062162768
1218,0.18230602
1219,0.7952778
1220,0.0075041833
1221,0.053719383
1222,0.37616527
1223,0.018887453
1224,0.056518216
1225,0.29361287
1226,0.020040331
1227,0.019702327
1228,0.05995219
1229,0.096326254
1230,0.022510983
1231,0.05482248
1232,0.0068687145
1233,0.16624111
1234,0.052606918
1235,0.09485909
1236,0.15914801
1237,0.15670131
1238,0.27996325
1239,0.428225
1240,0.2876886
1241,0.032120574
1242,0.2604771
1243,0.23315988
1244,0.13332517
1245,0.8029084
1246,0.4696405
1247,0.2641855
1248,0.006658831
1249,0.02662403
1250,0.14228232
1251,0.0565876
1252,0.03437526
1253,0.022873184
1254,0.013837732
1255,0.07005533
1256,0.011771169
1257,0.030188993
1258,0.06778512
1259,0.10588644
1260,0.10987245
1261,0.1357174
1262,0.08711057
1263,0.16529268
1264,0.11352285
1265,0.029661145
1266,0.111769766
1267,0.28779313
1268,0.020417279
1269,0.05838827
1270,0.7351873
1271,0.68957126
1272,0.67614883
1273,0.0066759796
1274,0.03191292
1275,0.021332106
1276,0.09012249
1277,0.29574946
1278,0.08569043
1279,0.02119286
1280,0.06528892
1281,0.014045619
1282,0.06424046
1283,0.07227256
1284,0.05872239
1285,0.009945692
1286,0.28383824
1287,0.020848144
1288,0.038649675
1289,0.13796179
1290,0.12399268
1291,0.065932326
1292,0.054397896
1293,0.11969082
1294,0.08542001
1295,0.027009428
1296,0.13636562
1297,0.10476022
1298,0.11261015
1299,0.82549995
1300,0.819256
1301,0.6089042
1302,0.017699447
1303,0.06527619
1304,0.031431604
1305,0.24491666
1306,0.08004816
1307,0.17295906
1308,0.051170178
1309,0.09056913
1310,0.024724348
1311,0.09388881
1312,0.11855179
1313,0.26804602
1314,0.10329074
1315,0.51241267
1316,0.26998022
1317,0.156111
1318,0.15227021
1319,0.09272808
1320,0.069812655
1321,0.12661402
1322,0.050125826
1323,0.042402796
1324,0.02624402
1325,0.12635227
1326,0.12877254
1327,0.06501211
1328,0.080212
1329,0.02566169
1330,0.76968443
1331,0.9134545
1332,0.6573819
1333,0.040252727
1334,0.24618296
1335,0.25146362
1336,0.03159863
1337,0.022962803
1338,0.02494286
1339,0.050478216
1340,0.114624806
1341,0.0560127
1342,0.4164669
1343,0.5415122
1344,0.08251267
1345,0.12156513
1346,0.11058161
1347,0.17508721
1348,0.081506476
1349,0.28515613
1350,0.10623068
1351,0.034890074
1352,0.096120894
1353,0.1162746
1354,0.113570936
1355,0.04411358
1356,0.5043829
1357,0.3865785
1358,0.16293707
1359,0.06506276
1360,0.029287064
1361,0.12162005
1362,0.012526439
1363,0.07722575
1364,0.18455479
1365,0.034566455
1366,0.053211827
1367,0.05214684
1368,0.022401113
1369,0.024901895
1370,0.055379458
1371,0.05515205
1372,0.37149116
1373,0.7780007
1374,0.41905957
1375,0.28619784
1376,0.12203478
1377,0.1587432
1378,0.2717337
1379,0.5029594
1380,0.114820704
1381,0.031686652
1382,0.044724215
1383,0.038106438
1384,0.14696307
1385,0.26057655
1386,0.08596224
1387,0.2914528
1388,0.27194756
1389,0.2673802
1390,0.895178
1391,0.13517192
1392,0.021307062
1393,0.14014885
1394,0.1628961
1395,0.023667522
1396,0.05591057
1397,0.40870366
1398,0.074054495
1399,0.046362057
1400,0.04526062
1401,0.05887267
1402,0.1572421
1403,0.3202689
1404,0.2766549
1405,0.395017
1406,0.41588154
1407,0.16695285
1408,0.25613502
1409,0.27284685
1410,0.027334712
1411,0.16048911
1412,0.08602406
1413,0.050678957
1414,0.26288173
1415,0.27126226
1416,0.05787499
1417,0.55641204
1418,0.27591306
1419,0.0062337485
1420,0.080443084
1421,0.11688734
1422,0.079538025
1423,0.04473651
1424,0.014972415
1425,0.011727948
1426,0.017053105
1427,0.03378756
1428,0.06793928
1429,0.09412059
1430,0.11325875
1431,0.14829107
1432,0.4370791
1433,0.72341067
1434,0.4327495
1435,0.41687486
1436,0.525652
1437,0.11276554
1438,0.021391284
1439,0.07515287
1440,0.07004018
1441,0.14838234
1442,0.16895568
1443,0.08164848
1444,0.032250665
1445,0.058717266
1446,0.1349901
1447,0.022894263
1448,0.048495676
1449,0.10240507
1450,0.020241397
1451,0.045754142
1452,0.020464648
1453,0.023214621
1454,0.014303853
1455,0.03914739
1456,0.08080949
1457,0.06215282
1458,0.10558217
1459,0.26814145
1460,0.28994456
1461,0.26062286
1462,0.82335716
1463,0.6716146
1464,0.44837877
1465,0.121213645
1466,0.04876027
1467,0.021835549
1468,0.05977841
1469,0.11487603
1470,0.019354198
1471,0.03726527
1472,0.41735506
1473,0.052006725
1474,0.018014261
1475,0.067748085
1476,0.050137997
1477,0.10638639
1478,0.045337047
1479,0.052239068
1480,0.01928718
1481,0.044161532
1482,0.03883493
1483,0.09439382
1484,0.12161321
1485,0.55410635
1486,0.41517612
1487,0.25536194
1488,0.70501375
1489,0.31640035
1490,0.5151149
1491,0.13814913
1492,0.04642907
1493,0.032991655
1494,0.04007401
1495,0.052357845
1496,0.054312937
1497,0.04187287
1498,0.05517597
1499,0.33787057
1500,0.093338914
1501,0.36554462
1502,0.032674544
1503,0.10266363
1504,0.12912789
1505,0.13438472
1506,0.16544956
1507,0.044645958
1508,0.05333181
1509,0.25840998
1510,0.55493253
1511,0.46246117
1512,0.6240676
1513,0.15878741
1514,0.44282758
1515,0.16223468
1516,0.10487201
1517,0.023293015
1518,0.04543031
1519,0.030757137
1520,0.13466488
1521,0.25507116
1522,0.056555074
1523,0.28375947
1524,0.030746551
1525,0.07468772
1526,0.19139408
1527,0.044948015
1528,0.013766486
1529,0.12165946
1530,0.14956956
1531,0.035269935
1532,0.25490066
1533,0.16999489
1534,0.093302555
1535,0.11288573
1536,0.035490956
1537,0.09166799
1538,0.081277676
1539,0.046759754
1540,0.13165523
1541,0.2385088
1542,0.044122048
1543,0.027933031
1544,0.1252965
1545,0.013479342
1546,0.011389426
1547,0.09261041
1548,0.040510233
1549,0.040855043
1550,0.14567082
1551,0.04747703
1552,0.056647945
1553,0.008684297
1554,0.04992649
1555,0.16264014
1556,0.43655857
1557,0.29814786
1558,0.06628789
1559,0.020644153
1560,0.05656504
1561,0.016620183
1562,0.068504296
1563,0.1638833
1564,0.01702537
1565,0.029099628
1566,0.018259332
1567,0.0350356
1568,0.028062252
1569,0.09224601
1570,0.10813965
1571,0.28500733
1572,0.01330784
1573,0.01857178
1574,0.041059338
1575,0.092432484
1576,0.119185686
1577,0.27780023
1578,0.08714819
1579,0.016051738
1580,0.013275438
1581,0.12286462
1582,0.040157437
1583,0.018967092
1584,0.08459354
1585,0.14355569
1586,0.059257396
1587,0.0148087535
1588,0.012241467
1589,0.22276485
1590,0.0128886495
1591,0.01926316
1592,0.030164134
1593,0.14767268
1594,0.07474596
1595,0.05134694
1596,0.022828756
1597,0.03837995
1598,0.07940849
1599,0.29430667
1600,0.042270046
1601,0.01456074
1602,0.03584517
1603,0.047469202
1604,0.07166255
1605,0.1516876
1606,0.06892686
1607,0.16865614
1608,0.09648411
1609,0.03303967
1610,0.017277606
1611,0.051429134
1612,0.047742136
1613,0.25894603
1614,0.018630259
1615,0.018519288
1616,0.1220509
1617,0.025607152
1618,0.108227804
1619,0.05926828
1620,0.009075927
1621,0.01579735
1622,0.2747826
1623,0.9060626
1624,0.16348946
1625,0.11517221
1626,0.08999593
1627,0.047780644
1628,0.042610064
1629,0.1170008
1630,0.09404773
1631,0.10287654
1632,0.9753413
1633,0.07880261
1634,0.01864647
1635,0.09264016
1636,0.08449369
1637,0.04492682
1638,0.14237238
1639,0.5623252
1640,0.07953358
1641,0.12474408
1642,0.025407959
1643,0.019012537
1644,0.03918893
1645,0.028400702
1646,0.10201165
1647,0.038434103
1648,0.029284712
1649,0.06837712
1650,0.06139087
1651,0.03196947
1652,0.062582195
1653,0.017907549
1654,0.019120537
1655,0.18455383
1656,0.04445125
1657,0.017195666
1658,0.039587207
1659,0.08330984
1660,0.11477905
1661,0.022261566
1662,0.05581547
1663,0.5207004
1664,0.060919374
1665,0.11372021
1666,0.04258074
1667,0.057076145
1668,0.055392787
1669,0.01631388
1670,0.022296662
1671,0.2807254
1672,0.03630099
1673,0.018498562
1674,0.052868523
1675,0.11653657
1676,0.023363689
1677,0.01208633
1678,0.24286422
1679,0.047158815
1680,0.028356053
1681,0.057990536
1682,0.43271178
1683,0.024509309
1684,0.009238545
1685,0.022288775
1686,0.015795417
1687,0.05788627
1688,0.009344096
1689,0.039772257
1690,0.17607921
1691,0.07475539
1692,0.006407628
1693,0.017638572
1694,0.01911181
1695,0.06531956
1696,0.254377
1697,0.09821944
1698,0.074498124
1699,0.07139628
1700,0.031883102
1701,0.0569621
1702,0.019892173
1703,0.05452565
1704,0.27477506
1705,0.12162741
1706,0.010499973
1707,0.036151268
1708,0.017090825
1709,0.014623335
1710,0.018190093
1711,0.015326076
1712,0.023294494
1713,0.010616434
1714,0.018018568
1715,0.025149532
1716,0.055921383
1717,0.053175032
1718,0.12245468
1719,0.0068814103
1720,0.011535941
1721,0.12546267
1722,0.010539172
1723,0.13975668
1724,0.013993528
1725,0.031493682
1726,0.024265304
1727,0.0249764
1728,0.008932655
1729,0.023924345
1730,0.015595442
1731,0.008316448
1732,0.008166743
1733,0.060405616
1734,0.038926188
1735,0.018329563
1736,0.05010189
1737,0.017398736
1738,0.008245279
1739,0.01762789
1740,0.0102423085
1741,0.0962115
1742,0.036372107
1743,0.05349032
1744,0.011066771
1745,0.013470965
1746,0.03327951
1747,0.008587706
1748,0.013206864
1749,0.0191183
1750,0.10008089
1751,0.015675858
1752,0.013896372
1753,0.012722095
1754,0.13245949
1755,0.059509534
1756,0.058340896
1757,0.060721543
1758,0.0074881576
1759,0.09264563
1760,0.033531494
1761,0.015358136
1762,0.07639551
1763,0.02194287
1764,0.067018166
1765,0.12325298
1766,0.021131296
1767,0.031692147
1768,0.040642362
1769,0.030731052
1770,0.028367436
1771,0.009057764
1772,0.0151495915
1773,0.014934079
1774,0.010507752
1775,0.008705957
1776,0.039723992
1777,0.014162851
1778,0.014280652
1779,0.06594758
1780,0.06359027
1781,0.030973703
1782,0.007533914
1783,0.1510061
1784,0.024514046
1785,0.017514313
1786,0.02980984
1787,0.008553403
1788,0.020917952
1789,0.059247747
1790,0.023418691
1791,0.016339289
1792,0.035448447
1793,0.03841443
1794,0.01134437
1795,0.033736747
1796,0.08449205
1797,0.13314252
1798,0.008425011
1799,0.02093444
1800,0.09284467
1801,0.02192283
1802,0.0339825
1803,0.032056037
1804,0.025601162
1805,0.035056412
1806,0.050737124
1807,0.0145613635
1808,0.0331295
1809,0.040754285
1810,0.036237177
1811,0.0748249
1812,0.03875412
1813,0.028358867
1814,0.04902497
1815,0.03521961
1816,0.24957925
1817,0.22001235
1818,0.13706693
1819,0.048151948
1820,0.16089901
1821,0.04779456
1822,0.11419139
1823,0.046325706
1824,0.018277066
1825,0.03688252
1826,0.0862166
1827,0.029506098
1828,0.4823855
1829,0.10764379
1830,0.040012855
1831,0.10593284
1832,0.040153515
1833,0.0072252317
1834,0.008232722
1835,0.028792782
1836,0.046411768
1837,0.03351904
1838,0.020811275
1839,0.016904974
1840,0.08337927
1841,0.08825551
1842,0.28282827
1843,0.47070765
1844,0.04358304
1845,0.07918746
1846,0.12018568
1847,0.010224967
1848,0.008200337
1849,0.050764427
1850,0.05741709
1851,0.059252102
1852,0.33270183
1853,0.08209058
1854,0.104559615
1855,0.21867934
1856,0.07575916
1857,0.30492142
1858,0.021834515
1859,0.062770896
1860,0.115741976
1861,0.04313295
1862,0.052841816
1863,0.043809265
1864,0.044232853
1865,0.026853427
1866,0.07157203
1867,0.077830784
1868,0.06067259
1869,0.043182194
1870,0.27975684
1871,0.044025987
1872,0.056368254
1873,0.048454925
1874,0.07174679
1875,0.031545933
1876,0.04244599
1877,0.034491938
1878,0.028812239
1879,0.11217821
1880,0.038304064
1881,0.11958966
1882,0.065075524
1883,0.045457512
1884,0.017051127
1885,0.19847909
1886,0.10285586
1887,0.051097315
1888,0.13984239
1889,0.30931658
1890,0.0064465962
1891,0.08446418
1892,0.054118432
1893,0.02452892
1894,0.021094542
1895,0.04610157
1896,0.0067202384
1897,0.058208294
1898,0.07344562
1899,0.12680234
1900,0.27943358
1901,0.018363643
1902,0.023928313
1903,0.041857444
1904,0.029257048
1905,0.03923679
1906,0.1729031
1907,0.022871424
1908,0.052751046
1909,0.038027324
1910,0.036827058
1911,0.098410614
1912,0.40125063
1913,0.063232
1914,0.021283053
1915,0.024730181
1916,0.051603783
1917,0.06406832
1918,0.03135351
1919,0.11235357
1920,0.15851545
1921,0.10267769
1922,0.1174535
1923,0.07296828
1924,0.0062657623
1925,0.041827038
1926,0.038808297
1927,0.04669907
1928,0.092975676
1929,0.051913332
1930,0.23706743
1931,0.014281192
1932,0.048906345
1933,0.042666417
1934,0.023238655
1935,0.022884328
1936,0.028964367
1937,0.055156007
1938,0.026714155
1939,0.08161369
1940,0.1891293
1941,0.40736207
1942,0.04333329
1943,0.050101213
1944,0.043968588
1945,0.10192183
1946,0.05529969
1947,0.019016318
1948,0.068299815
1949,0.019921396
1950,0.031366784
1951,0.12804434
1952,0.036250304
1953,0.032161947
1954,0.039862167
1955,0.07278943
1956,0.07778084
1957,0.2674297
1958,0.13501434
1959,0.14609595
1960,0.07527969
1961,0.05518037
1962,0.023441488
1963,0.061144665
1964,0.05689712
1965,0.12520668
1966,0.053889893
1967,0.5607556
1968,0.2456
1969,0.023301253
1970,0.11440124
1971,0.057566304
1972,0.047163185
1973,0.021840572
1974,0.020258535
1975,0.011001496
1976,0.063924685
1977,0.03015688
1978,0.027526468
1979,0.027157983
1980,0.098645456
1981,0.05129377
1982,0.09681482
1983,0.0783208
1984,0.12457198
1985,0.24536048
1986,0.27474624
1987,0.07728693
1988,0.03230119
1989,0.089863025
1990,0.02245157
1991,0.0077558686
1992,0.028120084
1993,0.084662996
1994,0.061984755
1995,0.12784058
1996,0.04597228
1997,0.10976542
1998,0.04631816
1999,0.0636663
2000,0.03516908
2001,0.0173533
2002,0.021304041
2003,0.12430117
2004,0.012267167
2005,0.07259472
2006,0.03749492
2007,0.010371927
2008,0.028910058
2009,0.051536404
2010,0.06920715
2011,0.0886633
2012,0.14157857
2013,0.11271385
2014,0.2751066
2015,0.15234533
2016,0.13141477
2017,0.015819615
2018,0.11100689
2019,0.014282774
2020,0.06096132
2021,0.04498423
2022,0.09200325
2023,0.034606732
2024,0.024770075
2025,0.05306896
2026,0.042250074
2027,0.015847761
2028,0.05586182
2029,0.080598906
2030,0.03470467
2031,0.06426923
2032,0.02275908
2033,0.029968508
2034,0.079342924
2035,0.020311741
2036,0.045958582
2037,0.073482685
2038,0.06857726
2039,0.1493022
2040,0.623166
2041,0.12077164
2042,0.13219813
2043,0.068204515
2044,0.08051852
2045,0.09327282
2046,0.10798348
2047,0.0688052
2048,0.011651198
2049,0.022668082
2050,0.39168382
2051,0.06804881
2052,0.08164965
2053,0.061722882
2054,0.08033714
2055,0.022000825
2056,0.02926705
2057,0.027064467
2058,0.053314675
2059,0.25108382
2060,0.071168475
2061,0.06260119
2062,0.11329311
2063,0.6008059
2064,0.1367512
2065,0.018391544
2066,0.128676
2067,0.066821374
2068,0.27583915
2069,0.27615735
2070,0.081751786
2071,0.054210365
2072,0.04124124
2073,0.103326544
2074,0.16269833
2075,0.046371147
2076,0.27341008
2077,0.07582711
2078,0.09856717
2079,0.01890216
2080,0.02348967
2081,0.028929349
2082,0.06797086
2083,0.08524182
2084,0.02283017
2085,0.13787009
2086,0.14808826
2087,0.12678605
2088,0.08964558
2089,0.033929646
2090,0.12290742
2091,0.17518999
2092,0.27759692
2093,0.07310235
2094,0.010962943
2095,0.06232992
2096,0.025706526
2097,0.059004784
2098,0.60160834
2099,0.04285599
2100,0.08223875
2101,0.28267863
2102,0.26934993
2103,0.020114766
2104,0.014894008
2105,0.014137072
2106,0.05496939
2107,0.06174264
2108,0.15120587
2109,0.16278094
2110,0.10280574
2111,0.10056196
2112,0.2713142
2113,0.14006145
2114,0.1519353
2115,0.1787168
2116,0.2788208
2117,0.10267104
2118,0.058049887
2119,0.0814371
2120,0.06414576
2121,0.17515202
2122,0.78099376
2123,0.010600133
2124,0.007860446
2125,0.051931
2126,0.38673165
2127,0.055899777
2128,0.28207237
2129,0.022325581
2130,0.059657536
2131,0.0937037
2132,0.02340287
2133,0.054162953
2134,0.20567793
2135,0.05379369
2136,0.09507252
2137,0.27047095
2138,0.1471314
2139,0.22061257
2140,0.30753604
2141,0.18733348
2142,0.030909281
2143,0.26746535
2144,0.117346026
2145,0.13234493
2146,0.79974574
2147,0.4078916
2148,0.26843432
2149,0.006741914
2150,0.029749345
2151,0.15092735
2152,0.019086868
2153,0.05368955
2154,0.030425517
2155,0.021170026
2156,0.017141161
2157,0.07343462
2158,0.00876555
2159,0.014041621
2160,0.03048269
2161,0.060942613
2162,0.10288741
2163,0.115101725
2164,0.12813969
2165,0.0872261
2166,0.26599345
2167,0.23898758
2168,0.031121217
2169,0.11137408
2170,0.27944118
2171,0.01949842
2172,0.06308455
2173,0.771305
2174,0.87741184
2175,0.62483364
2176,0.006790958
2177,0.029650949
2178,0.020482007
2179,0.08750446
2180,0.29153615
2181,0.08204634
2182,0.019862944
2183,0.014665111
2184,0.06160431
2185,0.07722816
2186,0.07068241
2187,0.014409013
2188,0.26757187
2189,0.020599525
2190,0.036508534
2191,0.13488756
2192,0.11786517
2193,0.0616618
2194,0.049145132
2195,0.119354405
2196,0.08851325
2197,0.0280524
2198,0.13677968
2199,0.10063259
2200,0.10775138
2201,0.7094105
2202,0.86288047
2203,0.55337054
2204,0.017956657
2205,0.06663433
2206,0.030128943
2207,0.012272787
2208,0.1431628
2209,0.08957889
2210,0.17556743
2211,0.05334195
2212,0.09374654
2213,0.023100154
2214,0.09445865
2215,0.12108172
2216,0.26267287
2217,0.102255315
2218,0.5714586
2219,0.27596498
2220,0.26658738
2221,0.14985158
2222,0.08766027
2223,0.06926055
2224,0.12545511
2225,0.05129034
2226,0.04217971
2227,0.025366824
2228,0.12890846
2229,0.12918037
2230,0.06353001
2231,0.07763926
2232,0.02557056
2233,0.7321894
2234,0.9795136
2235,0.6693879
2236,0.055039395
2237,0.03983629
2238,0.25436237
2239,0.15053886
2240,0.031923752
2241,0.010894635
2242,0.022336952
2243,0.024292903
2244,0.051372513
2245,0.109743655
2246,0.060118224
2247,0.4070146
2248,0.5770042
2249,0.080022864
2250,0.12203882
2251,0.10463798
2252,0.18128353
2253,0.0857496
2254,0.3389366
2255,0.108048536
2256,0.034524806
2257,0.08983667
2258,0.11521755
2259,0.109239064
2260,0.042384706
2261,0.024918355
2262,0.29906073
2263,0.42022467
2264,0.2731169
2265,0.06411909
2266,0.030048126
2267,0.1248491
2268,0.012227652
2269,0.07825135
2270,0.1904044
2271,0.037260868
2272,0.053494766
2273,0.05307942
2274,0.023568979
2275,0.026142744
2276,0.055532716
2277,0.055239648
2278,0.27438626
2279,0.7818117
2280,0.2827229
2281,0.2876211
2282,0.13339199
2283,0.27014884
2284,0.16207966
2285,0.5173698
2286,0.11566188
2287,0.028990276
2288,0.04421861
2289,0.035021856
2290,0.14980745
2291,0.147466
2292,0.08171107
2293,0.40015316
2294,0.4120938
2295,0.26222128
2296,0.88238716
2297,0.15689118
2298,0.021018775
2299,0.14058523
2300,0.1585608
2301,0.05608699
2302,0.37298685
2303,0.068345085
2304,0.04584421
2305,0.04679955
2306,0.057865787
2307,0.15287964
2308,0.39326304
2309,0.44415236
2310,0.50144297
2311,0.4257408
2312,0.16106607
2313,0.15158565
2314,0.27500767
2315,0.030014433
2316,0.15887812
2317,0.08611091
2318,0.057731256
2319,0.26036865
2320,0.26783997
2321,0.056761198
2322,0.560812
2323,0.27643308
2324,0.08648186
2325,0.11967675
2326,0.08458442
2327,0.043239236
2328,0.015237807
2329,0.010525826
2330,0.019205756
2331,0.036040347
2332,0.06888459
2333,0.0920373
2334,0.112380706
2335,0.14976427
2336,0.41706827
2337,0.9026604
2338,0.4603402
2339,0.27513054
2340,0.5530455
2341,0.112649105
2342,0.076418005
2343,0.065111555
2344,0.1505102
2345,0.17966379
2346,0.074873865
2347,0.029217217
2348,0.005894206
2349,0.061145745
2350,0.13450626
2351,0.052348178
2352,0.09533197
2353,0.018625394
2354,0.04291834
2355,0.023121197
2356,0.022434141
2357,0.010913919
2358,0.039145116
2359,0.08650329
2360,0.06471723
2361,0.101933934
2362,0.2713344
2363,0.28282258
2364,0.2337945
2365,0.7214851
2366,0.66290385
2367,0.4718458
2368,0.11867831
2369,0.04538268
2370,0.024090854
2371,0.057278458
2372,0.11444194
2373,0.019176096
2374,0.0122934645
2375,0.034545194
2376,0.50998706
2377,0.049889468
2378,0.020127643
2379,0.069046184
2380,0.05175431
2381,0.101769365
2382,0.04350751
2383,0.055255905
2384,0.04638278
2385,0.020066729
2386,0.022313854
2387,0.03935616
2388,0.0925435
2389,0.13194863
2390,0.51921374
2391,0.40306172
2392,0.14242786
2393,0.7109988
2394,0.42575204
2395,0.5244342
2396,0.14543124
2397,0.047996838
2398,0.03126276
2399,0.057271015
2400,0.053824477
2401,0.05645313
2402,0.4739449
2403,0.09244399
2404,0.28106233
2405,0.033291835
2406,0.10478689
2407,0.12533794
2408,0.12635623
2409,0.16217041
2410,0.047095597
2411,0.03311076
2412,0.048510786
2413,0.14983864
2414,0.5706309
2415,0.38396734
2416,0.5544601
2417,0.26386207
2418,0.42147413
2419,0.17506425
2420,0.10367341
2421,0.03362984
2422,0.015644416
2423,0.02469535
2424,0.013018416
2425,0.045362115
2426,0.03358597
2427,0.13726267
2428,0.1392788
2429,0.053824306
2430,0.28749156
2431,0.029342711
2432,0.076236255
2433,0.28202075
2434,0.047150116
2435,0.013590386
2436,0.012706848
2437,0.1250937
2438,0.15320872
2439,0.036207218
2440,0.246442
2441,0.16634479
2442,0.091877624
2443,0.11367473
2444,0.09362129
2445,0.085532166
2446,0.044216063
2447,0.1369069
2448,0.12516119
2449,0.04232869
2450,0.027754234
2451,0.010577886
2452,0.13020791
2453,0.012972238
2454,0.013177912
2455,0.09045767
2456,0.008609337
2457,0.039731525
2458,0.041500837
2459,0.15181823
2460,0.0482078
2461,0.059176933
2462,0.010593677
2463,0.05123724
2464,0.15963191
2465,0.45950046
2466,0.46177664
2467,0.06414236
2468,0.056276094
2469,0.01767969
2470,0.07054615
2471,0.17504926
2472,0.016230978
2473,0.030288605
2474,0.019718183
2475,0.03376564
2476,0.020976732
2477,0.0155586805
2478,0.029435597
2479,0.09122245
2480,0.10506468
2481,0.29722682
2482,0.01819401
2483,0.04053018
2484,0.09736347
2485,0.10664173
2486,0.27693468
2487,0.09335239
2488,0.016772684
2489,0.11839375
2490,0.018390585
2491,0.08726727
2492,0.26707026
2493,0.0572153
2494,0.013729909
2495,0.021249028
2496,0.01010115
2497,0.27930462
2498,0.030718362
2499,0.018392256
2500,0.03130804
2501,0.14967367
2502,0.075016245
2503,0.05145166
2504,0.024170138
2505,0.037927967
2506,0.08273365
2507,0.18793227
2508,0.037163984
2509,0.022464179
2510,0.035838787
2511,0.04573049
2512,0.070173636
2513,0.15991333
2514,0.06403914
2515,0.2748762
2516,0.10008566
2517,0.034555227
2518,0.05205592
2519,0.051621
2520,0.03408065
2521,0.1617972
2522,0.019776719
2523,0.018039482
2524,0.12494824
2525,0.02345575
2526,0.11983844
2527,0.05878113
2528,0.014101465
2529,0.27783132
2530,0.834937
2531,0.15361904
2532,0.103253454
2533,0.01899112
2534,0.095609374
2535,0.048960906
2536,0.046338223
2537,0.10890924
2538,0.091181
2539,0.105684415
2540,0.9124831
2541,0.078355424
2542,0.018155158
2543,0.089831695
2544,0.08392622
2545,0.019842917
2546,0.043121614
2547,0.14685753
2548,0.5519853
2549,0.07957631
2550,0.12661621
2551,0.028388394
2552,0.04148567
2553,0.029217497
2554,0.10322937
2555,0.040485583
2556,0.02775069
2557,0.005789142
2558,0.06792785
2559,0.05768641
2560,0.06450717
2561,0.019736884
2562,0.1445019
2563,0.046732467
2564,0.043396235
2565,0.01813046
2566,0.036881596
2567,0.08350566
2568,0.11379709
2569,0.023482604
2570,0.05538357
2571,0.509504
2572,0.059858054
2573,0.116102695
2574,0.049089488
2575,0.043506008
2576,0.057579663
2577,0.0582937
2578,0.017890317
2579,0.022798479
2580,0.2739936
2581,0.037259225
2582,0.018582199
2583,0.05482577
2584,0.11254668
2585,0.023754284
2586,0.011573188
2587,0.12151195
2588,0.044579335
2589,0.028848568
2590,0.054206133
2591,0.45892158
2592,0.023065373
2593,0.011354414
2594,0.022210829
2595,0.017487982
2596,0.056904763
2597,0.0107165035
2598,0.041421656
2599,0.15377256
2600,0.07546107
2601,0.018182693
2602,0.0662737
2603,0.15853278
2604,0.09708737
2605,0.076780915
2606,0.06636903
2607,0.055498272
2608,0.021390785
2609,0.055800743
2610,0.27865994
2611,0.12785882
2612,0.012389732
2613,0.036214024
2614,0.016070025
2615,0.014963602
2616,0.019457519
2617,0.0152011905
2618,0.023413073
2619,0.011126511
2620,0.01980604
2621,0.01880375
2622,0.024928644
2623,0.05320783
2624,0.054507878
2625,0.124799944
2626,0.011251961
2627,0.010322621
2628,0.123918176
2629,0.009529152
2630,0.15439928
2631,0.023512103
2632,0.0146896485
2633,0.03202944
2634,0.023682797
2635,0.029534502
2636,0.008182964
2637,0.033275723
2638,0.015790077
2639,0.017099254
2640,0.007419782
2641,0.061500065
2642,0.029493114
2643,0.039253548
2644,0.019798296
2645,0.05177854
2646,0.017619364
2647,0.017588655
2648,0.010611264
2649,0.0960613
2650,0.035733555
2651,0.055291448
2652,0.010570976
2653,0.012938808
2654,0.03315012
2655,0.10166653
2656,0.014794333
2657,0.011998208
2658,0.1193736
2659,0.06301321
2660,0.063825995
2661,0.01482445
2662,0.0067735105
2663,0.09040653
2664,0.029640116
2665,0.0144570805
2666,0.08223187
2667,0.021677986
2668,0.06760767
2669,0.12601976
2670,0.022544604
2671,0.028349092
2672,0.03075072
2673,0.040836655
2674,0.031818904
2675,0.028941894
2676,0.010796759
2677,0.0077639837
2678,0.01587948
2679,0.016448688
2680,0.013678292
2681,0.039235648
2682,0.013784342
2683,0.013600075
2684,0.06175076
2685,0.1465447
2686,0.021736203
2687,0.056710463
2688,0.024295598
2689,0.01816186
2690,0.034185868
2691,0.039681036
2692,0.016978206
2693,0.033803675
2694,0.07562917
2695,0.12282137
2696,0.021492233
2697,0.0939259
2698,0.03987703
2699,0.02094836
2700,0.03195121
2701,0.035481915
2702,0.051932503
2703,0.038928043
2704,0.08060135
2705,0.04119468
2706,0.08550527
2707,0.03515533
2708,0.04847466
2709,0.4282801
2710,0.28975075
2711,0.020366652
2712,0.02775576
2713,0.038796198
2714,0.14204437
2715,0.15626597
2716,0.06583263
2717,0.1088198
2718,0.047403708
2719,0.02824829
2720,0.056585066
2721,0.0142910965
2722,0.010792643
2723,0.23539488
2724,0.030753445
2725,0.4319509
2726,0.11991713
2727,0.038231358
2728,0.24357751
2729,0.04114848
2730,0.004527879
2731,0.029994393
2732,0.046970297
2733,0.035755914
2734,0.018663751
2735,0.01749265
2736,0.083690956
2737,0.11376273
2738,0.30160025
2739,0.4866309
2740,0.037964746
2741,0.049142003
2742,0.08877718
2743,0.13033636
2744,0.008465016
2745,0.049096208
2746,0.039999537
2747,0.059612013
2748,0.03243293
2749,0.27083874
2750,0.08712271
2751,0.39620483
2752,0.40014035
2753,0.08127982
2754,0.29096746
2755,0.0079427045
2756,0.019820597
2757,0.06442672
2758,0.22859156
2759,0.046113
2760,0.049604528
2761,0.042693675
2762,0.046444416
2763,0.007718957
2764,0.075113244
2765,0.07656916
2766,0.055973694
2767,0.04047773
2768,0.04779279
2769,0.35451165
2770,0.043397833
2771,0.031221308
2772,0.05816975
2773,0.07029494
2774,0.042838793
2775,0.035792734
2776,0.048854586
2777,0.13188106
2778,0.04488126
2779,0.24082915
2780,0.04261748
2781,0.025737181
2782,0.010818693
2783,0.4203517
2784,0.095386505
2785,0.05054591
2786,0.28029966
2787,0.27534753
2788,0.08243954
2789,0.054922264
2790,0.013314399
2791,0.019945987
2792,0.022675307
2793,0.020679709
2794,0.0065333513
2795,0.040776398
2796,0.0057014553
2797,0.0456652
2798,0.05954014
2799,0.0796035
2800,0.22427389
2801,0.2734139
2802,0.023460537
2803,0.043292053
2804,0.031001372
2805,0.03850612
2806,0.17785645
2807,0.050938014
2808,0.04073805
2809,0.03483601
2810,0.10779036
2811,0.43276843
2812,0.06273937
2813,0.021127874
2814,0.023789082
2815,0.051193982
2816,0.06728243
2817,0.032190375
2818,0.015762562
2819,0.11172473
2820,0.15869173
2821,0.09903325
2822,0.11585309
2823,0.074597575
2824,0.038311675
2825,0.035994362
2826,0.044729684
2827,0.09070501
2828,0.054786712
2829,0.11053548
2830,0.019523462
2831,0.047692526
2832,0.037693534
2833,0.024837429
2834,0.025480064
2835,0.030199535
2836,0.051642295
2837,0.019832633
2838,0.07938281
2839,0.25610337
2840,0.26389244
2841,0.044078376
2842,0.047760874
2843,0.043168474
2844,0.09697128
2845,0.056415442
2846,0.02037942
2847,0.0685463
2848,0.018828176
2849,0.03316889
2850,0.13052754
2851,0.033305604
2852,0.030969145
2853,0.03915582
2854,0.007157758
2855,0.06928167
2856,0.07840279
2857,0.2641171
2858,0.13779385
2859,0.23859066
2860,0.06932679
2861,0.052937355
2862,0.021416225
2863,0.056331523
2864,0.05580147
2865,0.10922101
2866,0.053543705
2867,0.592567
2868,0.12259451
2869,0.013321364
2870,0.119112775
2871,0.05755432
2872,0.046491463
2873,0.021114506
2874,0.06316215
2875,0.029573377
2876,0.012322065
2877,0.029303785
2878,0.024544703
2879,0.09726598
2880,0.05322245
2881,0.095847785
2882,0.081252016
2883,0.12674363
2884,0.24210168
2885,0.4092963
2886,0.07183511
2887,0.029094042
2888,0.08653406
2889,0.023276752
2890,0.04602683
2891,0.006347363
2892,0.02744846
2893,0.07903151
2894,0.06364358
2895,0.123939455
2896,0.04142361
2897,0.108359225
2898,0.044545237
2899,0.06258006
2900,0.03651701
2901,0.020534327
2902,0.018667372
2903,0.12165192
2904,0.010688231
2905,0.03358682
2906,0.07386261
2907,0.036480747
2908,0.01330161
2909,0.026735418
2910,0.046449415
2911,0.073525615
2912,0.08814542
2913,0.13803095
2914,0.10665661
2915,0.26708183
2916,0.13778901
2917,0.13749018
2918,0.015363166
2919,0.11384316
2920,0.061725035
2921,0.0447732
2922,0.08732695
2923,0.036573153
2924,0.05599167
2925,0.04320346
2926,0.05300532
2927,0.08018699
2928,0.035031453
2929,0.06606461
2930,0.023531465
2931,0.031645205
2932,0.018836735
2933,0.08127195
2934,0.019926848
2935,0.046722427
2936,0.069624126
2937,0.06928745
2938,0.15038839
2939,0.6118644
2940,0.112486616
2941,0.24603742
2942,0.06932645
2943,0.0788848
2944,0.09618858
2945,0.10901963
2946,0.06891681
2947,0.007582155
2948,0.009446414
2949,0.023325227
2950,0.2766495
2951,0.072571605
2952,0.07292328
2953,0.067154735
2954,0.07970437
2955,0.01922584
2956,0.029957665
2957,0.00814591
2958,0.02800953
2959,0.049197324
2960,0.2924208
2961,0.06988933
2962,0.058617234
2963,0.12817223
2964,0.5947345
2965,0.10920876
2966,0.01859584
2967,0.12552223
2968,0.065856
2969,0.2687425
2970,0.18107457
2971,0.08357259
2972,0.021870693
2973,0.052813046
2974,0.1015011
2975,0.26676235
2976,0.0447287
2977,0.26138464
2978,0.07910483
2979,0.095182456
2980,0.017811935
2981,0.0108857155
2982,0.021136831
2983,0.024247995
2984,0.069230534
2985,0.08679446
2986,0.019723333
2987,0.13470359
2988,0.257998
2989,0.13523176
2990,0.08498229
2991,0.032529257
2992,0.120109685
2993,0.17088503
2994,0.26077318
2995,0.073117
2996,0.01185266
2997,0.06072543
2998,0.02447628
2999,0.06277925
3000,0.5514072
3001,0.043311287
3002,0.09000572
3003,0.46355435
3004,0.26849234
3005,0.012567272
3006,0.014636367
3007,0.007795202
3008,0.056906868
3009,0.061776955
3010,0.15395018
3011,0.26068726
3012,0.10402869
3013,0.10785314
3014,0.25990492
3015,0.24492446
3016,0.15618518
3017,0.20752104
3018,0.27069938
3019,0.100606926
3020,0.0016320782
3021,0.023697462
3022,0.05389999
3023,0.078483805
3024,0.063022174
3025,0.17697941
3026,0.7968689
3027,0.0051816097
3028,0.051345598
3029,0.37634936
3030,0.019595781
3031,0.0547782
3032,0.26792538
3033,0.019362675
3034,0.06327445
3035,0.09426479
3036,0.020995162
3037,0.055522818
3038,0.17111441
3039,0.050953798
3040,0.09219
3041,0.16978538
3042,0.14588316
3043,0.22304422
3044,0.42479667
3045,0.18180974
3046,0.03142211
3047,0.26168025
3048,0.22679175
3049,0.131747
3050,0.8030098
3051,0.4051525
3052,0.2589816
3053,0.005466183
3054,0.027362734
3055,0.15011056
3056,0.016958294
3057,0.060000688
3058,0.022037202
3059,0.012943641
3060,0.07150578
3061,0.007887234
3062,0.011892139
3063,0.029751271
3064,0.06993754
3065,0.105382666
3066,0.11032377
3067,0.12466738
3068,0.0859666
3069,0.25732625
3070,0.11077299
3071,0.03240351
3072,0.110871494
3073,0.18652105
3074,0.019852478
3075,0.06237782
3076,0.85267216
3077,0.88075763
3078,0.5820782
3079,0.005712762
3080,0.031977717
3081,0.08522381
3082,0.29124045
3083,0.081638776
3084,0.06362743
3085,0.01563791
3086,0.061051194
3087,0.10955454
3088,0.06448262
3089,0.014420365
3090,0.26594314
3091,0.019475777
3092,0.038673308
3093,0.12694053
3094,0.1195152
3095,0.063268065
3096,0.05295311
3097,0.12616439
3098,0.17575073
3099,0.027083311
3100,0.13161138
3101,0.102255486
3102,0.1019314
3103,0.84087133
3104,0.92960584
3105,0.69348115
3106,0.018739488
3107,0.15980238
3108,0.01011969
3109,0.15840295
3110,0.084395975
3111,0.26205444
3112,0.050514325
3113,0.089869745
3114,0.025827546
3115,0.091502875
3116,0.11542927
3117,0.26022547
3118,0.117704235
3119,0.48231164
3120,0.25997037
3121,0.14840008
3122,0.15779431
3123,0.08835719
3124,0.07123528
3125,0.12495239
3126,0.049738288
3127,0.041164722
3128,0.1253415
3129,0.13438651
3130,0.06751969
3131,0.07278417
3132,0.93184584
3133,0.95503616
3134,0.8823738
3135,0.046466257
3136,0.04213938
3137,0.13446161
3138,0.011738016
3139,0.14249742
3140,0.0321564
3141,0.022417188
3142,0.027024616
3143,0.048447084
3144,0.11588818
3145,0.05504292
3146,0.42739987
3147,0.5723754
3148,0.080152884
3149,0.12040048
3150,0.11033524
3151,0.19342783
3152,0.082655266
3153,0.2566824
3154,0.104630746
3155,0.034261134
3156,0.09423039
3157,0.11689606
3158,0.102727436
3159,0.0436662
3160,0.2976075
3161,0.3911979
3162,0.26377836
3163,0.0620122
3164,0.029263694
3165,0.120025784
3166,0.011768449
3167,0.07773767
3168,0.17930107
3169,0.035959546
3170,0.052189063
3171,0.05107152
3172,0.021552194
3173,0.025295908
3174,0.05163272
3175,0.049660552
3176,0.26325014
3177,0.75379634
3178,0.26340544
3179,0.2850125
3180,0.12828426
3181,0.15655811
3182,0.16281398
3183,0.51959485
3184,0.11319042
3185,0.03193706
3186,0.043201387
3187,0.03582952
3188,0.14612782
3189,0.15558255
3190,0.08581683
3191,0.18777636
3192,0.40546784
3193,0.26016045
3194,0.9107833
3195,0.24450582
3196,0.018422376
3197,0.13732037
3198,0.16462424
3199,0.023577748
3200,0.055816494
3201,0.26218385
3202,0.06965817
3203,0.045198444
3204,0.043210156
3205,0.052711233
3206,0.24871145
3207,0.4481503
3208,0.28119546
3209,0.49931604
3210,0.27474904
3211,0.15378201
3212,0.1505894
3213,0.2645834
3214,0.016343018
3215,0.027721738
3216,0.15551637
3217,0.084955096
3218,0.05463048
3219,0.18360707
3220,0.25913778
3221,0.056183524
3222,0.49192783
3223,0.2699914
3224,0.07746433
3225,0.116590746
3226,0.080434546
3227,0.047087222
3228,0.01200341
3229,0.033263557
3230,0.06702323
3231,0.08935022
3232,0.10927206
3233,0.14714222
3234,0.28482962
3235,0.78845644
3236,0.33521765
3237,0.21072696
3238,0.5236889
3239,0.11102807
3240,0.07305005
3241,0.07097229
3242,0.14880845
3243,0.26202798
3244,0.08099077
3245,0.028892826
3246,0.063158415
3247,0.13152751
3248,0.10254208
3249,0.023364993
3250,0.01804099
3251,0.044747934
3252,0.02134225
3253,0.022339439
3254,0.013532373
3255,0.03728687
3256,0.07317644
3257,0.061193444
3258,0.10188825
3259,0.16420846
3260,0.28540358
3261,0.22659478
3262,0.82737076
3263,0.6883253
3264,0.27615848
3265,0.11188841
3266,0.04749414
3267,0.022068338
3268,0.057908453
3269,0.1117118
3270,0.019371534
3271,0.009236058
3272,0.03547795
3273,0.461512
3274,0.05175533
3275,0.021303363
3276,0.06652191
3277,0.050944578
3278,0.11162503
3279,0.043281216
3280,0.051154725
3281,0.02198634
3282,0.0481154
3283,0.01634017
3284,0.021280378
3285,0.03799488
3286,0.08670103
3287,0.12619092
3288,0.5090049
3289,0.40992856
3290,0.14713708
3291,0.78000414
3292,0.41836154
3293,0.47135428
3294,0.14158908
3295,0.044464476
3296,0.039480448
3297,0.05153939
3298,0.051876232
3299,0.043831486
3300,0.06002024
3301,0.39774182
3302,0.08762074
3303,0.2675491
3304,0.03404887
3305,0.103322424
3306,0.120295756
3307,0.13062237
3308,0.16565834
3309,0.04885992
3310,0.0322707
3311,0.010633976
3312,0.05027192
3313,0.13835172
3314,0.5465903
3315,0.48410335
3316,0.5661918
3317,0.15884374
3318,0.41181633
3319,0.15721196
3320,0.10884576
3321,0.035885084
3322,0.014847771
3323,0.025266938
3324,0.013223687
3325,0.042565927
3326,0.12766318
3327,0.13699155
3328,0.053394664
3329,0.19154768
3330,0.029552523
3331,0.074492544
3332,0.26954427
3333,0.04478898
3334,0.012720393
3335,0.013501878
3336,0.1218585
3337,0.15139236
3338,0.03478317
3339,0.1357823
3340,0.2627905
3341,0.089265846
3342,0.11516572
3343,0.03339156
3344,0.08859898
3345,0.08360503
3346,0.038851425
3347,0.12739311
3348,0.119796224
3349,0.04242935
3350,0.027119832
3351,0.011170206
3352,0.1261733
3353,0.012598385
3354,0.09090458
3355,0.039573308
3356,0.040614437
3357,0.23644662
3358,0.04776261
3359,0.05394583
3360,0.052746736
3361,0.1897326
3362,0.47532538
3363,0.52540344
3364,0.05810477
3365,0.01300668
3366,0.018063918
3367,0.029230544
3368,0.058847908
3369,0.07117806
3370,0.1365092
3371,0.016032862
3372,0.029476885
3373,0.019700333
3374,0.034009956
3375,0.02016667
3376,0.028040921
3377,0.088103175
3378,0.10854852
3379,0.28346407
3380,0.016425092
3381,0.021591308
3382,0.038850132
3383,0.09324371
3384,0.111091964
3385,0.2628183
3386,0.086516924
3387,0.015216841
3388,0.010584117
3389,0.12091558
3390,0.04017559
3391,0.01812313
3392,0.08076333
3393,0.14427419
3394,0.0572297
3395,0.019270241
3396,0.009669248
3397,0.26189235
3398,0.017808873
3399,0.031193659
3400,0.1487461
3401,0.07553078
3402,0.049496096
3403,0.0248691
3404,0.032807037
3405,0.081134975
3406,0.278813
3407,0.04053978
3408,0.024317773
3409,0.03894969
3410,0.045593806
3411,0.0672069
3412,0.16309345
3413,0.07023792
3414,0.17593567
3415,0.095902316
3416,0.032168582
3417,0.01640254
3418,0.052009933
3419,0.049375795
3420,0.033398535
3421,0.15451898
3422,0.01722775
3423,0.12435924
3424,0.020635547
3425,0.10706736
3426,0.057385765
3427,0.009340402
3428,0.012689489
3429,0.26650205
3430,0.8371472
3431,0.23701969
3432,0.115968004
3433,0.08971728
3434,0.04715515
3435,0.04671969
3436,0.10789208
3437,0.09495368
3438,0.13200003
3439,0.9176491
3440,0.080015995
3441,0.085833035
3442,0.079923235
3443,0.044141997
3444,0.14560229
3445,0.45992026
3446,0.07642382
3447,0.12995276
3448,0.025225354
3449,0.027533455
3450,0.104787506
3451,0.03355546
3452,0.028703023
3453,0.004934145
3454,0.069699325
3455,0.055430856
3456,0.059933364
3457,0.016139552
3458,0.020491906
3459,0.1592583
3460,0.044995602
3461,0.046094686
3462,0.036919758
3463,0.08172587
3464,0.1100559
3465,0.023092514
3466,0.056684945
3467,0.5972632
3468,0.060030498
3469,0.11309342
3470,0.046281908
3471,0.041668955
3472,0.05259682
3473,0.053833645
3474,0.01695154
3475,0.28565162
3476,0.03550825
3477,0.0042018713
3478,0.006697801
3479,0.01825291
3480,0.05254161
3481,0.11742723
3482,0.022548474
3483,0.12245649
3484,0.04430657
3485,0.05424508
3486,0.276438
3487,0.028978204
3488,0.022706913
3489,0.05822392
3490,0.00920274
3491,0.03796716
3492,0.15874986
3493,0.08046927
3494,0.006096312
3495,0.01730969
3496,0.018645272
3497,0.005993487
3498,0.0658839
3499,0.15689223
3500,0.09823221
3501,0.0755741
3502,0.069979705
3503,0.031596143
3504,0.057409454
3505,0.021124497
3506,0.059808515
3507,0.1730377
3508,0.11862398
3509,0.01037215
3510,0.035242774
3511,0.017934991
3512,0.019837826
3513,0.014675379
3514,0.023530278
3515,0.011624683
3516,0.009321172
3517,0.017850006
3518,0.017859772
3519,0.025335837
3520,0.053494573
3521,0.055088498
3522,0.1176673
3523,0.12291485
3524,0.15155551
3525,0.011670845
3526,0.029234178
3527,0.016812487
3528,0.025237883
3529,0.027061721
3530,0.006479717
3531,0.022128267
3532,0.033391
3533,0.014006995
3534,0.010767151
3535,0.060231652
3536,0.029939085
3537,0.0384166
3538,0.04904608
3539,0.017294662
3540,0.017745102
3541,0.09456922
3542,0.03453623
3543,0.051571652
3544,0.003978153
3545,0.034010123
3546,0.011904549
3547,0.019886987
3548,0.0999988
3549,0.015986886
3550,0.005035527
3551,0.011839479
3552,0.14164446
3553,0.062163033
3554,0.065729685
3555,0.06133307
3556,0.013544169
3557,0.087506324
3558,0.026459148
3559,0.013662511
3560,0.005359881
3561,0.081875734
3562,0.020488707
3563,0.06927467
3564,0.015409708
3565,0.122879185
3566,0.021360725
3567,0.030863086
3568,0.030224403
3569,0.030342368
3570,0.012917078
3571,0.016488414
3572,0.013856339
3573,0.009365829
3574,0.012301763
3575,0.03726053
3576,0.013542617
3577,0.061137863
3578,0.060931873
3579,0.14951187
3580,0.020832157
3581,0.024307454
3582,0.017896455
3583,0.020157557
3584,0.05448052
3585,0.022549719
3586,0.017128317
3587,0.032762554
3588,0.01689207
3589,0.03649557
3590,0.088474415
3591,0.1276888
3592,0.020236352
3593,0.089577794
3594,0.010004319
3595,0.03738766
3596,0.029658511
3597,0.03539713
3598,0.053009965
3599,0.030385159
3600,0.04275287
3601,0.035102125
3602,0.08100792
3603,0.044663426
3604,0.009946711
3605,0.036002122
3606,0.09183694
3607,0.034237523
3608,0.047612257
3609,0.13075528
3610,0.32533252
3611,0.018559994
3612,0.03869582
3613,0.33145946
3614,0.05091444
3615,0.25186467
3616,0.05275174
3617,0.24568939
3618,0.050422378
3619,0.027158502
3620,0.059008144
3621,0.019593617
3622,0.0117991185
3623,0.23727542
3624,0.033790186
3625,0.42575967
3626,0.11968152
3627,0.11308535
3628,0.045971822
3629,0.029423071
3630,0.04596324
3631,0.034430534
3632,0.020208357
3633,0.016305357
3634,0.084190406
3635,0.11672567
3636,0.2624802
3637,0.5132422
3638,0.04784179
3639,0.056395188
3640,0.08801277
3641,0.2487012
3642,0.008280431
3643,0.05714967
3644,0.040941488
3645,0.060515903
3646,0.06266726
3647,0.39934942
3648,0.09059788
3649,0.39422548
3650,0.26759598
3651,0.09203545
3652,0.38890132
3653,0.0074839327
3654,0.06433552
3655,0.2729686
3656,0.047774624
3657,0.050916977
3658,0.040818717
3659,0.04727754
3660,0.027668731
3661,0.078782305
3662,0.08270315
3663,0.057802
3664,0.034444116
3665,0.046839625
3666,0.2702266
3667,0.046235614
3668,0.031672873
3669,0.05957331
3670,0.055003945
3671,0.0732816
3672,0.032244135
3673,0.043817367
3674,0.043241523
3675,0.06905905
3676,0.029882578
3677,0.050361216
3678,0.13989826
3679,0.04322008
3680,0.2417449
3681,0.04671287
3682,0.011068305
3683,0.016482022
3684,0.018001948
3685,0.37565845
3686,0.10040145
3687,0.053195406
3688,0.24913776
3689,0.22966556
3690,0.006999873
3691,0.085844524
3692,0.059009958
3693,0.014113338
3694,0.021160813
3695,0.023793485
3696,0.019503955
3697,0.007588713
3698,0.047161076
3699,0.005427222
3700,0.047968313
3701,0.060538646
3702,0.07822966
3703,0.2282637
3704,0.27346376
3705,0.023243152
3706,0.04318291
3707,0.031457346
3708,0.03075146
3709,0.039575517
3710,0.17975192
3711,0.021987688
3712,0.05230022
3713,0.039679132
3714,0.11406471
3715,0.4285903
3716,0.062406812
3717,0.023152879
3718,0.04651059
3719,0.06450285
3720,0.029565506
3721,0.11191436
3722,0.15873702
3723,0.103758015
3724,0.11324287
3725,0.07342341
3726,0.03457961
3727,0.037329853
3728,0.038823266
3729,0.048253674
3730,0.09100979
3731,0.057058696
3732,0.23305689
3733,0.022610098
3734,0.05046082
3735,0.041940838
3736,0.026746623
3737,0.02552415
3738,0.029475179
3739,0.05412368
3740,0.020018268
3741,0.07976904
3742,0.13384224
3743,0.27010605
3744,0.046835456
3745,0.049283497
3746,0.042090084
3747,0.09927084
3748,0.059416175
3749,0.020918157
3750,0.07276539
3751,0.019044414
3752,0.031713907
3753,0.13708371
3754,0.03642954
3755,0.027330803
3756,0.03757827
3757,0.06968722
3758,0.08217062
3759,0.15401542
3760,0.13847739
3761,0.14146866
3762,0.07678247
3763,0.05339594
3764,0.024296267
3765,0.061295953
3766,0.05819449
3767,0.1142481
3768,0.05856894
3769,0.59361094
3770,0.13498186
3771,0.025462458
3772,0.015087151
3773,0.12263245
3774,0.05738712
3775,0.046951547
3776,0.022177909
3777,0.021310328
3778,0.063824415
3779,0.012626866
3780,0.025977926
3781,0.024341576
3782,0.10063394
3783,0.052016426
3784,0.09506116
3785,0.088546
3786,0.13459872
3787,0.2456678
3788,0.3899268
3789,0.07402919
3790,0.030065065
3791,0.08701042
3792,0.02327832
3793,0.04920165
3794,0.083316915
3795,0.06057328
3796,0.13188086
3797,0.045555916
3798,0.10715527
3799,0.047829147
3800,0.063277535
3801,0.021284575
3802,0.022036718
3803,0.12943383
3804,0.009548451
3805,0.0336658
3806,0.07441062
3807,0.012490464
3808,0.028670207
3809,0.045313153
3810,0.06981389
3811,0.08818612
3812,0.17102823
3813,0.10796017
3814,0.26521632
3815,0.14027667
3816,0.13040444
3817,0.016678762
3818,0.10898343
3819,0.06098828
3820,0.0466119
3821,0.090958826
3822,0.037474114
3823,0.024995374
3824,0.05581245
3825,0.041135207
3826,0.015423823
3827,0.05446693
3828,0.07755357
3829,0.038134657
3830,0.064529896
3831,0.02397483
3832,0.03213508
3833,0.0831282
3834,0.021814257
3835,0.04671178
3836,0.07113107
3837,0.07166238
3838,0.15324485
3839,0.5507861
3840,0.11294376
3841,0.12933874
3842,0.068982005
3843,0.07656256
3844,0.0922305
3845,0.11106792
3846,0.06628779
3847,0.009163881
3848,0.009196869
3849,0.023920648
3850,0.2678235
3851,0.07336368
3852,0.08281309
3853,0.06561674
3854,0.08229404
3855,0.021171622
3856,0.029411342
3857,0.009171506
3858,0.02777459
3859,0.05040383
3860,0.18224435
3861,0.06990597
3862,0.06508999
3863,0.1314517
3864,0.57614404
3865,0.12026041
3866,0.02080963
3867,0.24556388
3868,0.06870659
3869,0.18303186
3870,0.2636244
3871,0.08997617
3872,0.022077871
3873,0.05329732
3874,0.04467901
3875,0.100654334
3876,0.16154411
3877,0.046450675
3878,0.27035376
3879,0.08042796
3880,0.09394668
3881,0.016503252
3882,0.011179892
3883,0.026774837
3884,0.065062515
3885,0.09051471
3886,0.020663554
3887,0.13690062
3888,0.14522922
3889,0.14813428
3890,0.08597146
3891,0.032962315
3892,0.12722991
3893,0.17183791
3894,0.27275237
3895,0.07242844
3896,0.060130477
3897,0.06418492
3898,0.55927795
3899,0.04500242
3900,0.09911152
3901,0.2829348
3902,0.2691778
3903,0.014846236
3904,0.021034652
3905,0.014193777
3906,0.05860636
3907,0.06170294
3908,0.194399
3909,0.2654707
3910,0.10700469
3911,0.09768961
3912,0.26791117
3913,0.16250712
3914,0.15045038
3915,0.17503437
3916,0.24344514
3917,0.10113087
3918,0.023358205
3919,0.05486434
3920,0.07895002
3921,0.0631968
3922,0.27105144
3923,0.8965918
3924,0.005986773
3925,0.053035848
3926,0.37298325
3927,0.020336194
3928,0.05443965
3929,0.2781775
3930,0.018572973
3931,0.05873341
3932,0.09335789
3933,0.017779343
3934,0.054376353
3935,0.0066968654
3936,0.26808363
3937,0.04847169
3938,0.09197147
3939,0.18055926
3940,0.152535
3941,0.26637504
3942,0.42535034
3943,0.20048518
3944,0.0312983
3945,0.2579382
3946,0.1185438
3947,0.12799054
3948,0.8218122
3949,0.40794593
3950,0.26686698
3951,0.0061902693
3952,0.025364572
3953,0.15805945
3954,0.059474453
3955,0.03227937
3956,0.015532427
3957,0.019961061
3958,0.013689383
3959,0.07428352
3960,0.013266509
3961,0.031417783
3962,0.07224066
3963,0.107456475
3964,0.109396644
3965,0.13650984
3966,0.08966613
3967,0.25793582
3968,0.24680154
3969,0.032764733
3970,0.11610009
3971,0.2770268
3972,0.02086105
3973,0.06453512
3974,0.75665516
3975,0.8549841
3976,0.64962643
3977,0.031274352
3978,0.086417854
3979,0.29252443
3980,0.0832889
3981,0.06656912
3982,0.015046581
3983,0.06592124
3984,0.094773665
3985,0.06610445
3986,0.01462932
3987,0.27102926
3988,0.021316895
3989,0.037930153
3990,0.13475169
3991,0.122337036
3992,0.064095266
3993,0.053891566
3994,0.12519327
3995,0.17793222
3996,0.028765054
3997,0.13692048
3998,0.104682654
3999,0.10416445
4000,0.81271195
4001,0.8762387
4002,0.61723083
4003,0.019753601
4004,0.1613486
4005,0.032181483
4006,0.22806856
4007,0.08927633
4008,0.2714075
4009,0.050732367
4010,0.0870162
4011,0.027718745
4012,0.091531485
4013,0.13086863
4014,0.25061756
4015,0.11353948
4016,0.5035697
4017,0.25982362
4018,0.16621424
4019,0.15353948
4020,0.09073837
4021,0.07059847
4022,0.12621057
4023,0.050453268
4024,0.04255177
4025,0.026282316
4026,0.12476521
4027,0.23504245
4028,0.06913335
4029,0.08101617
4030,0.023132263
4031,0.8377414
4032,0.7587884
4033,0.8542255
4034,0.06691116
4035,0.04297508
4036,0.13514698
4037,0.013051021
4038,0.2013474
4039,0.032415338
4040,0.025680767
4041,0.024928207
4042,0.05000197
4043,0.113288954
4044,0.057429496
4045,0.38844392
4046,0.5838801
4047,0.085022636
4048,0.13696527
4049,0.10681967
4050,0.26035252
4051,0.07339944
4052,0.25638896
4053,0.10046854
4054,0.0322592
4055,0.09438833
4056,0.11372659
4057,0.11754142
4058,0.04624912
4059,0.48941597
4060,0.30589938
4061,0.15755223
4062,0.069570884
4063,0.031188872
4064,0.12478096
4065,0.07973181
4066,0.18561196
4067,0.037513867
4068,0.051617157
4069,0.05125615
4070,0.025596302
4071,0.05515155
4072,0.05156553
4073,0.271467
4074,0.75128144
4075,0.27107796
4076,0.27653968
4077,0.13730481
4078,0.16747999
4079,0.2617414
4080,0.5443378
4081,0.09294958
4082,0.035262633
4083,0.043458216
4084,0.03717203
4085,0.14514425
4086,0.15405828
4087,0.09155836
4088,0.29826245
4089,0.2673804
4090,0.15835594
4091,0.9089866
4092,0.14692794
4093,0.021622395
4094,0.14451253
4095,0.16730085
4096,0.02569695
4097,0.05749192
4098,0.13602082
4099,0.06855088
4100,0.047656503
4101,0.045337807
4102,0.05913787
4103,0.15882301
4104,0.39819118
4105,0.27292618
4106,0.4799176
4107,0.41571552
4108,0.16857806
4109,0.15024251
4110,0.402651
4111,0.015787927
4112,0.029315975
4113,0.16678692
4114,0.08563006
4115,0.05477468
4116,0.26878202
4117,0.26901543
4118,0.06016658
4119,0.5353205
4120,0.27241868
4121,0.082586914
4122,0.114449576
4123,0.08014848
4124,0.047700934
4125,0.014807896
4126,0.011035684
4127,0.017800007
4128,0.03523005
4129,0.06738529
4130,0.09282219
4131,0.11526263
4132,0.1442722
4133,0.40656185
4134,0.8490239
4135,0.4175086
4136,0.2682838
4137,0.6285327
4138,0.14993814
4139,0.07903541
4140,0.066822566
4141,0.15128943
4142,0.17671418
4143,0.08240863
4144,0.030739779
4145,0.062825255
4146,0.13747308
4147,0.020773605
4148,0.050110478
4149,0.101316355
4150,0.023210429
4151,0.04451269
4152,0.021489711
4153,0.014359259
4154,0.036047462
4155,0.080518566
4156,0.064837635
4157,0.09972271
4158,0.18822825
4159,0.1740942
4160,0.28429335
4161,0.78883576
4162,0.6390106
4163,0.3832276
4164,0.13369453
4165,0.006140223
4166,0.047044627
4167,0.022939699
4168,0.059678443
4169,0.11186792
4170,0.009089119
4171,0.035101604
4172,0.5690778
4173,0.05337055
4174,0.021368206
4175,0.07074666
4176,0.051189583
4177,0.103862576
4178,0.043876655
4179,0.05415928
4180,0.021603743
4181,0.039374646
4182,0.09654742
4183,0.12763365
4184,0.53946054
4185,0.40061405
4186,0.1471945
4187,0.8964737
4188,0.4431251
4189,0.4548527
4190,0.14191441
4191,0.048522327
4192,0.0341592
4193,0.040259354
4194,0.052308228
4195,0.05387922
4196,0.042256724
4197,0.059839785
4198,0.412655
4199,0.09180168
4200,0.33979633
4201,0.032704372
4202,0.107594304
4203,0.12693919
4204,0.13329075
4205,0.16312502
4206,0.049591236
4207,0.030545214
4208,0.011030851
4209,0.049970582
4210,0.15992914
4211,0.5393842
4212,0.1818029
4213,0.5405525
4214,0.15589835
4215,0.30040675
4216,0.15974742
4217,0.11109743
4218,0.034666304
4219,0.013105055
4220,0.025037276
4221,0.014305579
4222,0.04311092
4223,0.13672587
4224,0.13615246
4225,0.05775818
4226,0.1956622
4227,0.02986978
4228,0.077876374
4229,0.27623665
4230,0.04692973
4231,0.013156092
4232,0.013918497
4233,0.12717131
4234,0.1583658
4235,0.03571717
4236,0.14383589
4237,0.26601383
4238,0.089079395
4239,0.11298935
4240,0.033331446
4241,0.0894259
4242,0.082682185
4243,0.046344165
4244,0.12836108
4245,0.124952294
4246,0.043751583
4247,0.027881287
4248,0.010428887
4249,0.12378993
4250,0.014266307
4251,0.09281459
4252,0.039390754
4253,0.04285838
4254,0.14589931
4255,0.046794258
4256,0.05453618
4257,0.011769845
4258,0.053141408
4259,0.16548125
4260,0.29716334
4261,0.48508877
4262,0.06444523
4263,0.0123433685
4264,0.022064691
4265,0.02171415
4266,0.0301688
4267,0.057896305
4268,0.016973903
4269,0.072401986
4270,0.1720431
4271,0.015734714
4272,0.030092737
4273,0.019725759
4274,0.035266206
4275,0.022353133
4276,0.092951976
4277,0.10650023
4278,0.27957153
4279,0.017464831
4280,0.023676245
4281,0.03951507
4282,0.09115031
4283,0.11097774
4284,0.28038126
4285,0.089973986
4286,0.017214851
4287,0.1250399
4288,0.04380514
4289,0.019157657
4290,0.080541134
4291,0.14409912
4292,0.057732232
4293,0.011771878
4294,0.019861726
4295,0.011236382
4296,0.26387605
4297,0.030639905
4298,0.1558838
4299,0.075857066
4300,0.04970915
4301,0.026017906
4302,0.03493002
4303,0.09038289
4304,0.27548227
4305,0.038689297
4306,0.02310811
4307,0.038785253
4308,0.0471505
4309,0.066997856
4310,0.2724612
4311,0.07410485
4312,0.27260798
4313,0.09394647
4314,0.03316758
4315,0.05500084
4316,0.0497883
4317,0.035554066
4318,0.2630685
4319,0.018026091
4320,0.12743144
4321,0.022727558
4322,0.110016875
4323,0.056932136
4324,0.014456356
4325,0.27634373
4326,0.3643862
4327,0.14710356
4328,0.11014862
4329,0.09039566
4330,0.04949253
4331,0.044647064
4332,0.109630555
4333,0.09210444
4334,0.10914274
4335,0.91244817
4336,0.069961324
4337,0.086473346
4338,0.08013347
4339,0.043777443
4340,0.1463353
4341,0.4978007
4342,0.078715876
4343,0.13171668
4344,0.025599614
4345,0.051218297
4346,0.0124496855
4347,0.03194119
4348,0.10565885
4349,0.038815442
4350,0.031006418
4351,0.06435639
4352,0.069738835
4353,0.020154616
4354,0.062956795
4355,0.020472992
4356,0.16202594
4357,0.046959694
4358,0.038579617
4359,0.08306111
4360,0.11531042
4361,0.023817185
4362,0.055363506
4363,0.56217563
4364,0.06203733
4365,0.11036905
4366,0.047497258
4367,0.043702144
4368,0.057817288
4369,0.0526177
4370,0.022045057
4371,0.40713146
4372,0.035962224
4373,0.0062674424
4374,0.01735408
4375,0.05464965
4376,0.11392686
4377,0.022051787
4378,0.1154097
4379,0.047427636
4380,0.02810233
4381,0.0065523256
4382,0.05363823
4383,0.42644104
4384,0.029686289
4385,0.024739439
4386,0.009234553
4387,0.021980327
4388,0.056214266
4389,0.010535721
4390,0.038309805
4391,0.18155856
4392,0.08168834
4393,0.012327462
4394,0.01674594
4395,0.019379843
4396,0.06635275
4397,0.15129632
4398,0.093267895
4399,0.07779858
4400,0.069327876
4401,0.033597086
4402,0.057697315
4403,0.019656627
4404,0.059923615
4405,0.16950494
4406,0.12596312
4407,0.01077316
4408,0.015142372
4409,0.037325878
4410,0.017595712
4411,0.019398704
4412,0.023186622
4413,0.011749495
4414,0.010786328
4415,0.019313315
4416,0.021205498
4417,0.026326489
4418,0.055203207
4419,0.058066346
4420,0.120426476
4421,0.122697726
4422,0.15483552
4423,0.013845019
4424,0.03345493
4425,0.017038245
4426,0.025508873
4427,0.02900348
4428,0.021719655
4429,0.01442266
4430,0.015061546
4431,0.0074832537
4432,0.06625555
4433,0.03588225
4434,0.05300086
4435,0.018192511
4436,0.019621609
4437,0.011262337
4438,0.09311644
4439,0.035334818
4440,0.054850716
4441,0.011584897
4442,0.012042178
4443,0.034604788
4444,0.021907808
4445,0.10165075
4446,0.012524522
4447,0.011726055
4448,0.12847851
4449,0.0646086
4450,0.06858673
4451,0.061141
4452,0.091459945
4453,0.029288145
4454,0.016320912
4455,0.0072505907
4456,0.081356846
4457,0.021466289
4458,0.07066175
4459,0.0071496936
4460,0.12099598
4461,0.021125143
4462,0.02829409
4463,0.032271966
4464,0.0078379065
4465,0.017253427
4466,0.0385899
4467,0.01572728
4468,0.014656028
4469,0.062804915
4470,0.06614816
4471,0.031982165
4472,0.16456729
4473,0.02138669
4474,0.02374027
4475,0.0046801977
4476,0.0228322
4477,0.051749814
4478,0.023869827
4479,0.013634415
4480,0.034799803
4481,0.037787512
4482,0.010892469
4483,0.011317987
4484,0.017000472
4485,0.032998055
4486,0.087716065
4487,0.13572958
4488,0.021586316
4489,0.093741685
4490,0.022319557
4491,0.016700765
4492,0.036275126
4493,0.020052701
4494,0.034830697
4495,0.031820193
4496,0.055670984
4497,0.016104395
4498,0.030896757
4499,0.03917441
4500,0.03540547
4501,0.08181359
4502,0.04344647
4503,0.036793485
4504,0.033291053
4505,0.053786967
4506,0.039593235
4507,0.25881913
4508,0.26885742
4509,0.028527575
4510,0.03992472
4511,0.25574678
4512,0.05123808
4513,0.17559205
4514,0.055925667
4515,0.40507832
4516,0.050993714
4517,0.06086842
4518,0.014496454
4519,0.039037168
4520,0.24120095
4521,0.03483058
4522,0.47948697
4523,0.12521437
4524,0.11660054
4525,0.047262166
4526,0.03140442
4527,0.046259444
4528,0.03487537
4529,0.02047934
4530,0.016807806
4531,0.24956825
4532,0.109538525
4533,0.40920234
4534,0.45396054
4535,0.03689949
4536,0.05619858
4537,0.097849645
4538,0.13612747
4539,0.052978218
4540,0.04256291
4541,0.060943853
4542,0.06247874
4543,0.39261776
4544,0.22142358
4545,0.12460015
4546,0.4021891
4547,0.22094311
4548,0.3659642
4549,0.06776201
4550,0.26222008
4551,0.04812082
4552,0.05413963
4553,0.045605205
4554,0.045948453
4555,0.02774353
4556,0.19112945
4557,0.08161935
4558,0.06343919
4559,0.037789404
4560,0.049192443
4561,0.1627233
4562,0.034362085
4563,0.06154055
4564,0.057020895
4565,0.07437302
4566,0.03357267
4567,0.046240374
4568,0.036657635
4569,0.060694586
4570,0.030155394
4571,0.05144879
4572,0.24629715
4573,0.043950424
4574,0.25961506
4575,0.050088
4576,0.023558848
4577,0.0051963767
4578,0.01601192
4579,0.241169
4580,0.10335511
4581,0.014139938
4582,0.053559866
4583,0.23602189
4584,0.2556893
4585,0.006905674
4586,0.08678726
4587,0.05752309
4588,0.010969378
4589,0.020064037
4590,0.045202002
4591,0.00507893
4592,0.055305958
4593,0.06019643
4594,0.07994561
4595,0.23175831
4596,0.3372817
4597,0.021096488
4598,0.023645084
4599,0.044965263
4600,0.01097453
4601,0.0076988353
4602,0.030753456
4603,0.038684517
4604,0.1844155
4605,0.023407564
4606,0.055018
4607,0.040427595
4608,0.028129881
4609,0.11535349
4610,0.45808482
4611,0.06334286
4612,0.022751562
4613,0.024447683
4614,0.05387877
4615,0.06564941
4616,0.022234416
4617,0.033964433
4618,0.014946173
4619,0.110677324
4620,0.25922433
4621,0.106637746
4622,0.120192215
4623,0.07212306
4624,0.036857486
4625,0.038939822
4626,0.039993033
4627,0.047421206
4628,0.094395705
4629,0.054971933
4630,0.24231122
4631,0.020932982
4632,0.0514078
4633,0.038896393
4634,0.02674429
4635,0.026239038
4636,0.0315788
4637,0.05524822
4638,0.027349818
4639,0.08818837
4640,0.14240745
4641,0.26657477
4642,0.045396477
4643,0.05070524
4644,0.045304004
4645,0.104469985
4646,0.056800593
4647,0.020098114
4648,0.07005005
4649,0.017694682
4650,0.031916637
4651,0.009530551
4652,0.13651109
4653,0.036960613
4654,0.03219602
4655,0.0390705
4656,0.07569371
4657,0.09010131
4658,0.26963377
4659,0.13882315
4660,0.23748131
4661,0.07862802
4662,0.054353017
4663,0.024880225
4664,0.057560623
4665,0.05630046
4666,0.12141787
4667,0.05456346
4668,0.6385799
4669,0.24185047
4670,0.025659576
4671,0.11917216
4672,0.058179226
4673,0.05116641
4674,0.022409929
4675,0.020798009
4676,0.01080788
4677,0.06739199
4678,0.01287017
4679,0.02367739
4680,0.02613848
4681,0.09670352
4682,0.052128006
4683,0.09743479
4684,0.08618824
4685,0.1292146
4686,0.24831562
4687,0.41511407
4688,0.07116955
4689,0.029703477
4690,0.087220736
4691,0.023106186
4692,0.049144164
4693,0.085891224
4694,0.062953
4695,0.13322788
4696,0.044887375
4697,0.10841553
4698,0.046611734
4699,0.0646839
4700,0.023218973
4701,0.021822793
4702,0.13457064
4703,0.012542378
4704,0.0337777
4705,0.07678872
4706,0.0380111
4707,0.014402498
4708,0.03052054
4709,0.045116294
4710,0.07265052
4711,0.087941274
4712,0.1509514
4713,0.115962714
4714,0.270908
4715,0.13999382
4716,0.12667269
4717,0.017542513
4718,0.1094157
4719,0.016095297
4720,0.06550413
4721,0.04714613
4722,0.09113341
4723,0.039009944
4724,0.024782883
4725,0.057600323
4726,0.041723248
4727,0.017163962
4728,0.051140137
4729,0.084460765
4730,0.038290896
4731,0.06657813
4732,0.008024084
4733,0.025909264
4734,0.032584418
4735,0.08427173
4736,0.020251036
4737,0.047191475
4738,0.077737056
4739,0.0718117
4740,0.15873764
4741,0.574239
4742,0.11601483
4743,0.12597147
4744,0.07025907
4745,0.07922256
4746,0.09272594
4747,0.11333466
4748,0.06883841
4749,0.010017247
4750,0.02418309
4751,0.26701108
4752,0.07549848
4753,0.081330314
4754,0.065938435
4755,0.08371486
4756,0.021191975
4757,0.026948163
4758,0.009873328
4759,0.023085086
4760,0.029859697
4761,0.054130293
4762,0.24839827
4763,0.071955465
4764,0.064012945
4765,0.1296515
4766,0.63008636
4767,0.12582001
4768,0.24753863
4769,0.066720076
4770,0.26648504
4771,0.21496926
4772,0.0884983
4773,0.054430656
4774,0.04241584
4775,0.10638255
4776,0.2735138
4777,0.047879424
4778,0.1695862
4779,0.08624923
4780,0.09183096
4781,0.02264764
4782,0.026429191
4783,0.06409733
4784,0.09019472
4785,0.023130847
4786,0.14043075
4787,0.15747878
4788,0.1370402
4789,0.08860095
4790,0.03393424
4791,0.12258972
4792,0.19543955
4793,0.2703928
4794,0.076490894
4795,0.06324528
4796,0.025712961
4797,0.009929359
4798,0.06499188
4799,0.55055344
4800,0.043489896
4801,0.10637381
4802,0.38508484
4803,0.2665322
4804,0.015054405
4805,0.021171698
4806,0.05821999
4807,0.06206756
4808,0.15932646
4809,0.25690588
4810,0.10506291
4811,0.10291981
4812,0.2772945
4813,0.15417875
4814,0.16403763
4815,0.20961817
4816,0.27405104
4817,0.10474198
4818,0.057724796
4819,0.08403542
4820,0.063611664
4821,0.2647813
4822,0.8848045
4823,0.00596407
4824,0.054817136
4825,0.39518675
4826,0.019041218
4827,0.0539751
4828,0.26311263
4829,0.019427286
4830,0.022590898
4831,0.06077323
4832,0.0943241
4833,0.024978641
4834,0.05564533
4835,0.27164185
4836,0.051758774
4837,0.09394801
4838,0.17480919
4839,0.15331702
4840,0.18465097
4841,0.39751226
4842,0.2760719
4843,0.15801826
4844,0.23222958
4845,0.13186692
4846,0.8438018
4847,0.3973748
4848,0.26225907
4849,0.0067691747
4850,0.028461557
4851,0.1762737
4852,0.06013272
4853,0.0074118176
4854,0.015179187
4855,0.015172459
4856,0.068764776
4857,0.012600681
4858,0.03343413
4859,0.06499437
4860,0.108508855
4861,0.12085133
4862,0.1295183
4863,0.09034515
4864,0.2600448
4865,0.11574377
4866,0.032275427
4867,0.11075199
4868,0.18141964
4869,0.02100775
4870,0.062084932
4871,0.8875989
4872,0.90882564
4873,0.6359756
4874,0.0063638072
4875,0.03238481
4876,0.089278154
4877,0.30018255
4878,0.08489193
4879,0.06502614
4880,0.015565601
4881,0.063385576
4882,0.081652306
4883,0.062237076
4884,0.01607984
4885,0.26488966
4886,0.021028755
4887,0.03783645
4888,0.1356931
4889,0.12752642
4890,0.06359212
4891,0.05502006
4892,0.12598647
4893,0.17975768
4894,0.0283435
4895,0.13712227
4896,0.106415235
4897,0.10723389
4898,0.77943105
4899,0.96500903
4900,0.68157583
4901,0.020746637
4902,0.0701058
4903,0.034356873
4904,0.012929446
4905,0.16190115
4906,0.08745044
4907,0.2649873
4908,0.052485365
4909,0.09142578
4910,0.026970366
4911,0.09323619
4912,0.12813886
4913,0.16308473
4914,0.12486157
4915,0.4594915
4916,0.2652939
4917,0.15908305
4918,0.1620484
4919,0.08892013
4920,0.07143569
4921,0.12928219
4922,0.05305552
4923,0.043770853
4924,0.13747701
4925,0.13280223
4926,0.0652989
4927,0.07751841
4928,0.02822616
4929,0.7414289
4930,0.97169375
4931,0.9187685
4932,0.05798126
4933,0.041839037
4934,0.24457772
4935,0.15838873
4936,0.032661144
4937,0.02289073
4938,0.02877903
4939,0.04977606
4940,0.11443122
4941,0.056645673
4942,0.42065722
4943,0.589057
4944,0.08394195
4945,0.14558972
4946,0.107010044
4947,0.15355594
4948,0.08249031
4949,0.25794014
4950,0.23768139
4951,0.036561914
4952,0.096042976
4953,0.113938406
4954,0.110264145
4955,0.045758054
4956,0.027134037
4957,0.5183974
4958,0.366547
4959,0.26728147
4960,0.0691532
4961,0.030235812
4962,0.1212365
4963,0.011333984
4964,0.083983794
4965,0.18969706
4966,0.03765683
4967,0.05091715
4968,0.05451704
4969,0.023476612
4970,0.022973023
4971,0.055951703
4972,0.05415624
4973,0.18060364
4974,0.7028577
4975,0.27375585
4976,0.28485072
4977,0.1343305
4978,0.17045541
4979,0.16260064
4980,0.51677614
4981,0.08298502
4982,0.036364894
4983,0.046824984
4984,0.03883251
4985,0.1432296
4986,0.25761285
4987,0.09208299
4988,0.48779804
4989,0.26514533
4990,0.15783279
4991,0.72944427
4992,0.1418979
4993,0.022324724
4994,0.1400854
4995,0.1662895
4996,0.028711451
4997,0.05826697
4998,0.11964133
4999,0.07159472
5000,0.046985004
5001,0.047890358
5002,0.057106156
5003,0.16273974
5004,0.41176897
5005,0.27456427
5006,0.49848413
5007,0.26977822
5008,0.15586494
5009,0.16990621
5010,0.26627102
5011,0.027843727
5012,0.16537482
5013,0.087470576
5014,0.05444384
5015,0.26518267
5016,0.27219042
5017,0.06253331
5018,0.54760814
5019,0.26605362
5020,0.085742615
5021,0.12183872
5022,0.078833535
5023,0.049574167
5024,0.011673304
5025,0.017895026
5026,0.038967483
5027,0.07123289
5028,0.09403226
5029,0.113704786
5030,0.15522492
5031,0.27470365
5032,0.8543377
5033,0.45791394
5034,0.26951683
5035,0.6104994
5036,0.11597497
5037,0.0223713
5038,0.07776323
5039,0.07025455
5040,0.26258397
5041,0.18742996
5042,0.088065945
5043,0.030541213
5044,0.06687777
5045,0.13626127
5046,0.019847428
5047,0.05389996
5048,0.10632378
5049,0.02539696
5050,0.045691937
5051,0.022933308
5052,0.014211393
5053,0.039379425
5054,0.08448503
5055,0.06332479
5056,0.10435468
5057,0.26462135
5058,0.16255836
5059,0.2683733
5060,0.80423105
5061,0.6111326
5062,0.42553
5063,0.12667409
5064,0.0063767247
5065,0.04994163
5066,0.024086613
5067,0.0588623
5068,0.11382107
5069,0.010678417
5070,0.03479228
5071,0.47850883
5072,0.052120585
5073,0.021742135
5074,0.071033515
5075,0.050372627
5076,0.107075416
5077,0.043338247
5078,0.05397918
5079,0.020348577
5080,0.020331347
5081,0.021474779
5082,0.03849474
5083,0.09366659
5084,0.13056308
5085,0.5359021
5086,0.30090508
5087,0.14801297
5088,0.96141213
5089,0.32974732
5090,0.51297873
5091,0.15525904
5092,0.036298197
5093,0.04103505
5094,0.054129172
5095,0.05457846
5096,0.061507072
5097,0.5018066
5098,0.19666657
5099,0.2737411
5100,0.03256673
5101,0.107455075
5102,0.12791316
5103,0.1331129
5104,0.16509576
5105,0.04789338
5106,0.032792985
5107,0.01204644
5108,0.061099246
5109,0.15653636
5110,0.5826166
5111,0.43505555
5112,0.53009784
5113,0.26185417
5114,0.27578133
5115,0.16139428
5116,0.1107724
5117,0.035372276
5118,0.013496546
5119,0.024522677
5120,0.04624805
5121,0.03396353
5122,0.13601615
5123,0.14113456
5124,0.061600775
5125,0.2133334
5126,0.031313565
5127,0.07704214
5128,0.39068916
5129,0.047342546
5130,0.012980998
5131,0.014693576
5132,0.12396009
5133,0.17213802
5134,0.036059
5135,0.24991524
5136,0.18183324
5137,0.09316501
5138,0.11602405
5139,0.0341949
5140,0.09368415
5141,0.08361586
5142,0.043496277
5143,0.13678603
5144,0.12415047
5145,0.044043716
5146,0.025150266
5147,0.010830597
5148,0.23587847
5149,0.012538028
5150,0.018526787
5151,0.09330043
5152,0.04285351
5153,0.038844798
5154,0.16182762
5155,0.04844198
5156,0.055454154
5157,0.0046164086
5158,0.052736346
5159,0.20181228
5160,0.31154636
5161,0.46849695
5162,0.0643493
5163,0.030425217
5164,0.058382884
5165,0.061084967
5166,0.15089561
5167,0.015031374
5168,0.030648673
5169,0.01945934
5170,0.036530647
5171,0.021380983
5172,0.015185708
5173,0.08807645
5174,0.1067488
5175,0.38790065
5176,0.014221412
5177,0.022497967
5178,0.038560905
5179,0.096474424
5180,0.11499629
5181,0.41134048
5182,0.09914488
5183,0.010981573
5184,0.1249798
5185,0.04279351
5186,0.019076817
5187,0.084796205
5188,0.13803701
5189,0.058734268
5190,0.022915287
5191,0.22759387
5192,0.03049961
5193,0.019379014
5194,0.032482382
5195,0.15171845
5196,0.075038604
5197,0.04610301
5198,0.027052533
5199,0.034845524
5200,0.08655997
5201,0.2823343
5202,0.039661042
5203,0.023342783
5204,0.038262367
5205,0.04861082
5206,0.07204157
5207,0.2668567
5208,0.06777895
5209,0.1793564
5210,0.099763624
5211,0.03492221
5212,0.052437898
5213,0.052486558
5214,0.0348364
5215,0.1593343
5216,0.018653868
5217,0.019652244
5218,0.13418388
5219,0.02612212
5220,0.11193651
5221,0.059558973
5222,0.009853996
5223,0.016004777
5224,0.26642284
5225,0.7773577
5226,0.13268033
5227,0.11339614
5228,0.018652996
5229,0.09444094
5230,0.04803697
5231,0.04541926
5232,0.11896411
5233,0.094977126
5234,0.10792872
5235,0.93559545
5236,0.02183224
5237,0.08632485
5238,0.019784002
5239,0.08744434
5240,0.08438484
5241,0.023884995
5242,0.04437923
5243,0.14847998
5244,0.55322784
5245,0.07981544
5246,0.13296965
5247,0.018986966
5248,0.047204528
5249,0.030131511
5250,0.103983425
5251,0.037639823
5252,0.032198448
5253,0.07059078
5254,0.07390859
5255,0.03143608
5256,0.020840451
5257,0.06469927
5258,0.021423204
5259,0.16237016
5260,0.04797125
5261,0.017378066
5262,0.04148998
5263,0.084538095
5264,0.115728416
5265,0.023923203
5266,0.057604704
5267,0.5306081
5268,0.061393037
5269,0.121004574
5270,0.056945078
5271,0.051865425
5272,0.02263147
5273,0.40177602
5274,0.035298694
5275,0.01740448
5276,0.054082483
5277,0.11389163
5278,0.023012897
5279,0.11894239
5280,0.046057116
5281,0.028674306
5282,0.056615483
5283,0.2236027
5284,0.023641564
5285,0.0070165372
5286,0.023066115
5287,0.016849589
5288,0.05497617
5289,0.00878877
5290,0.03996457
5291,0.18272658
5292,0.08534391
5293,0.019623622
5294,0.019323392
5295,0.06648936
5296,0.14554182
5297,0.09193249
5298,0.07786932
5299,0.067580976
5300,0.033502895
5301,0.057494137
5302,0.021658123
5303,0.059602663
5304,0.26719895
5305,0.12459961
5306,0.00754724
5307,0.03899688
5308,0.020140095
5309,0.015553848
5310,0.020760134
5311,0.018764395
5312,0.02038934
5313,0.012009716
5314,0.010116554
5315,0.01805599
5316,0.019016916
5317,0.026726687
5318,0.0551503
5319,0.05639812
5320,0.1220791
5321,0.007127055
5322,0.0077831424
5323,0.01233559
5324,0.12594657
5325,0.0090757515
5326,0.17395546
5327,0.01060544
5328,0.022299431
5329,0.032450702
5330,0.019925917
5331,0.014495559
5332,0.02613667
5333,0.027675824
5334,0.03282765
5335,0.014440574
5336,0.016229834
5337,0.06745774
5338,0.030924378
5339,0.03984282
5340,0.051814422
5341,0.017728297
5342,0.011708097
5343,0.09706268
5344,0.036131598
5345,0.055618383
5346,0.035250124
5347,0.021373896
5348,0.10319862
5349,0.012041888
5350,0.01131407
5351,0.13647668
5352,0.06691982
5353,0.06524521
5354,0.061637796
5355,0.016171975
5356,0.0980547
5357,0.028928597
5358,0.017078266
5359,0.082279705
5360,0.023090707
5361,0.07494075
5362,0.1364475
5363,0.021560062
5364,0.029199753
5365,0.041706085
5366,0.03376727
5367,0.030172791
5368,0.016569098
5369,0.015488407
5370,0.012458754
5371,0.040857803
5372,0.016144734
5373,0.015520343
5374,0.06475988
5375,0.06473567
5376,0.030770103
5377,0.0061865514
5378,0.006178611
5379,0.15496881
5380,0.021260386
5381,0.017488085
5382,0.023449607
5383,0.054259516
5384,0.024848917
5385,0.01752409
5386,0.035127863
5387,0.018615903
5388,0.03747034
5389,0.0131632015
5390,0.016529717
5391,0.03411198
5392,0.09240813
5393,0.13252412
5394,0.021067789
5395,0.09313041
5396,0.012663775
5397,0.022620294
5398,0.0117624635
5399,0.022392355
5400,0.05180371
5401,0.026511693
5402,0.036297407
5403,0.04728715
5404,0.014306969
5405,0.033686724
5406,0.045993228
5407,0.035101097
5408,0.085937634
5409,0.040388867
5410,0.08321578
5411,0.035177458
5412,0.050829284
5413,0.13451506
5414,0.28904065
5415,0.027519343
5416,0.038590018
5417,0.262374
5418,0.05059165
5419,0.24726819
5420,0.073340684
5421,0.11879264
5422,0.052236505
5423,0.06515718
5424,0.015001186
5425,0.037883498
5426,0.020738741
5427,0.0116985
5428,0.24229257
5429,0.031648364
5430,0.46884668
5431,0.123688
5432,0.039278585
5433,0.25496492
5434,0.047177877
5435,0.0339641
5436,0.025595147
5437,0.04877376
5438,0.035545416
5439,0.017453274
5440,0.2550567
5441,0.118882306
5442,0.2704343
5443,0.46303725
5444,0.054255545
5445,0.09793515
5446,0.14745818
5447,0.0100733
5448,0.00911498
5449,0.055549253
5450,0.042496238
5451,0.06089337
5452,0.06435981
5453,0.22080293
5454,0.09731179
5455,0.25849873
5456,0.38038665
5457,0.2207006
5458,0.02234508
5459,0.38751304
5460,0.06492254
5461,0.28286326
5462,0.050272852
5463,0.052972257
5464,0.043112434
5465,0.03673799
5466,0.082174055
5467,0.07851087
5468,0.035423107
5469,0.04906472
5470,0.40205273
5471,0.04422417
5472,0.03445131
5473,0.06278953
5474,0.05487544
5475,0.073843144
5476,0.034014806
5477,0.044977393
5478,0.036005888
5479,0.073106915
5480,0.031258386
5481,0.051536188
5482,0.24748431
5483,0.04524159
5484,0.24343163
5485,0.054724928
5486,0.04742193
5487,0.020391997
5488,0.01856363
5489,0.016289016
5490,0.40731364
5491,0.05253917
5492,0.17641793
5493,0.2697215
5494,0.0067098876
5495,0.083371915
5496,0.057646595
5497,0.024020128
5498,0.02162356
5499,0.007954626
5500,0.04673284
5501,0.0063713165
5502,0.049478147
5503,0.06039815
5504,0.09038592
5505,0.2331592
5506,0.27772385
5507,0.021248236
5508,0.02649601
5509,0.045139812
5510,0.0081643555
5511,0.031860277
5512,0.031822957
5513,0.038256973
5514,0.28157374
5515,0.025274746
5516,0.052472815
5517,0.011546623
5518,0.04151749
5519,0.038750213
5520,0.2498514
5521,0.53897977
5522,0.06606774
5523,0.023802156
5524,0.024403894
5525,0.05116145
5526,0.07320308
5527,0.021212434
5528,0.033361018
5529,0.016008228
5530,0.11777071
5531,0.2627798
5532,0.10426709
5533,0.116156176
5534,0.07719177
5535,0.038911182
5536,0.039323594
5537,0.040222485
5538,0.04902024
5539,0.09183679
5540,0.05837027
5541,0.23379393
5542,0.023119522
5543,0.04964135
5544,0.040954575
5545,0.026534729
5546,0.026034204
5547,0.029833484
5548,0.052349776
5549,0.020310646
5550,0.020518575
5551,0.08344547
5552,0.14536093
5553,0.22372413
5554,0.04753768
5555,0.049302455
5556,0.045679953
5557,0.09870971
5558,0.058666814
5559,0.019717548
5560,0.070755094
5561,0.032411963
5562,0.0108862035
5563,0.13586849
5564,0.038871974
5565,0.034315437
5566,0.03946924
5567,0.074119076
5568,0.08688785
5569,0.15392561
5570,0.13224913
5571,0.25252694
5572,0.07473938
5573,0.05649896
5574,0.026555719
5575,0.060751073
5576,0.057376128
5577,0.12234165
5578,0.054061417
5579,0.60395575
5580,0.12786578
5581,0.12694862
5582,0.060353965
5583,0.049475454
5584,0.022469675
5585,0.021170352
5586,0.010517618
5587,0.016020117
5588,0.06659865
5589,0.023863407
5590,0.012833249
5591,0.026132062
5592,0.024999436
5593,0.095811106
5594,0.057077263
5595,0.097624935
5596,0.081688985
5597,0.1262617
5598,0.24001524
5599,0.4518571
5600,0.07216946
5601,0.030561369
5602,0.08778938
5603,0.022850418
5604,0.04713296
5605,0.08428249
5606,0.061126973
5607,0.12812474
5608,0.0470439
5609,0.107920416
5610,0.048375446
5611,0.0606096
5612,0.033606786
5613,0.021774989
5614,0.13049826
5615,0.012032981
5616,0.034663577
5617,0.075954214
5618,0.037006877
5619,0.013026787
5620,0.02968743
5621,0.047245108
5622,0.07073227
5623,0.09212202
5624,0.13892417
5625,0.11761702
5626,0.26685953
5627,0.16083328
5628,0.1257877
5629,0.017734524
5630,0.109623484
5631,0.017234331
5632,0.06526373
5633,0.045773376
5634,0.09192931
5635,0.039553363
5636,0.025960635
5637,0.05819171
5638,0.04277034
5639,0.053485807
5640,0.08580798
5641,0.06433107
5642,0.0071627554
5643,0.024605632
5644,0.032937072
5645,0.078294285
5646,0.03962064
5647,0.07383532
5648,0.07137217
5649,0.15276158
5650,0.6347722
5651,0.12541685
5652,0.12907362
5653,0.07006643
5654,0.16732976
5655,0.09391373
5656,0.11230174
5657,0.06922325
5658,0.011916781
5659,0.025315886
5660,0.27344555
5661,0.07449788
5662,0.08288035
5663,0.066382125
5664,0.082256235
5665,0.020745672
5666,0.03183475
5667,0.010064766
5668,0.022922572
5669,0.02843343
5670,0.04917789
5671,0.24497804
5672,0.071560465
5673,0.059912458
5674,0.1201786
5675,0.5985032
5676,0.10797738
5677,0.021470752
5678,0.2375221
5679,0.07351732
5680,0.26591337
5681,0.18432397
5682,0.08947919
5683,0.024172576
5684,0.054730404
5685,0.10581225
5686,0.16697043
5687,0.0470505
5688,0.16483688
5689,0.08341532
5690,0.09611195
5691,0.023628078
5692,0.029083831
5693,0.066615656
5694,0.08848534
5695,0.021795457
5696,0.13823213
5697,0.1594092
5698,0.14091474
5699,0.08776536
5700,0.03040302
5701,0.12525466
5702,0.17237288
5703,0.2681074
5704,0.07173775
5705,0.05941951
5706,0.02629192
5707,0.062449552
5708,0.6792197
5709,0.047050904
5710,0.09756726
5711,0.30549946
5712,0.27023312
5713,0.01501495
5714,0.014005476
5715,0.05544868
5716,0.06140111
5717,0.15568356
5718,0.2495438
5719,0.098246984
5720,0.10366733
5721,0.2722683
5722,0.1525507
5723,0.16274041
5724,0.18614875
5725,0.2677492
5726,0.10066146
5727,0.05704771
5728,0.08631852
5729,0.06701646
5730,0.27212957
5731,0.8596716
5732,0.006614895
5733,0.05465753
5734,0.4014554
5735,0.01911988
5736,0.055517662
5737,0.26718926
5738,0.018313576
5739,0.06148184
5740,0.09536458
5741,0.021857178
5742,0.056400817
5743,0.007951866
5744,0.27093703
5745,0.053107634
5746,0.09756636
5747,0.16630848
5748,0.1489698
5749,0.2141333
5750,0.43225783
5751,0.28443265
5752,0.031686235
5753,0.26120517
5754,0.22333568
5755,0.23708254
5756,0.82877845
5757,0.303639
5758,0.4197962
5759,0.027623536
5760,0.14942044
5761,0.060206167
5762,0.023510942
5763,0.008650366
5764,0.014201894
5765,0.021135898
5766,0.013692516
5767,0.070820026
5768,0.008759159
5769,0.013162125
5770,0.030942466
5771,0.067136854
5772,0.10396811
5773,0.11033025
5774,0.13316847
5775,0.091018625
5776,0.26669502
5777,0.11933786
5778,0.03274665
5779,0.11688542
5780,0.28084978
5781,0.14721417
5782,0.78428036
5783,0.9278892
5784,0.65577626
5785,0.007489596
5786,0.03237291
5787,0.02089238
5788,0.087016195
5789,0.2842784
5790,0.08703229
5791,0.066206604
5792,0.016235823
5793,0.06377054
5794,0.10369514
5795,0.06682262
5796,0.01645946
5797,0.26598492
5798,0.021759003
5799,0.038380392
5800,0.13768443
5801,0.12170584
5802,0.060479492
5803,0.053757828
5804,0.1256243
5805,0.17871247
5806,0.025809309
5807,0.14347558
5808,0.10401141
5809,0.108239174
5810,0.93480396
5811,0.8663872
5812,0.6337689
5813,0.019017274
5814,0.162186
5815,0.033451997
5816,0.1614414
5817,0.091095224
5818,0.2654226
5819,0.09325576
5820,0.026328372
5821,0.09445421
5822,0.11479028
5823,0.26643685
5824,0.117060296
5825,0.55596393
5826,0.26978126
5827,0.15057606
5828,0.16165508
5829,0.090578675
5830,0.07188402
5831,0.13040563
5832,0.052453723
5833,0.04307663
5834,0.12651883
5835,0.13486415
5836,0.0662994
5837,0.08148616
5838,0.026022313
5839,0.92698693
5840,0.93624043
5841,0.8340833
5842,0.058548573
5843,0.048476856
5844,0.3558041
5845,0.15460147
5846,0.03149695
5847,0.02567616
5848,0.028436894
5849,0.05104495
5850,0.11029137
5851,0.058133047
5852,0.44756317
5853,0.56518066
5854,0.08201345
5855,0.11555385
5856,0.10694596
5857,0.17842805
5858,0.08470545
5859,0.2592179
5860,0.10655302
5861,0.035928186
5862,0.09831981
5863,0.11994663
5864,0.10808156
5865,0.04625698
5866,0.4970429
5867,0.43026328
5868,0.27463138
5869,0.0690484
5870,0.032614265
5871,0.12124954
5872,0.08017182
5873,0.19494246
5874,0.036923476
5875,0.052265283
5876,0.054075774
5877,0.023109628
5878,0.025656423
5879,0.05602773
5880,0.05202566
5881,0.28000718
5882,0.79917425
5883,0.42777824
5884,0.27347282
5885,0.13442755
5886,0.1611298
5887,0.26159003
5888,0.51761085
5889,0.18802094
5890,0.033772107
5891,0.04617676
5892,0.039127424
5893,0.15207838
5894,0.25884968
5895,0.09157263
5896,0.4205673
5897,0.26396263
5898,0.16530621
5899,0.9241524
5900,0.12821122
5901,0.022453167
5902,0.14464112
5903,0.16288625
5904,0.025298275
5905,0.054594364
5906,0.14483254
5907,0.070722304
5908,0.046686728
5909,0.04847249
5910,0.055149566
5911,0.15197752
5912,0.4503045
5913,0.28324887
5914,0.49302435
5915,0.26404947
5916,0.16926208
5917,0.15521537
5918,0.26793697
5919,0.15764008
5920,0.08519505
5921,0.055707842
5922,0.4109918
5923,0.39456612
5924,0.06161764
5925,0.54936475
5926,0.37563324
5927,0.083739385
5928,0.12380025
5929,0.08344479
5930,0.049034186
5931,0.011994862
5932,0.018430937
5933,0.04053942
5934,0.070676416
5935,0.0930465
5936,0.11298472
5937,0.15294671
5938,0.27993843
5939,0.82364655
5940,0.4114247
5941,0.39297217
5942,0.5607221
5943,0.12377135
5944,0.0771744
5945,0.07089065
5946,0.14858472
5947,0.2699986
5948,0.08297859
5949,0.03191913
5950,0.00035246921
5951,0.06504664
5952,0.13605982
5953,0.023169877
5954,0.0526821
5955,0.1026877
5956,0.02546852
5957,0.047388993
5958,0.023081599
5959,0.01511453
5960,0.041902382
5961,0.080511816
5962,0.06379823
5963,0.10180515
5964,0.26385808
5965,0.28035873
5966,0.2675954
5967,0.75997245
5968,0.59072983
5969,0.27944055
5970,0.120937705
5971,0.00677908
5972,0.049321014
5973,0.023782076
5974,0.061716296
5975,0.1175307
5976,0.010413749
5977,0.035690498
5978,0.55507016
5979,0.12778871
5980,0.020177174
5981,0.07255314
5982,0.0522129
5983,0.10520783
5984,0.045465678
5985,0.054955933
5986,0.020995922
5987,0.04906976
5988,0.021313932
5989,0.022373041
5990,0.03894022
5991,0.09280062
5992,0.12770407
5993,0.5461627
5994,0.42471394
5995,0.1456879
5996,0.8699951
5997,0.35339424
5998,0.43932235
5999,0.25100073
6000,0.0480435
6001,0.03400398
6002,0.039885554
6003,0.05222585
6004,0.053247318
6005,0.044496782
6006,0.05857655
6007,0.46727708
6008,0.20155062
6009,0.26874796
6010,0.033248633
6011,0.108150706
6012,0.12857045
6013,0.13514668
6014,0.15647039
6015,0.050061192
6016,0.03215282
6017,0.052576263
6018,0.15038599
6019,0.5164339
6020,0.4669537
6021,0.59959227
6022,0.18658227
6023,0.27895603
6024,0.19319178
6025,0.10708213
6026,0.043552052
6027,0.03239929
6028,0.13599235
6029,0.139017
6030,0.05885021
6031,0.284768
6032,0.02951133
6033,0.07195162
6034,0.2792926
6035,0.047472198
6036,0.013785645
6037,0.1253559
6038,0.15534703
6039,0.03773632
6040,0.0061421124
6041,0.24771735
6042,0.16260815
6043,0.088368334
6044,0.12075949
6045,0.033945628
6046,0.09208955
6047,0.08337396
6048,0.042775176
6049,0.13227174
6050,0.13123478
6051,0.044276
6052,0.02894386
6053,0.010144921
6054,0.3146756
6055,0.012883293
6056,0.01842463
6057,0.09643388
6058,0.04278213
6059,0.04311794
6060,0.1456729
6061,0.050622117
6062,0.05681023
6063,0.011493092
6064,0.05375042
6065,0.16377234
6066,0.42057747
6067,0.5127079
6068,0.06380233
6069,0.022013962
6070,0.031768434
6071,0.0568972
6072,0.019455396
6073,0.07550928
6074,0.1525232
6075,0.016346673
6076,0.029080521
6077,0.018810678
6078,0.034914687
6079,0.023215
6080,0.09020088
6081,0.1109128
6082,0.41172382
6083,0.018650725
6084,0.022010788
6085,0.040490337
6086,0.093518175
6087,0.11637679
6088,0.35743403
6089,0.09028196
6090,0.1237544
6091,0.04269845
6092,0.019813824
6093,0.08239745
6094,0.14586893
6095,0.05749993
6096,0.02043696
6097,0.010964411
6098,0.26475945
6099,0.030626085
6100,0.019568887
6101,0.032524753
6102,0.15138638
6103,0.07311831
6104,0.054520853
6105,0.029791705
6106,0.03537698
6107,0.086043864
6108,0.3294968
6109,0.03790871
6110,0.007020929
6111,0.025415787
6112,0.037849136
6113,0.04622909
6114,0.068504624
6115,0.26644757
6116,0.071911
6117,0.27475294
6118,0.10054947
6119,0.03378348
6120,0.0543219
6121,0.051098134
6122,0.03624151
6123,0.25256634
6124,0.12072509
6125,0.024398977
6126,0.10972616
6127,0.060527973
6128,0.011617083
6129,0.015931591
6130,0.27745637
6131,0.7540757
6132,0.13428771
6133,0.10836743
6134,0.09062886
6135,0.048231848
6136,0.046561375
6137,0.11634323
6138,0.09191013
6139,0.121587045
6140,0.9665487
6141,0.08240272
6142,0.020610236
6143,0.081343345
6144,0.084684774
6145,0.021127079
6146,0.044352308
6147,0.15027465
6148,0.5217625
6149,0.07882416
6150,0.13297169
6151,0.047864847
6152,0.013655404
6153,0.030716583
6154,0.106671296
6155,0.033945385
6156,0.031913713
6157,0.06773004
6158,0.05848361
6159,0.027701711
6160,0.019718178
6161,0.061823096
6162,0.022097496
6163,0.15832755
6164,0.048092853
6165,0.045651678
6166,0.018247958
6167,0.041202288
6168,0.08438713
6169,0.11411188
6170,0.023224415
6171,0.058311217
6172,0.5679825
6173,0.064330734
6174,0.11481443
6175,0.057546932
6176,0.059032
6177,0.025465097
6178,0.40799782
6179,0.037869606
6180,0.0104727475
6181,0.0081144525
6182,0.008489724
6183,0.051062223
6184,0.10944346
6185,0.022233035
6186,0.01193334
6187,0.12135994
6188,0.046800826
6189,0.05488764
6190,0.42757985
6191,0.031145211
6192,0.017874988
6193,0.023667397
6194,0.017815081
6195,0.057695795
6196,0.009839873
6197,0.040197175
6198,0.15944873
6199,0.0833772
6200,0.01765323
6201,0.021841608
6202,0.0698528
6203,0.14816935
6204,0.09597699
6205,0.07819052
6206,0.07033684
6207,0.03429766
6208,0.060567953
6209,0.021179441
6210,0.061909135
6211,0.2687585
6212,0.12767482
6213,0.03697949
6214,0.021004893
6215,0.015232325
6216,0.0226924
6217,0.018665874
6218,0.024872398
6219,0.013772623
6220,0.019145615
6221,0.01092423
6222,0.019554673
6223,0.028545441
6224,0.05481527
6225,0.05682998
6226,0.119426034
6227,0.006214334
6228,0.009978598
6229,0.12705192
6230,0.009551819
6231,0.15658692
6232,0.012070324
6233,0.032834522
6234,0.01947257
6235,0.015536593
6236,0.02745581
6237,0.030946057
6238,0.021036165
6239,0.03312351
6240,0.015836375
6241,0.050794024
6242,0.031177502
6243,0.041425906
6244,0.018409578
6245,0.0532452
6246,0.018494498
6247,0.008370459
6248,0.017985677
6249,0.10013867
6250,0.03697918
6251,0.054825462
6252,0.012705108
6253,0.0056767277
6254,0.013940145
6255,0.03316117
6256,0.011732692
6257,0.011340003
6258,0.020629324
6259,0.10283037
6260,0.016486062
6261,0.011865629
6262,0.13632281
6263,0.0634713
6264,0.06459757
6265,0.06627112
6266,0.015970157
6267,0.09204151
6268,0.028169744
6269,0.017608667
6270,0.08151009
6271,0.022903085
6272,0.06736037
6273,0.13307585
6274,0.024331594
6275,0.013504284
6276,0.027923051
6277,0.034379028
6278,0.03439735
6279,0.030107653
6280,0.014159336
6281,0.008390255
6282,0.017503964
6283,0.015174406
6284,0.010438458
6285,0.014812709
6286,0.03948862
6287,0.015217505
6288,0.06386273
6289,0.06474254
6290,0.15590006
6291,0.02631031
6292,0.030660156
6293,0.020880729
6294,0.055451337
6295,0.025406301
6296,0.018203411
6297,0.03532039
6298,0.016998565
6299,0.036483634
6300,0.010176957
6301,0.011995332
6302,0.029771829
6303,0.08800932
6304,0.12842296
6305,0.021748628
6306,0.0954729
6307,0.021223461
6308,0.03655848
6309,0.049106352
6310,0.03960849
6311,0.059429523
6312,0.014077838
6313,0.030894719
6314,0.044060215
6315,0.032444764
6316,0.04543859
6317,0.08773816
6318,0.044569544
6319,0.009336117
6320,0.097275734
6321,0.040061835
6322,0.06437168
6323,0.04009276
6324,0.41174182
6325,0.30059505
6326,0.046558373
6327,0.3739403
6328,0.053752746
6329,0.26836336
6330,0.20633449
6331,0.12187165
6332,0.05228662
6333,0.07449991
6334,0.014654028
6335,0.04189825
6336,0.018971171
6337,0.259315
6338,0.031491883
6339,0.5563124
6340,0.1279253
6341,0.121966414
6342,0.051649686
6343,0.03236376
6344,0.025448596
6345,0.050222512
6346,0.016747905
6347,0.033130802
6348,0.10352357
6349,0.11679908
6350,0.3885183
6351,0.41555887
6352,0.043430045
6353,0.059371702
6354,0.10850489
6355,0.13122287
6356,0.011777646
6357,0.010174195
6358,0.022543188
6359,0.05594815
6360,0.043230668
6361,0.06513024
6362,0.070548624
6363,0.02997489
6364,0.39601257
6365,0.11460676
6366,0.24670926
6367,0.41117793
6368,0.11876359
6369,0.022328135
6370,0.4287233
6371,0.020143209
6372,0.06692948
6373,0.28943902
6374,0.051229868
6375,0.05600123
6376,0.04442452
6377,0.05354441
6378,0.0296635
6379,0.20814945
6380,0.099398635
6381,0.034319792
6382,0.056396306
6383,0.43198413
6384,0.047749944
6385,0.03657094
6386,0.060948968
6387,0.059602905
6388,0.07744354
6389,0.033430208
6390,0.03818658
6391,0.09325938
6392,0.029700343
6393,0.052216355
6394,0.129688
6395,0.3229491
6396,0.05583791
6397,0.04554286
6398,0.013833073
6399,0.017125858
6400,0.005747523
6401,0.019108318
6402,0.4291553
6403,0.11316888
6404,0.054328606
6405,0.30634657
6406,0.33323494
6407,0.08524434
6408,0.0582251
6409,0.025015343
6410,0.020680025
6411,0.008381858
6412,0.044871807
6413,0.012207318
6414,0.060281422
6415,0.065465875
6416,0.08739449
6417,0.15449956
6418,0.40515655
6419,0.019646358
6420,0.05714576
6421,0.04548042
6422,0.010300106
6423,0.031991526
6424,0.039291218
6425,0.28417888
6426,0.02407631
6427,0.053045034
6428,0.013671477
6429,0.039374318
6430,0.030548198
6431,0.1212941
6432,0.4839211
6433,0.008229988
6434,0.052503012
6435,0.07019113
6436,0.053341135
6437,0.07101859
6438,0.033735104
6439,0.017749025
6440,0.11252835
6441,0.16014616
6442,0.10211958
6443,0.11364658
6444,0.071007386
6445,0.040047538
6446,0.03769917
6447,0.04235539
6448,0.046113834
6449,0.094579086
6450,0.06066612
6451,0.23689976
6452,0.02019312
6453,0.04723297
6454,0.03868504
6455,0.02613419
6456,0.023572579
6457,0.02973408
6458,0.055694647
6459,0.007798107
6460,0.064574935
6461,0.020519191
6462,0.027966453
6463,0.081349306
6464,0.19750682
6465,0.16796309
6466,0.047675
6467,0.048591927
6468,0.04417728
6469,0.09826889
6470,0.06700404
6471,0.022053229
6472,0.06968638
6473,0.019314157
6474,0.016714975
6475,0.034339342
6476,0.13271837
6477,0.036283813
6478,0.026109932
6479,0.037983164
6480,0.07181075
6481,0.08824963
6482,0.26478094
6483,0.23761223
6484,0.14111724
6485,0.07542858
6486,0.05489788
6487,0.021985918
6488,0.062069446
6489,0.05880916
6490,0.011790002
6491,0.010886461
6492,0.112124145
6493,0.05491268
6494,0.5600424
6495,0.12187767
6496,0.02579896
6497,0.014400827
6498,0.12149726
6499,0.05762929
6500,0.05157438
6501,0.021638604
6502,0.020468174
6503,0.009578682
6504,0.06624604
6505,0.013156423
6506,0.026148349
6507,0.025714243
6508,0.10077608
6509,0.052829426
6510,0.09461132
6511,0.078460686
6512,0.13029045
6513,0.24557522
6514,0.38856363
6515,0.0773098
6516,0.0285909
6517,0.08122249
6518,0.023430718
6519,0.05005643
6520,0.0846343
6521,0.06573354
6522,0.12677422
6523,0.04625536
6524,0.1082867
6525,0.045119092
6526,0.06634268
6527,0.03842137
6528,0.021304442
6529,0.021013021
6530,0.12933707
6531,0.01222203
6532,0.03374367
6533,0.076044515
6534,0.03882917
6535,0.0102576
6536,0.026989225
6537,0.046572234
6538,0.070614286
6539,0.08588478
6540,0.14174943
6541,0.1116135
6542,0.40592203
6543,0.13657254
6544,0.12458019
6545,0.018558888
6546,0.122839525
6547,0.016467175
6548,0.064614296
6549,0.04638385
6550,0.09009417
6551,0.036953572
6552,0.024924891
6553,0.05152795
6554,0.04344279
6555,0.054912772
6556,0.085289165
6557,0.036350396
6558,0.06395737
6559,0.0078087137
6560,0.031982314
6561,0.08220245
6562,0.019598408
6563,0.044465337
6564,0.08274248
6565,0.07330768
6566,0.16432641
6567,0.59538686
6568,0.113393165
6569,0.13387258
6570,0.07669271
6571,0.08124672
6572,0.091536485
6573,0.109850794
6574,0.06813694
6575,0.012489344
6576,0.024988327
6577,0.26867175
6578,0.07533551
6579,0.08342813
6580,0.06923327
6581,0.08550379
6582,0.020895287
6583,0.026453052
6584,0.05249712
6585,0.2760435
6586,0.06969699
6587,0.062376857
6588,0.120712005
6589,0.59363747
6590,0.14358138
6591,0.02146983
6592,0.27208784
6593,0.072844
6594,0.26904336
6595,0.2747764
6596,0.08566331
6597,0.05608208
6598,0.10593496
6599,0.1652522
6600,0.047434565
6601,0.15991895
6602,0.082686126
6603,0.007548125
6604,0.0941826
6605,0.022050276
6606,0.026423346
6607,0.06459586
6608,0.087377906
6609,0.021299457
6610,0.13630278
6611,0.16511625
6612,0.15058945
6613,0.08619557
6614,0.03360751
6615,0.122676276
6616,0.17621203
6617,0.2609749
6618,0.077583894
6619,0.011038184
6620,0.063018814
6621,0.02684521
6622,0.011146488
6623,0.06388583
6624,0.61510295
6625,0.04517136
6626,0.1046705
6627,0.34153503
6628,0.2698486
6629,0.020113602
6630,0.015376553
6631,0.013796272
6632,0.059981473
6633,0.06255459
6634,0.2519426
6635,0.2586898
6636,0.10123865
6637,0.10575463
6638,0.26598045
6639,0.1569991
6640,0.15309843
6641,0.17627403
6642,0.24586271
6643,0.10119583
6644,0.022121895
6645,0.05549767
6646,0.08875777
6647,0.060878407
6648,0.37960482
6649,0.83281976
6650,0.006642967
6651,0.05428055
6652,0.3791212
6653,0.019694084
6654,0.054847524
6655,0.27463284
6656,0.019992517
6657,0.060607433
6658,0.096191734
6659,0.022268012
6660,0.05587557
6661,0.3936626
6662,0.050063696
6663,0.09380842
6664,0.2659887
6665,0.15111174
6666,0.2610783
6667,0.40262198
6668,0.2765348
6669,0.17283961
6670,0.25301093
6671,0.23320338
6672,0.8528983
6673,0.3313906
6674,0.34105885
6675,0.0062870546
6676,0.026022634
6677,0.15080577
6678,0.06392093
6679,0.033945136
6680,0.025176736
6681,0.015090086
6682,0.073252134
6683,0.008689209
6684,0.012785987
6685,0.03152357
6686,0.067387536
6687,0.10506121
6688,0.11483515
6689,0.12856811
6690,0.09090405
6691,0.2553962
6692,0.115619235
6693,0.03263013
6694,0.11067453
6695,0.17878905
6696,0.021095129
6697,0.14794467
6698,0.8718816
6699,0.89231247
6700,0.68135095
6701,0.007390818
6702,0.030210838
6703,0.022536213
6704,0.08867474
6705,0.30596226
6706,0.085650675
6707,0.019365946
6708,0.06520722
6709,0.013576782
6710,0.06542538
6711,0.09980986
6712,0.06663707
6713,0.014930894
6714,0.26019722
6715,0.020438878
6716,0.039154585
6717,0.12329298
6718,0.12173809
6719,0.06458537
6720,0.05443709
6721,0.12594716
6722,0.17885403
6723,0.0067596184
6724,0.02894487
6725,0.13097072
6726,0.1019818
6727,0.20686284
6728,0.9487495
6729,0.92187333
6730,0.6145772
6731,0.019001344
6732,0.16002603
6733,0.030869817
6734,0.26228818
6735,0.09203703
6736,0.26702413
6737,0.050392848
6738,0.09485674
6739,0.026012791
6740,0.093090385
6741,0.11535231
6742,0.25771794
6743,0.12890914
6744,0.51223105
6745,0.2777509
6746,0.1576452
6747,0.15009989
6748,0.09009398
6749,0.06908553
6750,0.12478132
6751,0.051737983
6752,0.043389212
6753,0.1408351
6754,0.13118169
6755,0.06628941
6756,0.096705884
6757,0.029193714
6758,0.7791022
6759,0.9296178
6760,0.9892855
6761,0.08431946
6762,0.045871098
6763,0.24694602
6764,0.013275929
6765,0.17931232
6766,0.033767648
6767,0.010740434
6768,0.02279089
6769,0.02450601
6770,0.050053403
6771,0.11336536
6772,0.057670966
6773,0.4070351
6774,0.61060154
6775,0.08384992
6776,0.11826448
6777,0.10663923
6778,0.17436676
6779,0.08009451
6780,0.33717734
6781,0.10731007
6782,0.03520814
6783,0.09937903
6784,0.115727365
6785,0.10410211
6786,0.048100043
6787,0.027749818
6788,0.5045169
6789,0.3098259
6790,0.27118158
6791,0.069902
6792,0.031740308
6793,0.119045585
6794,0.078879386
6795,0.2730916
6796,0.036690205
6797,0.059182256
6798,0.05270745
6799,0.025390746
6800,0.05386619
6801,0.053093903
6802,0.2716774
6803,0.80880135
6804,0.40931267
6805,0.27862084
6806,0.13173394
6807,0.16814487
6808,0.26472065
6809,0.5310498
6810,0.19391046
6811,0.03348295
6812,0.044378977
6813,0.038610544
6814,0.14768872
6815,0.15366799
6816,0.10743251
6817,0.30270648
6818,0.2635528
6819,0.16111185
6820,0.8044597
6821,0.24585332
6822,0.02348245
6823,0.24594149
6824,0.16885543
6825,0.024097918
6826,0.05894194
6827,0.15521105
6828,0.07942637
6829,0.045140006
6830,0.046547756
6831,0.056449167
6832,0.15483434
6833,0.4114391
6834,0.27451664
6835,0.50029564
6836,0.39194432
6837,0.16440801
6838,0.15880764
6839,0.26760694
6840,0.16931635
6841,0.08648871
6842,0.05588173
6843,0.47445658
6844,0.26727176
6845,0.060850628
6846,0.50920737
6847,0.36657542
6848,0.007901572
6849,0.086011216
6850,0.12093345
6851,0.08185961
6852,0.05021542
6853,0.010948017
6854,0.01778855
6855,0.038836077
6856,0.06779666
6857,0.101598494
6858,0.11417378
6859,0.13371204
6860,0.47886226
6861,0.8318901
6862,0.41174456
6863,0.38408196
6864,0.5742215
6865,0.1122367
6866,0.08234008
6867,0.06517395
6868,0.14845389
6869,0.1735497
6870,0.08418624
6871,0.030985039
6872,0.067547746
6873,0.13481227
6874,0.021988684
6875,0.05300258
6876,0.108883195
6877,0.02216153
6878,0.044400506
6879,0.023867764
6880,0.014036724
6881,0.03749957
6882,0.079915196
6883,0.06139003
6884,0.10139112
6885,0.26059654
6886,0.2792126
6887,0.14151637
6888,0.74465215
6889,0.65259695
6890,0.42627633
6891,0.11784009
6892,0.0064986385
6893,0.045276273
6894,0.024089776
6895,0.0606532
6896,0.11566735
6897,0.02005817
6898,0.5897212
6899,0.1312561
6900,0.021316227
6901,0.067549445
6902,0.051862255
6903,0.1121306
6904,0.044295434
6905,0.055392195
6906,0.048441105
6907,0.020763036
6908,0.01816596
6909,0.037112545
6910,0.09559092
6911,0.13069324
6912,0.50472754
6913,0.38495028
6914,0.13939579
6915,0.8973833
6916,0.42728135
6917,0.45643675
6918,0.15278819
6919,0.048103876
6920,0.033799943
6921,0.040456332
6922,0.054139372
6923,0.054022215
6924,0.045912698
6925,0.052313194
6926,0.44435924
6927,0.20232187
6928,0.38108894
6929,0.036366697
6930,0.10809293
6931,0.123306446
6932,0.13227396
6933,0.16483456
6934,0.05102404
6935,0.03301109
6936,0.052368462
6937,0.23926017
6938,0.5929624
6939,0.43079126
6940,0.5656873
6941,0.26022053
6942,0.43085375
6943,0.15606077
6944,0.103858955
6945,0.037711088
6946,0.027065381
6947,0.048584945
6948,0.032821096
6949,0.13165218
6950,0.12550668
6951,0.07171396
6952,0.41333684
6953,0.03186165
6954,0.07869941
6955,0.19438918
6956,0.046406146
6957,0.0064309263
6958,0.01522139
6959,0.12848935
6960,0.24272263
6961,0.034760445
6962,0.240433
6963,0.26357883
6964,0.090242855
6965,0.11464532
6966,0.03487191
6967,0.102142066
6968,0.08155397
6969,0.042382367
6970,0.12691902
6971,0.12446627
6972,0.044492297
6973,0.028353833
6974,0.010576866
6975,0.23507121
6976,0.0145008415
6977,0.09726753
6978,0.040502
6979,0.04259975
6980,0.14567977
6981,0.04526372
6982,0.054458838
6983,0.012670163
6984,0.050852187
6985,0.19571993
6986,0.42284226
6987,0.52250254
6988,0.077090986
6989,0.014300732
6990,0.030178703
6991,0.06115856
6992,0.017838703
6993,0.0723692
6994,0.15848939
6995,0.016783422
6996,0.030048007
6997,0.018854043
6998,0.021419946
6999,0.014396737
7000,0.08978927
7001,0.10926532
7002,0.39082277
7003,0.019341832
7004,0.042092055
7005,0.095597975
7006,0.10854392
7007,0.39309588
7008,0.08947858
7009,0.01562772
7010,0.011076942
7011,0.12875603
7012,0.043267958
7013,0.019833159
7014,0.08178898
7015,0.2564067
7016,0.056949474
7017,0.020555245
7018,0.010102521
7019,0.2613923
7020,0.020223685
7021,0.032771047
7022,0.15336625
7023,0.07278063
7024,0.0505142
7025,0.026879137
7026,0.036099795
7027,0.09330697
7028,0.28108034
7029,0.04159595
7030,0.0060395086
7031,0.02346241
7032,0.03706069
7033,0.04800143
7034,0.063748606
7035,0.26544186
7036,0.07213495
7037,0.26471138
7038,0.09857691
7039,0.035827145
7040,0.054975197
7041,0.053678524
7042,0.035097685
7043,0.26593268
7044,0.01829893
7045,0.111676805
7046,0.024176601
7047,0.11167269
7048,0.057351686
7049,0.011756049
7050,0.014037144
7051,0.28301996
7052,0.7863082
7053,0.23082499
7054,0.1127488
7055,0.021808082
7056,0.095575124
7057,0.04975275
7058,0.04872337
7059,0.110802054
7060,0.09198888
7061,0.10012938
7062,0.9245851
7063,0.08087468
7064,0.018258043
7065,0.08759899
7066,0.082829006
7067,0.023031807
7068,0.043601528
7069,0.1401763
7070,0.50566506
7071,0.07926643
7072,0.1294224
7073,0.04911348
7074,0.012712931
7075,0.034141183
7076,0.100308694
7077,0.038485996
7078,0.029036744
7079,0.07057745
7080,0.05844793
7081,0.032861743
7082,0.020838205
7083,0.06292541
7084,0.020845681
7085,0.17748734
7086,0.045721367
7087,0.04625604
7088,0.01956417
7089,0.03805405
7090,0.08377976
7091,0.1113487
7092,0.023079516
7093,0.057533022
7094,0.678517
7095,0.064207636
7096,0.11821363
7097,0.044545908
7098,0.056373715
7099,0.054333378
7100,0.017706344
7101,0.28887048
7102,0.033427224
7103,0.009509829
7104,0.011825883
7105,0.060070924
7106,0.1219497
7107,0.023708742
7108,0.11901528
7109,0.047597636
7110,0.02835993
7111,0.055110548
7112,0.40789285
7113,0.032143466
7114,0.02428187
7115,0.023353541
7116,0.017295336
7117,0.054306578
7118,0.036884665
7119,0.006204329
7120,0.15128799
7121,0.08172276
7122,0.019846968
7123,0.06746708
7124,0.1508245
7125,0.09865482
7126,0.080864824
7127,0.07368391
7128,0.031442672
7129,0.059312392
7130,0.01990197
7131,0.1538475
7132,0.27187476
7133,0.12157403
7134,0.008765854
7135,0.012078107
7136,0.036925893
7137,0.018748226
7138,0.016266482
7139,0.021027522
7140,0.024404649
7141,0.012931736
7142,0.019256568
7143,0.0105482815
7144,0.020330114
7145,0.019024929
7146,0.026258126
7147,0.05592021
7148,0.058254246
7149,0.120299526
7150,0.009052427
7151,0.118329495
7152,0.16670544
7153,0.010990278
7154,0.03155861
7155,0.018535463
7156,0.014464666
7157,0.027126657
7158,0.028121762
7159,0.02081193
7160,0.034344565
7161,0.014922676
7162,0.015704282
7163,0.0086694285
7164,0.0077744983
7165,0.059702955
7166,0.029591333
7167,0.040345635
7168,0.017402511
7169,0.015136449
7170,0.053475834
7171,0.020377172
7172,0.013185217
7173,0.0970935
7174,0.035579745
7175,0.05474922
7176,0.011888314
7177,0.0060803443
7178,0.011799913
7179,0.037749328
7180,0.010179477
7181,0.021434229
7182,0.10246409
7183,0.01598077
7184,0.005580847
7185,0.012056061
7186,0.15224677
7187,0.06486655
7188,0.07288557
7189,0.05920808
7190,0.090433195
7191,0.026037855
7192,0.016148442
7193,0.0061505125
7194,0.085994884
7195,0.021131445
7196,0.08285817
7197,0.006663906
7198,0.1271132
7199,0.020724101
7200,0.0122495685
7201,0.028229566
7202,0.03306774
7203,0.039017666
7204,0.03089832
7205,0.030975306
7206,0.01688039
7207,0.0168465
7208,0.010902234
7209,0.014763764
7210,0.040125884
7211,0.016957823
7212,0.014264258
7213,0.007327286
7214,0.07048142
7215,0.062479593
7216,0.031172391
7217,0.0099345865
7218,0.1683233
7219,0.02682403
7220,0.03030789
7221,0.0060504237
7222,0.019079976
7223,0.021064147
7224,0.05878395
7225,0.02488264
7226,0.032384183
7227,0.03738488
7228,0.012367656
7229,0.01147949
7230,0.018192554
7231,0.03332011
7232,0.09902815
7233,0.1399795
7234,0.10183689
7235,0.023477478
7236,0.021131244
7237,0.033859167
7238,0.04958293
7239,0.025044668
7240,0.049572267
7241,0.05674099
7242,0.016631138
7243,0.03726991
7244,0.042215597
7245,0.033450235
7246,0.037425157
7247,0.0949398
7248,0.04185642
7249,0.009502511
7250,0.03514598
7251,0.031977925
7252,0.09409334
7253,0.06457387
7254,0.0387247
7255,0.26570576
7256,0.2871324
7257,0.020225765
7258,0.042757362
7259,0.275466
7260,0.060188808
7261,0.3902715
7262,0.07249227
7263,0.123176426
7264,0.052808154
7265,0.02837972
7266,0.08123202
7267,0.03967718
7268,0.021747604
7269,0.012962198
7270,0.10934971
7271,0.033021357
7272,0.54586965
7273,0.12838376
7274,0.042696647
7275,0.03534343
7276,0.12410112
7277,0.05166587
7278,0.03180278
7279,0.025505096
7280,0.04846243
7281,0.0381485
7282,0.020699997
7283,0.01754838
7284,0.034548648
7285,0.09735223
7286,0.12344796
7287,0.40641692
7288,0.4432594
7289,0.042913064
7290,0.06162778
7291,0.23694097
7292,0.1347961
7293,0.0238904
7294,0.055486143
7295,0.043321956
7296,0.068857625
7297,0.07547631
7298,0.444087
7299,0.10545291
7300,0.3712829
7301,0.40101242
7302,0.10818885
7303,0.023015505
7304,0.33349597
7305,0.06836985
7306,0.2831683
7307,0.049545847
7308,0.05516183
7309,0.045694042
7310,0.054280836
7311,0.21052708
7312,0.10137462
7313,0.07665028
7314,0.03482141
7315,0.05929237
7316,0.41891274
7317,0.04857577
7318,0.032783907
7319,0.061659288
7320,0.058775194
7321,0.07877089
7322,0.04543676
7323,0.039390177
7324,0.09401008
7325,0.030920824
7326,0.051959608
7327,0.25443083
7328,0.15256798
7329,0.053313434
7330,0.047190063
7331,0.006156014
7332,0.016535599
7333,0.3800238
7334,0.10947585
7335,0.06240059
7336,0.41166037
7337,0.2930027
7338,0.08858579
7339,0.057945095
7340,0.022924744
7341,0.019513305
7342,0.046166025
7343,0.013184426
7344,0.058108307
7345,0.065066874
7346,0.01694948
7347,0.08996027
7348,0.2519575
7349,0.37410253
7350,0.011836571
7351,0.020619873
7352,0.023506457
7353,0.046561003
7354,0.010051959
7355,0.03159865
7356,0.0308597
7357,0.039106708
7358,0.27427813
7359,0.022945596
7360,0.055900592
7361,0.009261011
7362,0.046204895
7363,0.040550467
7364,0.030942645
7365,0.12069898
7366,0.46117246
7367,0.050210252
7368,0.075625286
7369,0.023072498
7370,0.024658581
7371,0.054587953
7372,0.069929674
7373,0.014435259
7374,0.033008005
7375,0.01875546
7376,0.10614411
7377,0.16640924
7378,0.10272921
7379,0.11649319
7380,0.0827354
7381,0.037636492
7382,0.039504986
7383,0.039448205
7384,0.046641134
7385,0.09642932
7386,0.05942322
7387,0.23954345
7388,0.024450518
7389,0.050291557
7390,0.03953607
7391,0.025698794
7392,0.024160298
7393,0.029366728
7394,0.05568806
7395,0.021067683
7396,0.027412433
7397,0.08149308
7398,0.204416
7399,0.26026607
7400,0.048884958
7401,0.051741254
7402,0.046460446
7403,0.10214834
7404,0.06399873
7405,0.020171946
7406,0.06877101
7407,0.01974873
7408,0.015094123
7409,0.032402772
7410,0.14722523
7411,0.036322176
7412,0.03149763
7413,0.03738863
7414,0.071858756
7415,0.09381515
7416,0.15497907
7417,0.1373575
7418,0.23229057
7419,0.07374698
7420,0.054037854
7421,0.024172148
7422,0.06332998
7423,0.058531698
7424,0.011580981
7425,0.11976956
7426,0.055280246
7427,0.578306
7428,0.12388748
7429,0.026568882
7430,0.12561111
7431,0.060153954
7432,0.052360456
7433,0.022567332
7434,0.021625364
7435,0.010885725
7436,0.067875504
7437,0.023124665
7438,0.0131875565
7439,0.018476713
7440,0.025312971
7441,0.0980457
7442,0.0534638
7443,0.1948935
7444,0.08024281
7445,0.12919216
7446,0.30870265
7447,0.42983246
7448,0.07319957
7449,0.03309403
7450,0.09099194
7451,0.024477499
7452,0.050299767
7453,0.008081162
7454,0.084848024
7455,0.061440013
7456,0.12669249
7457,0.045597296
7458,0.11383312
7459,0.04696857
7460,0.06568703
7461,0.03806933
7462,0.020797515
7463,0.021997511
7464,0.13030149
7465,0.0096758455
7466,0.034317583
7467,0.07767124
7468,0.039403748
7469,0.013935211
7470,0.03117464
7471,0.04549974
7472,0.07033986
7473,0.088032134
7474,0.14097112
7475,0.11867822
7476,0.26872647
7477,0.13809976
7478,0.113887995
7479,0.016888583
7480,0.118677124
7481,0.06439257
7482,0.04774244
7483,0.086424515
7484,0.037101533
7485,0.05798763
7486,0.04197953
7487,0.05386073
7488,0.087237224
7489,0.03713203
7490,0.065963574
7491,0.0075995494
7492,0.026756365
7493,0.034752317
7494,0.019575242
7495,0.08386634
7496,0.020213768
7497,0.04629423
7498,0.084782965
7499,0.07446899
7500,0.15841308
7501,0.5458229
7502,0.11636234
7503,0.1302099
7504,0.076935574
7505,0.080518484
7506,0.09204332
7507,0.117361784
7508,0.0658136
7509,0.025253518
7510,0.26802683
7511,0.07458889
7512,0.08503581
7513,0.06753696
7514,0.08293834
7515,0.021625249
7516,0.021068757
7517,0.02841469
7518,0.050856307
7519,0.1948534
7520,0.06891631
7521,0.06454744
7522,0.12553945
7523,0.6608923
7524,0.120296076
7525,0.020743866
7526,0.2328854
7527,0.068675414
7528,0.27097076
7529,0.2647852
7530,0.08492503
7531,0.056414608
7532,0.045181666
7533,0.10540653
7534,0.15983628
7535,0.046133947
7536,0.1705304
7537,0.083887145
7538,0.09937898
7539,0.017644571
7540,0.021743977
7541,0.06739543
7542,0.09441361
7543,0.022037698
7544,0.13430642
7545,0.15775786
7546,0.13642243
7547,0.08578493
7548,0.03519754
7549,0.11989733
7550,0.17188844
7551,0.26248464
7552,0.077587076
7553,0.011520323
7554,0.06391706
7555,0.025052171
7556,0.06844682
7557,0.5818207
7558,0.044266906
7559,0.096648544
7560,0.4207357
7561,0.27103198
7562,0.016181352
7563,0.021718962
7564,0.0132421125
7565,0.01553352
7566,0.056834333
7567,0.062117953
7568,0.15748212
7569,0.16344218
7570,0.19906805
7571,0.102356166
7572,0.264671
7573,0.25119314
7574,0.16834861
7575,0.26215464
7576,0.24659725
7577,0.101210535
7578,0.059742548
7579,0.08167687
7580,0.06267217
7581,0.26415816
7582,0.8813113
7583,0.0068832934
7584,0.055148914
7585,0.33876842
7586,0.020808846
7587,0.055406164
7588,0.27435035
7589,0.020705778
7590,0.020450274
7591,0.062816635
7592,0.09606868
7593,0.02282427
7594,0.058695447
7595,0.27727214
7596,0.05285084
7597,0.091128
7598,0.26303717
7599,0.15625717
7600,0.22853008
7601,0.39223114
7602,0.20834741
7603,0.035854112
7604,0.26611447
7605,0.24778043
7606,0.23622887
7607,0.9288545
7608,0.33849418
7609,0.266504
7610,0.0070484197
7611,0.028532706
7612,0.1484534
7613,0.06369192
7614,0.023350518
7615,0.011944312
7616,0.008962315
7617,0.06566248
7618,0.015578485
7619,0.033731133
7620,0.06828065
7621,0.11293749
7622,0.11413958
7623,0.12605369
7624,0.08967306
7625,0.25213438
7626,0.11477762
7627,0.031993385
7628,0.11326744
7629,0.27716827
7630,0.020700755
7631,0.14832854
7632,1.0483984
7633,1.0076274
7634,0.6489408
7635,0.0076802964
7636,0.032859307
7637,0.089597456
7638,0.30104482
7639,0.08632292
7640,0.06544708
7641,0.06450324
7642,0.08002326
7643,0.07275644
7644,0.015555907
7645,0.20849727
7646,0.020395057
7647,0.040467616
7648,0.13040389
7649,0.12239379
7650,0.0703669
7651,0.058007795
7652,0.23473571
7653,0.18027695
7654,0.0068868813
7655,0.02869765
7656,0.25379747
7657,0.10774894
7658,0.107133955
7659,0.9002087
7660,0.93829256
7661,0.6744233
7662,0.01142727
7663,0.02007491
7664,0.16197613
7665,0.032854393
7666,0.19713953
7667,0.092572875
7668,0.26422396
7669,0.052035257
7670,0.09472843
7671,0.025737852
7672,0.09492863
7673,0.120876014
7674,0.16077714
7675,0.13503732
7676,0.52706873
7677,0.28088722
7678,0.25320438
7679,0.16238722
7680,0.090029836
7681,0.07202233
7682,0.12865065
7683,0.05290303
7684,0.04416274
7685,0.02756843
7686,0.13577074
7687,0.14015593
7688,0.06883016
7689,0.09415102
7690,0.023479914
7691,1.0282087
7692,1.0331414
7693,0.92027295
7694,0.08531839
7695,0.0477609
7696,0.35665417
7697,0.012813108
7698,0.25255704
7699,0.03361485
7700,0.023416782
7701,0.024845729
7702,0.05038255
7703,0.11419558
7704,0.05632191
7705,0.2774274
7706,0.71730447
7707,0.08132471
7708,0.14580162
7709,0.10962921
7710,0.2572161
7711,0.08168606
7712,0.15019567
7713,0.11032409
7714,0.036078665
7715,0.09851284
7716,0.117050655
7717,0.113876484
7718,0.04684423
7719,0.026395302
7720,0.38378242
7721,0.33814272
7722,0.26427162
7723,0.071933724
7724,0.031004654
7725,0.123215206
7726,0.07844087
7727,0.27825934
7728,0.03499497
7729,0.05154189
7730,0.052724786
7731,0.025073761
7732,0.026733397
7733,0.055393394
7734,0.05138793
7735,0.26401067
7736,0.8839335
7737,0.39879963
7738,0.2764639
7739,0.13140185
7740,0.16662036
7741,0.267598
7742,0.54321057
7743,0.08067062
7744,0.03395529
7745,0.0441286
7746,0.037344627
7747,0.14970954
7748,0.15698166
7749,0.110587
7750,0.50538015
7751,0.25924468
7752,0.15461443
7753,0.96102047
7754,0.14113075
7755,0.021111393
7756,0.13625944
7757,0.17437285
7758,0.027582295
7759,0.058697537
7760,0.26867932
7761,0.06893528
7762,0.046117216
7763,0.045237623
7764,0.058892988
7765,0.25278288
7766,0.39866716
7767,0.26974747
7768,0.42068416
7769,0.3712246
7770,0.158491
7771,0.15011732
7772,0.38410565
7773,0.028691541
7774,0.16155508
7775,0.0862865
7776,0.056310277
7777,0.44870505
7778,0.40534177
7779,0.062153995
7780,0.5257765
7781,0.3679269
7782,0.08532206
7783,0.115715414
7784,0.08374242
7785,0.048861403
7786,0.012364009
7787,0.019364294
7788,0.037471745
7789,0.072318844
7790,0.09627386
7791,0.1091024
7792,0.14458995
7793,0.31349915
7794,0.8169466
7795,0.47930557
7796,0.42329222
7797,0.55578375
7798,0.11757465
7799,0.021727514
7800,0.07605927
7801,0.07081538
7802,0.14588027
7803,0.27091858
7804,0.081162155
7805,0.029463807
7806,0.06940949
7807,0.13483858
7808,0.023595333
7809,0.054033775
7810,0.11271354
7811,0.020340554
7812,0.045282707
7813,0.022925388
7814,0.015771922
7815,0.041067097
7816,0.080461144
7817,0.0640881
7818,0.100458235
7819,0.26076442
7820,0.2817953
7821,0.25052667
7822,0.90636706
7823,0.5950309
7824,0.2873846
7825,0.115268014
7826,0.006976112
7827,0.049297914
7828,0.02510601
7829,0.06247702
7830,0.11456708
7831,0.020582529
7832,0.010694872
7833,0.03526227
7834,0.6192856
7835,0.1308544
7836,0.021481706
7837,0.06673057
7838,0.05561168
7839,0.11093495
7840,0.04716433
7841,0.054182906
7842,0.021844916
7843,0.04810412
7844,0.021894848
7845,0.037829075
7846,0.09731366
7847,0.124740005
7848,0.539835
7849,0.3363415
7850,0.2428799
7851,0.9173426
7852,0.33719265
7853,0.49179474
7854,0.14843793
7855,0.046368036
7856,0.03236521
7857,0.04187834
7858,0.054030553
7859,0.05339738
7860,0.044419415
7861,0.06360478
7862,0.40912393
7863,0.20351069
7864,0.37183654
7865,0.034174044
7866,0.10752968
7867,0.12156656
7868,0.13680089
7869,0.17256865
7870,0.051170357
7871,0.032175485
7872,0.052607913
7873,0.2518987
7874,0.6255512
7875,0.44319844
7876,0.5965171
7877,0.1636754
7878,0.4140096
7879,0.19586696
7880,0.11050212
7881,0.045879018
7882,0.015018351
7883,0.012537961
7884,0.014424553
7885,0.044516865
7886,0.03447284
7887,0.1303302
7888,0.14139456
7889,0.06553357
7890,0.1939063
7891,0.032240324
7892,0.07843225
7893,0.19977587
7894,0.04784971
7895,0.006630914
7896,0.014310539
7897,0.015000748
7898,0.12080271
7899,0.24637544
7900,0.035381205
7901,0.27607742
7902,0.26803112
7903,0.089396045
7904,0.11746029
7905,0.034303952
7906,0.093640484
7907,0.084703624
7908,0.04528324
7909,0.1279313
7910,0.12514709
7911,0.04500348
7912,0.010734796
7913,0.1228131
7914,0.012471001
7915,0.09619886
7916,0.0077722305
7917,0.041016284
7918,0.042630278
7919,0.14766861
7920,0.046536382
7921,0.056483068
7922,0.0121743465
7923,0.052983012
7924,0.15946355
7925,0.48562533
7926,0.5073698
7927,0.083554454
7928,0.012325734
7929,0.021121137
7930,0.031124318
7931,0.06036334
7932,0.073948674
7933,0.15491246
7934,0.01743644
7935,0.03123786
7936,0.01930821
7937,0.034255166
7938,0.02199768
7939,0.01484607
7940,0.029640276
7941,0.091495216
7942,0.106061056
7943,0.41861317
7944,0.018611798
7945,0.023506586
7946,0.038001183
7947,0.099426664
7948,0.10546479
7949,0.3378057
7950,0.09516635
7951,0.015903627
7952,0.13089329
7953,0.042873044
7954,0.08447155
7955,0.25463986
7956,0.05819382
7957,0.022050811
7958,0.0116736675
7959,0.22735049
7960,0.018509943
7961,0.031459738
7962,0.15110348
7963,0.07406975
7964,0.050756965
7965,0.026381698
7966,0.03625717
7967,0.0819367
7968,0.2797755
7969,0.037318215
7970,0.024040151
7971,0.038661104
7972,0.043784518
7973,0.0711611
7974,0.26787895
7975,0.07233546
7976,0.17185955
7977,0.09893441
7978,0.03343746
7979,0.055731732
7980,0.053332336
7981,0.03535743
7982,0.1721166
7983,0.020051908
7984,0.12321891
7985,0.023437314
7986,0.110664904
7987,0.05608772
7988,0.011597398
7989,0.01465571
7990,0.27657738
7991,0.74290943
7992,0.23604436
7993,0.11620029
7994,0.018319424
7995,0.095881306
7996,0.052548222
7997,0.048680644
7998,0.109505825
7999,0.09203047
8000,0.10361257
8001,0.98964447
8002,0.021657184
8003,0.083424374
8004,0.019903162
8005,0.09166262
8006,0.08369702
8007,0.022367142
8008,0.045902155
8009,0.15053047
8010,0.52361923
8011,0.07814623
8012,0.1270546
8013,0.026814435
8014,0.0423143
8015,0.012857165
8016,0.031137047
8017,0.10123406
8018,0.03806656
8019,0.030348293
8020,0.06596035
8021,0.06533431
8022,0.03129444
8023,0.06534698
8024,0.020989463
8025,0.16362856
8026,0.046100494
8027,0.047924418
8028,0.018770652
8029,0.038823597
8030,0.087157734
8031,0.11617614
8032,0.023677865
8033,0.028526645
8034,0.05682235
8035,0.6102991
8036,0.06400275
8037,0.11877621
8038,0.05163715
8039,0.04694466
8040,0.06140042
8041,0.05432327
8042,0.42074165
8043,0.03594769
8044,0.017041638
8045,0.0576134
8046,0.115113296
8047,0.023466736
8048,0.117423646
8049,0.047016457
8050,0.029215086
8051,0.05728761
8052,0.22197315
8053,0.031615946
8054,0.025079964
8055,0.0069814357
8056,0.023470426
8057,0.05667031
8058,0.009934356
8059,0.038015522
8060,0.2552577
8061,0.080869645
8062,0.0649814
8063,0.1753038
8064,0.0997557
8065,0.07853586
8066,0.07018619
8067,0.061473165
8068,0.16007008
8069,0.2665404
8070,0.12525195
8071,0.007368204
8072,0.005580579
8073,0.03799848
8074,0.019203275
8075,0.016917259
8076,0.023420688
8077,0.012003269
8078,0.023975879
8079,0.013564401
8080,0.01994715
8081,0.011570539
8082,0.020141473
8083,0.011413881
8084,0.027981417
8085,0.056765426
8086,0.056818232
8087,0.10863386
8088,0.1257043
8089,0.17884721
8090,0.012062614
8091,0.015310935
8092,0.03278425
8093,0.01881517
8094,0.01591993
8095,0.028693719
8096,0.020890938
8097,0.03515425
8098,0.015345676
8099,0.008581568
8100,0.0092593385
8101,0.06785276
8102,0.040079318
8103,0.01760914
8104,0.052710198
8105,0.018556483
8106,0.019003712
8107,0.012998668
8108,0.101349674
8109,0.035139047
8110,0.058476638
8111,0.011471077
8112,0.006419467
8113,0.013249119
8114,0.033414293
8115,0.011684886
8116,0.10018118
8117,0.0060825436
8118,0.1451546
8119,0.06441557
8120,0.06632387
8121,0.06630103
8122,0.010319783
8123,0.09356871
8124,0.027514705
8125,0.011032613
8126,0.08559349
8127,0.021395668
8128,0.09172459
8129,0.008706465
8130,0.13698602
8131,0.021686802
8132,0.03406947
8133,0.040432107
8134,0.031576596
8135,0.018277192
8136,0.01817907
8137,0.0147744
8138,0.04193238
8139,0.015984144
8140,0.015114639
8141,0.06967252
8142,0.062376328
8143,0.03233587
8144,0.15386246
8145,0.02548752
8146,0.0063744555
8147,0.01843561
8148,0.023040226
8149,0.05975236
8150,0.023897314
8151,0.01713333
8152,0.033766683
8153,0.037529938
8154,0.011117193
8155,0.102520585
8156,0.13583817
8157,0.010126891
8158,0.021511381
8159,0.09594087
8160,0.015421846
8161,0.022792913
8162,0.038069226
8163,0.056879442
8164,0.030527642
8165,0.033359013
8166,0.09249563
8167,0.043963242
8168,0.036693167
8169,0.110369496
8170,0.03747918
8171,0.06539352
8172,0.042468764
8173,0.26481894
8174,0.3323308
8175,0.27394077
8176,0.057030283
8177,0.28098536
8178,0.21025418
8179,0.24850412
8180,0.055567358
8181,0.028132757
8182,0.019872049
8183,0.07852713
8184,0.014955043
8185,0.04037118
8186,0.02111995
8187,0.24824277
8188,0.030449256
8189,0.5062116
8190,0.26100427
8191,0.04760236
8192,0.03596038
8193,0.25892785
8194,0.053268217
8195,0.03155028
8196,0.049723383
8197,0.040443
8198,0.020598844
8199,0.017166564
8200,0.03396662
8201,0.10546195
8202,0.12238695
8203,0.40457255
8204,0.4639042
8205,0.03944606
8206,0.064411625
8207,0.24208772
8208,0.24871764
8209,0.010089359
8210,0.05579978
8211,0.04390312
8212,0.06742281
8213,0.07405504
8214,0.032981537
8215,0.4085616
8216,0.11629415
8217,0.12869667
8218,0.440706
8219,0.10693009
8220,0.023318233
8221,0.35080755
8222,0.06449928
8223,0.455934
8224,0.045741357
8225,0.05329202
8226,0.044205796
8227,0.053659182
8228,0.028297499
8229,0.091478646
8230,0.09273235
8231,0.07710118
8232,0.03458365
8233,0.03447197
8234,0.059871078
8235,0.3148058
8236,0.046438307
8237,0.06099488
8238,0.061615694
8239,0.07842411
8240,0.03454824
8241,0.04603926
8242,0.042481937
8243,0.09513152
8244,0.032826148
8245,0.056192655
8246,0.13316254
8247,0.41119993
8248,0.052625474
8249,0.047678247
8250,0.0056787124
8251,0.017134173
8252,0.35191193
8253,0.11215789
8254,0.061649214
8255,0.40361294
8256,0.30193865
8257,0.010142674
8258,0.0070049358
8259,0.089740664
8260,0.05912177
8261,0.021245683
8262,0.02197933
8263,0.020057822
8264,0.047250293
8265,0.05945289
8266,0.06732728
8267,0.09749922
8268,0.15945777
8269,0.40883386
8270,0.020221265
8271,0.026309714
8272,0.010158395
8273,0.034206375
8274,0.031570975
8275,0.03991495
8276,0.27600113
8277,0.023860274
8278,0.056256775
8279,0.010782853
8280,0.046392072
8281,0.044564873
8282,0.029796952
8283,0.13075598
8284,0.4857951
8285,0.048539042
8286,0.07807992
8287,0.022350406
8288,0.024437115
8289,0.054305177
8290,0.070545204
8291,0.012207232
8292,0.034698967
8293,0.01757542
8294,0.116541795
8295,0.16595072
8296,0.10762382
8297,0.11636382
8298,0.074836105
8299,0.03707059
8300,0.037824225
8301,0.036985416
8302,0.046273142
8303,0.0978476
8304,0.061638657
8305,0.23969921
8306,0.021891471
8307,0.052730102
8308,0.03887533
8309,0.026847987
8310,0.026796103
8311,0.031176008
8312,0.056508124
8313,0.02781055
8314,0.083616056
8315,0.1693736
8316,0.21875621
8317,0.04790655
8318,0.050894424
8319,0.043930553
8320,0.10429987
8321,0.065593824
8322,0.021485656
8323,0.06762356
8324,0.01992044
8325,0.013831959
8326,0.031929366
8327,0.13559099
8328,0.036920983
8329,0.03201334
8330,0.04104297
8331,0.0715165
8332,0.08306446
8333,0.26886892
8334,0.24452794
8335,0.23321547
8336,0.07378781
8337,0.058976904
8338,0.025190562
8339,0.06314473
8340,0.05951643
8341,0.011518846
8342,0.12679827
8343,0.056341935
8344,0.5370045
8345,0.12954418
8346,0.02611813
8347,0.1218902
8348,0.060978767
8349,0.05095207
8350,0.024648726
8351,0.011976105
8352,0.014787707
8353,0.066820875
8354,0.009046355
8355,0.024387443
8356,0.024657985
8357,0.102902785
8358,0.054231882
8359,0.09660684
8360,0.08100114
8361,0.12587248
8362,0.34646872
8363,0.46253672
8364,0.07311418
8365,0.030203775
8366,0.090987734
8367,0.0237037
8368,0.04839481
8369,0.028818518
8370,0.009215444
8371,0.08640855
8372,0.061836332
8373,0.12596057
8374,0.04631037
8375,0.11262534
8376,0.048673447
8377,0.06334153
8378,0.021626443
8379,0.022739174
8380,0.13396566
8381,0.0123244515
8382,0.037130762
8383,0.077105254
8384,0.013143807
8385,0.02853548
8386,0.048591
8387,0.071222804
8388,0.08747353
8389,0.23175178
8390,0.10344159
8391,0.2711047
8392,0.14311288
8393,0.15811636
8394,0.01692861
8395,0.11112737
8396,0.018632911
8397,0.062702104
8398,0.010480683
8399,0.048226766
8400,0.093426816
8401,0.037697062
8402,0.025478298
8403,0.058988884
8404,0.041253403
8405,0.051591445
8406,0.09146107
8407,0.035508484
8408,0.06633657
8409,0.008822243
8410,0.030903995
8411,0.085683316
8412,0.04711266
8413,0.086872034
8414,0.064278424
8415,0.15047368
8416,0.5815609
8417,0.10435896
8418,0.11709782
8419,0.07051967
8420,0.16942948
8421,0.09014186
8422,0.113943055
8423,0.07037246
8424,0.02604191
8425,0.2665847
8426,0.07774742
8427,0.08356432
8428,0.065919414
8429,0.08506536
8430,0.021409089
8431,0.030806193
8432,0.02242248
8433,0.028590562
8434,0.048540637
8435,0.16570792
8436,0.07269502
8437,0.05875665
8438,0.13463391
8439,0.6376414
8440,0.11613671
8441,0.022402845
8442,0.2503927
8443,0.06697574
8444,0.26247787
8445,0.26195657
8446,0.08753865
8447,0.023179162
8448,0.05761518
8449,0.044630338
8450,0.10624806
8451,0.17620301
8452,0.049057
8453,0.1657239
8454,0.08864171
8455,0.10241813
8456,0.025303673
8457,0.026649244
8458,0.07077822
8459,0.090318955
8460,0.021391498
8461,0.13808253
8462,0.1631777
8463,0.14023806
8464,0.08897352
8465,0.032762676
8466,0.12564445
8467,0.19823815
8468,0.26947907
8469,0.07071347
8470,0.0073595233
8471,0.067681596
8472,0.065738134
8473,0.57330185
8474,0.044194832
8475,0.10339456
8476,0.43183416
8477,0.27454114
8478,0.015979392
8479,0.020869762
8480,0.014010334
8481,0.052969124
8482,0.06448665
8483,0.16397583
8484,0.25733477
8485,0.009830233
8486,0.107694626
8487,0.104800865
8488,0.27184305
8489,0.1489351
8490,0.1556386
8491,0.26541317
8492,0.3998271
8493,0.1038493
8494,0.057988003
8495,0.090364
8496,0.06132761
8497,0.2677704
8498,0.81172717
8499,0.006551558
8500,0.057154197
8501,0.38757434
8502,0.020356532
8503,0.05499223
8504,0.40906942
8505,0.021878662
8506,0.06491728
8507,0.098004185
8508,0.022443792
8509,0.0571446
8510,0.38696614
8511,0.051877953
8512,0.095574014
8513,0.26887584
8514,0.26757428
8515,0.2639257
8516,0.3860653
8517,0.27793705
8518,0.033080284
8519,0.26088107
8520,0.22790067
8521,0.13073243
8522,0.9242873
8523,0.33652228
8524,0.36720806
8525,0.0071784263
8526,0.027730621
8527,0.14409652
8528,0.018411985
8529,0.06169837
8530,0.032863043
8531,0.02440034
8532,0.015060929
8533,0.015901921
8534,0.008050031
8535,0.06748862
8536,0.013366761
8537,0.031112973
8538,0.06902494
8539,0.11038432
8540,0.10819907
8541,0.1352468
8542,0.094375536
8543,0.25888467
8544,0.23704821
8545,0.034337696
8546,0.1122646
8547,0.16551147
8548,0.022145033
8549,0.15211849
8550,0.81287014
8551,1.02475
8552,0.6053776
8553,0.0071743703
8554,0.035146307
8555,0.016954575
8556,0.08945618
8557,0.36639163
8558,0.08674843
8559,0.02155663
8560,0.066230156
8561,0.01664959
8562,0.06548645
8563,0.077218935
8564,0.07680535
8565,0.01603458
8566,0.22565638
8567,0.020264478
8568,0.04005811
8569,0.13444321
8570,0.120509505
8571,0.06358764
8572,0.055817567
8573,0.23186465
8574,0.18140174
8575,0.028596593
8576,0.2537273
8577,0.111668944
8578,0.21392538
8579,0.9764378
8580,0.92249155
8581,0.6921048
8582,0.020488128
8583,0.16242151
8584,0.032498736
8585,0.19570032
8586,0.09311397
8587,0.26091737
8588,0.05285199
8589,0.09577418
8590,0.027221018
8591,0.095125005
8592,0.11834487
8593,0.15252073
8594,0.11956057
8595,0.5309888
8596,0.4094921
8597,0.25738767
8598,0.1522146
8599,0.095958896
8600,0.059639215
8601,0.13024436
8602,0.05151582
8603,0.043864
8604,0.1367068
8605,0.13749504
8606,0.06963877
8607,0.09614422
8608,0.028690603
8609,0.833515
8610,0.95045996
8611,0.931057
8612,0.095265865
8613,0.04725221
8614,0.13656202
8615,0.27126744
8616,0.02234679
8617,0.025429063
8618,0.050221518
8619,0.11628638
8620,0.05976832
8621,0.4229486
8622,0.6454601
8623,0.08145941
8624,0.13553156
8625,0.110882655
8626,0.1568463
8627,0.07872728
8628,0.3259451
8629,0.23390655
8630,0.0360362
8631,0.097397506
8632,0.11915929
8633,0.11287034
8634,0.04790262
8635,0.028229905
8636,0.50053495
8637,0.2805614
8638,0.2750212
8639,0.0731012
8640,0.031242188
8641,0.122511685
8642,0.081188075
8643,0.27772978
8644,0.03499395
8645,0.054485694
8646,0.053294014
8647,0.023824586
8648,0.027446765
8649,0.055342864
8650,0.05293338
8651,0.26462078
8652,0.7941977
8653,0.40341604
8654,0.275906
8655,0.13065784
8656,0.16730386
8657,0.16847014
8658,0.60138005
8659,0.09310565
8660,0.033497114
8661,0.037096605
8662,0.1629609
8663,0.155244
8664,0.11447113
8665,0.2975562
8666,0.26619932
8667,0.26879564
8668,0.92524046
8669,0.14627008
8670,0.021405736
8671,0.14097658
8672,0.2662462
8673,0.029149674
8674,0.06323817
8675,0.290391
8676,0.07145577
8677,0.046578083
8678,0.046135176
8679,0.05843978
8680,0.25259778
8681,0.2934817
8682,0.38795528
8683,0.49453
8684,0.2757852
8685,0.16637845
8686,0.15846555
8687,0.26131296
8688,0.019070571
8689,0.028527156
8690,0.1613217
8691,0.088844016
8692,0.055960517
8693,0.27751446
8694,0.1920871
8695,0.06203559
8696,0.57800025
8697,0.19564837
8698,0.0069235866
8699,0.0896513
8700,0.12128918
8701,0.08470036
8702,0.050591778
8703,0.010895249
8704,0.038387567
8705,0.06881604
8706,0.094544984
8707,0.111563616
8708,0.14705609
8709,0.34160668
8710,0.883141
8711,0.41142142
8712,0.39513758
8713,0.610171
8714,0.114239104
8715,0.022156715
8716,0.07682614
8717,0.07322337
8718,0.15469192
8719,0.27031788
8720,0.08802746
8721,0.03183103
8722,0.06713753
8723,0.24994361
8724,0.022069972
8725,0.0062465793
8726,0.047671054
8727,0.11040223
8728,0.02039924
8729,0.045979
8730,0.022042962
8731,0.014847661
8732,0.034972064
8733,0.08419096
8734,0.063506335
8735,0.10312665
8736,0.25317734
8737,0.2776394
8738,0.2761582
8739,0.81078345
8740,0.68387383
8741,0.35165304
8742,0.11556774
8743,0.00727173
8744,0.052207857
8745,0.026267389
8746,0.060587693
8747,0.11572387
8748,0.02256988
8749,0.008484413
8750,0.037992828
8751,0.6593848
8752,0.12993093
8753,0.021093586
8754,0.0684744
8755,0.051670108
8756,0.22999664
8757,0.04627635
8758,0.053721026
8759,0.0160289
8760,0.04778434
8761,0.020693509
8762,0.020277357
8763,0.039333392
8764,0.088658325
8765,0.13025631
8766,0.51680094
8767,0.41891673
8768,0.24558052
8769,0.95937914
8770,0.41516888
8771,0.48066235
8772,0.14420667
8773,0.04591053
8774,0.034254353
8775,0.0418974
8776,0.053601347
8777,0.05454816
8778,0.014400428
8779,0.046421
8780,0.05870238
8781,0.44845867
8782,0.20286341
8783,0.19693819
8784,0.033707883
8785,0.109288156
8786,0.12908837
8787,0.1264744
8788,0.16464804
8789,0.05011846
8790,0.035632405
8791,0.053517837
8792,0.1566277
8793,0.6527879
8794,0.4254804
8795,0.54356915
8796,0.26452658
8797,0.263524
8798,0.16989344
8799,0.106086396
8800,0.039599363
8801,0.026003579
8802,0.013081801
8803,0.0439577
8804,0.033181828
8805,0.13236514
8806,0.13920061
8807,0.07196164
8808,0.27672032
8809,0.030467838
8810,0.0819924
8811,0.3552013
8812,0.04874693
8813,0.007749216
8814,0.0138917
8815,0.017633522
8816,0.12681998
8817,0.25014848
8818,0.035300195
8819,0.2430948
8820,0.26501566
8821,0.09141454
8822,0.115154
8823,0.038292404
8824,0.09401574
8825,0.08598342
8826,0.043917414
8827,0.12915
8828,0.12541062
8829,0.044601522
8830,0.010622104
8831,0.3123923
8832,0.0129077835
8833,0.017051922
8834,0.09382712
8835,0.007452225
8836,0.03784223
8837,0.043062534
8838,0.14811008
8839,0.04770106
8840,0.053467836
8841,0.013146264
8842,0.054313805
8843,0.20207857
8844,0.46386388
8845,0.5171994
8846,0.08110759
8847,0.013253069
8848,0.02043345
8849,0.021465406
8850,0.031368606
8851,0.061185185
8852,0.018991217
8853,0.07511462
8854,0.15849192
8855,0.017433858
8856,0.03138052
8857,0.018606406
8858,0.03493401
8859,0.022338353
8860,0.014848557
8861,0.030242415
8862,0.093552604
8863,0.112109065
8864,0.4385901
8865,0.018225906
8866,0.023222879
8867,0.037175838
8868,0.09822528
8869,0.1180737
8870,0.31979674
8871,0.09300714
8872,0.018669672
8873,0.23345676
8874,0.04247722
8875,0.020235488
8876,0.08532869
8877,0.14409292
8878,0.058766697
8879,0.013887841
8880,0.019609163
8881,0.011483958
8882,0.1992929
8883,0.017894352
8884,0.032222517
8885,0.15315858
8886,0.07793182
8887,0.05119066
8888,0.025008475
8889,0.035001997
8890,0.08737687
8891,0.39116853
8892,0.03705836
8893,0.0066721174
8894,0.02410726
8895,0.036556967
8896,0.04829895
8897,0.06777901
8898,0.26578665
8899,0.07411086
8900,0.26285055
8901,0.10040264
8902,0.037668
8903,0.05392175
8904,0.052601837
8905,0.036627837
8906,0.1745352
8907,0.018552853
8908,0.12780167
8909,0.02585543
8910,0.116521925
8911,0.05842278
8912,0.010957236
8913,0.015480257
8914,0.27772525
8915,0.79569954
8916,0.23868068
8917,0.10979802
8918,0.09449087
8919,0.050630003
8920,0.047633156
8921,0.11155071
8922,0.09300172
8923,0.124099635
8924,0.9035322
8925,0.023279235
8926,0.07887302
8927,0.019124912
8928,0.08871091
8929,0.08048963
8930,0.02320269
8931,0.04498212
8932,0.15479594
8933,0.49258024
8934,0.07894743
8935,0.25720528
8936,0.027059715
8937,0.019975552
8938,0.05102375
8939,0.013095823
8940,0.031156162
8941,0.10301668
8942,0.039126873
8943,0.031016704
8944,0.0064144786
8945,0.06921166
8946,0.05332799
8947,0.03200002
8948,0.021907741
8949,0.06530855
8950,0.022203404
8951,0.15793027
8952,0.04730769
8953,0.044705182
8954,0.018968942
8955,0.038885158
8956,0.08700968
8957,0.1145897
8958,0.02441147
8959,0.027225243
8960,0.059538685
8961,0.6248876
8962,0.069222
8963,0.114255115
8964,0.048772477
8965,0.045618944
8966,0.059276547
8967,0.05609615
8968,0.02372165
8969,0.32519138
8970,0.035293333
8971,0.005968102
8972,0.008087478
8973,0.018914446
8974,0.060577232
8975,0.118259035
8976,0.024470283
8977,0.12056205
8978,0.04898171
8979,0.030048236
8980,0.006267392
8981,0.055105906
8982,0.41759998
8983,0.030581273
8984,0.02637618
8985,0.0071472395
8986,0.023105191
8987,0.017629478
8988,0.0585478
8989,0.0105817905
8990,0.038594574
8991,0.0064089377
8992,0.25737953
8993,0.08758671
8994,0.014039669
8995,0.018867185
8996,0.020449867
8997,0.008739731
8998,0.06645493
8999,0.15080172
9000,0.10406635
9001,0.080994256
9002,0.06948991
9003,0.033557754
9004,0.062485036
9005,0.0211518
9006,0.061532408
9007,0.26846188
9008,0.1253857
9009,0.0073005897
9010,0.005599502
9011,0.03797752
9012,0.019049618
9013,0.016575055
9014,0.021238696
9015,0.017299965
9016,0.018057132
9017,0.012672927
9018,0.021038951
9019,0.010698493
9020,0.020827807
9021,0.026939128
9022,0.055112395
9023,0.057416033
9024,0.12046185
9025,0.006899946
9026,0.12709445
9027,0.26225752
9028,0.023166891
9029,0.016747113
9030,0.019787062
9031,0.017064523
9032,0.025928441
9033,0.031141704
9034,0.019658124
9035,0.03300819
9036,0.009666537
9037,0.008630734
9038,0.06775357
9039,0.045173362
9040,0.017986713
9041,0.056766734
9042,0.018350044
9043,0.019109234
9044,0.011784332
9045,0.10028273
9046,0.036713555
9047,0.060890265
9048,0.0089071635
9049,0.013122326
9050,0.028510049
9051,0.010501661
9052,0.10293648
9053,0.0073836977
9054,0.014585802
9055,0.1536589
9056,0.067911066
9057,0.06533374
9058,0.0644527
9059,0.0936099
9060,0.027410181
9061,0.016110277
9062,0.085827745
9063,0.019382745
9064,0.08695433
9065,0.0077469787
9066,0.13176365
9067,0.022362204
9068,0.029679084
9069,0.039748326
9070,0.032163646
9071,0.03152068
9072,0.015513534
9073,0.019272974
9074,0.011921607
9075,0.0068206317
9076,0.016209122
9077,0.040447615
9078,0.015135328
9079,0.015003071
9080,0.069223784
9081,0.06428966
9082,0.034343146
9083,0.0058175735
9084,0.15708725
9085,0.022450088
9086,0.026253711
9087,0.028954301
9088,0.006056357
9089,0.018468631
9090,0.024885774
9091,0.059765376
9092,0.029086541
9093,0.037515845
9094,0.03635479
9095,0.016669523
9096,0.033027813
9097,0.10464945
9098,0.14281844
9099,0.011714868
9100,0.091125146
9101,0.033557057
9102,0.046005365
9103,0.0574104
9104,0.030800715
9105,0.03283544
9106,0.0427697
9107,0.009991217
9108,0.08867236
9109,0.04505545
9110,0.0059267413
9111,0.09566566
9112,0.038425703
9113,0.06217801
9114,0.039243616
9115,0.25989458
9116,0.11483164
9117,0.015924903
9118,0.2740937
9119,0.059151832
9120,0.26691687
9121,0.08080068
9122,0.12330894
9123,0.05209347
9124,0.018310057
9125,0.07821353
9126,0.016175628
9127,0.039091468
9128,0.01880509
9129,0.011489531
9130,0.1098807
9131,0.031023964
9132,0.53285223
9133,0.13237369
9134,0.044645883
9135,0.037416887
9136,0.12716587
9137,0.054913975
9138,0.03226738
9139,0.050984822
9140,0.021457197
9141,0.018516064
9142,0.032777272
9143,0.10243879
9144,0.12130007
9145,0.39332438
9146,0.49110872
9147,0.04088352
9148,0.06126933
9149,0.29153243
9150,0.14390343
9151,0.05571045
9152,0.04608137
9153,0.0658188
9154,0.07659594
9155,0.033061646
9156,0.41623616
9157,0.108862385
9158,0.25824937
9159,0.44500884
9160,0.10969927
9161,0.021296702
9162,0.40680188
9163,0.007659628
9164,0.06853326
9165,0.29327935
9166,0.04938177
9167,0.05419206
9168,0.047585182
9169,0.055734772
9170,0.0058389204
9171,0.029012239
9172,0.08964452
9173,0.09141397
9174,0.035273146
9175,0.03629763
9176,0.21356292
9177,0.44435495
9178,0.04930868
9179,0.0360431
9180,0.06062928
9181,0.05889528
9182,0.078219526
9183,0.03507222
9184,0.044517808
9185,0.03696428
9186,0.09109788
9187,0.05401791
9188,0.15023816
9189,0.04452992
9190,0.17196271
9191,0.0505704
9192,0.048055332
9193,0.0237592
9194,0.018971903
9195,0.013346763
9196,0.01682886
9197,0.018013489
9198,0.016987815
9199,0.31502593
9200,0.10476075
9201,0.0645958
9202,0.29437575
9203,0.30058733
9204,0.09191911
9205,0.05838353
9206,0.0178768
9207,0.02544854
9208,0.020645067
9209,0.047394093
9210,0.006288262
9211,0.058090415
9212,0.066100985
9213,0.0954936
9214,0.38410968
9215,0.31716985
9216,0.02012718
9217,0.022960756
9218,0.048612468
9219,0.008943121
9220,0.009443308
9221,0.032768175
9222,0.030196799
9223,0.039834347
9224,0.18708356
9225,0.025296478
9226,0.05316681
9227,0.010965019
9228,0.04750228
9229,0.121158764
9230,0.47956404
9231,0.050580166
9232,0.07754957
9233,0.02273173
9234,0.028588796
9235,0.054620363
9236,0.06915318
9237,0.019731382
9238,0.033251964
9239,0.119550884
9240,0.16701557
9241,0.103317514
9242,0.22349869
9243,0.07310525
9244,0.036613904
9245,0.04008217
9246,0.03926445
9247,0.047161456
9248,0.095409036
9249,0.06305176
9250,0.23692982
9251,0.021741416
9252,0.050392598
9253,0.03879928
9254,0.027304988
9255,0.024509678
9256,0.029431133
9257,0.053429153
9258,0.08183845
9259,0.02135248
9260,0.027622083
9261,0.08480004
9262,0.18471105
9263,0.18880714
9264,0.047607355
9265,0.05351227
9266,0.045141406
9267,0.10314839
9268,0.06424672
9269,0.01997548
9270,0.016386412
9271,0.033647917
9272,0.14361364
9273,0.03704015
9274,0.024996992
9275,0.03870609
9276,0.06806976
9277,0.091295086
9278,0.26624525
9279,0.12617879
9280,0.23568648
9281,0.075648256
9282,0.05635663
9283,0.027206298
9284,0.06715474
9285,0.05957116
9286,0.12015077
9287,0.057434317
9288,0.5981041
9289,0.1291032
9290,0.026950005
9291,0.014885035
9292,0.12418493
9293,0.060112298
9294,0.051784504
9295,0.02229457
9296,0.010417108
9297,0.06564066
9298,0.013480125
9299,0.026973676
9300,0.025396138
9301,0.09623593
9302,0.055916324
9303,0.095991604
9304,0.08478025
9305,0.1263816
9306,0.24720289
9307,0.4332993
9308,0.0735162
9309,0.030710349
9310,0.08866433
9311,0.024465904
9312,0.051155675
9313,0.02956986
9314,0.084683634
9315,0.06249745
9316,0.12900023
9317,0.047743317
9318,0.11231538
9319,0.04952609
9320,0.06533202
9321,0.0350801
9322,0.023085168
9323,0.02204057
9324,0.1305647
9325,0.03345382
9326,0.07885175
9327,0.013922918
9328,0.030046403
9329,0.04564077
9330,0.070096485
9331,0.08839218
9332,0.23164505
9333,0.124700844
9334,0.18745169
9335,0.1359511
9336,0.13506453
9337,0.01703209
9338,0.1171361
9339,0.016888984
9340,0.06510878
9341,0.046589214
9342,0.0945598
9343,0.03834438
9344,0.02539409
9345,0.059544902
9346,0.041669726
9347,0.05527771
9348,0.09114011
9349,0.03689295
9350,0.06783556
9351,0.026144372
9352,0.031951617
9353,0.015079761
9354,0.08881542
9355,0.021985674
9356,0.046920996
9357,0.08755342
9358,0.073415905
9359,0.15714046
9360,0.5561802
9361,0.1258003
9362,0.12346844
9363,0.07456565
9364,0.08275811
9365,0.09245677
9366,0.11261322
9367,0.0711042
9368,0.012707087
9369,0.025322156
9370,0.27011493
9371,0.078092664
9372,0.08435453
9373,0.06510603
9374,0.084780775
9375,0.022000534
9376,0.031480286
9377,0.029086718
9378,0.050887562
9379,0.1796755
9380,0.074878745
9381,0.05530566
9382,0.12337033
9383,0.62762463
9384,0.10863908
9385,0.022140706
9386,0.25640833
9387,0.069274954
9388,0.26059657
9389,0.2622204
9390,0.08824305
9391,0.0147826625
9392,0.056273136
9393,0.106268406
9394,0.16332234
9395,0.04720417
9396,0.2657545
9397,0.08731402
9398,0.09133109
9399,0.021713518
9400,0.024328932
9401,0.06525862
9402,0.08984081
9403,0.022650532
9404,0.13693146
9405,0.1528814
9406,0.14346698
9407,0.08919409
9408,0.029734233
9409,0.12564218
9410,0.27158388
9411,0.2625584
9412,0.06973779
9413,0.011558866
9414,0.06593184
9415,0.02536967
9416,0.011019583
9417,0.0648778
9418,0.5878617
9419,0.04508036
9420,0.09859757
9421,0.42446515
9422,0.15062195
9423,0.016952278
9424,0.021301406
9425,0.011382582
9426,0.015023395
9427,0.057077076
9428,0.06148741
9429,0.17270684
9430,0.2593306
9431,0.102335356
9432,0.10795891
9433,0.2658031
9434,0.25155655
9435,0.15323223
9436,0.26695234
9437,0.4004654
9438,0.102272816
9439,0.023930727
9440,0.05809733
9441,0.093718916
9442,0.06308009
9443,0.26567125
9444,0.832194
9445,0.00678114
9446,0.058888815
9447,0.3898597
9448,0.02111863
9449,0.057534214
9450,0.25102627
9451,0.020206159
9452,0.06286767
9453,0.09506188
9454,0.024243325
9455,0.056373417
9456,0.008067655
9457,0.2790892
9458,0.05221249
9459,0.09658493
9460,0.27049643
9461,0.15938649
9462,0.26494658
9463,0.38172516
9464,0.2781444
9465,0.033354633
9466,0.16187055
9467,0.22829948
9468,0.23180075
9469,0.8824785
9470,0.34262437
9471,0.28144982
9472,0.026895376
9473,0.15237372
9474,0.018096112
9475,0.0629242
9476,0.0342447
9477,0.023232905
9478,0.016040346
9479,0.01689256
9480,0.07311604
9481,0.009545732
9482,0.013643363
9483,0.031194355
9484,0.07002088
9485,0.110814065
9486,0.11276686
9487,0.124504074
9488,0.09710609
9489,0.15851876
9490,0.25103483
9491,0.032587502
9492,0.11388793
9493,0.27599064
9494,0.022430433
9495,0.06596381
9496,0.9463859
9497,1.0585083
9498,0.6837281
9499,0.0062635485
9500,0.03302047
9501,0.022854397
9502,0.09100824
9503,0.45356753
9504,0.08548402
9505,0.022333652
9506,0.06591633
9507,0.016638152
9508,0.06377988
9509,0.08015914
9510,0.06313103
9511,0.016863747
9512,0.39296773
9513,0.02419894
9514,0.041824717
9515,0.12700215
9516,0.116841316
9517,0.06303945
9518,0.054766025
9519,0.23217686
9520,0.172981
9521,0.31118834
9522,0.11132305
9523,0.112645015
9524,0.97267395
9525,0.89326805
9526,0.65982723
9527,0.019308195
9528,0.0697013
9529,0.033177372
9530,0.012699306
9531,0.25936836
9532,0.09400606
9533,0.2693861
9534,0.05095834
9535,0.09508821
9536,0.025498042
9537,0.09772901
9538,0.1204972
9539,0.16235383
9540,0.11752169
9541,0.48919728
9542,0.27687934
9543,0.15636471
9544,0.15749088
9545,0.09694445
9546,0.07177315
9547,0.13503478
9548,0.05348611
9549,0.043935273
9550,0.027848873
9551,0.13712624
9552,0.24458687
9553,0.06681036
9554,0.09687593
9555,0.028233891
9556,0.98879355
9557,0.9318371
9558,1.0100999
9559,0.07583399
9560,0.04732916
9561,0.25380984
9562,0.012824758
9563,0.27273017
9564,0.032329828
9565,0.010497916
9566,0.026121827
9567,0.027336558
9568,0.05323128
9569,0.113091856
9570,0.052427087
9571,0.40161416
9572,0.685085
9573,0.08025402
9574,0.116612025
9575,0.1052415
9576,0.17607115
9577,0.08634388
9578,0.15085223
9579,0.10953069
9580,0.036463466
9581,0.09951629
9582,0.11755485
9583,0.1153503
9584,0.04817478
9585,0.027010638
9586,0.5391892
9587,0.31377697
9588,0.2759001
9589,0.072795436
9590,0.03148601
9591,0.12268895
9592,0.079209425
9593,0.27731228
9594,0.037818577
9595,0.05243194
9596,0.05212329
9597,0.025167929
9598,0.028176272
9599,0.056252398
9600,0.05064308
9601,0.18757921
9602,0.71520674
9603,0.412685
9604,0.27367988
9605,0.12907603
9606,0.16823761
9607,0.2598708
9608,0.500696
9609,0.095507346
9610,0.034469124
9611,0.047123313
9612,0.03906413
9613,0.24678972
9614,0.14866756
9615,0.10967735
9616,0.30150044
9617,0.1857984
9618,0.26759565
9619,0.9578154
9620,0.1429498
9621,0.24076706
9622,0.26642275
9623,0.025771858
9624,0.05908239
9625,0.4298246
9626,0.072124936
9627,0.04633208
9628,0.04105265
9629,0.060311917
9630,0.25200996
9631,0.3123374
9632,0.26568034
9633,0.49719888
9634,0.2573003
9635,0.16783585
9636,0.24411428
9637,0.40139788
9638,0.018763425
9639,0.032093067
9640,0.27057302
9641,0.08600084
9642,0.059633285
9643,0.309833
9644,0.26623225
9645,0.059055895
9646,0.5517123
9647,0.3878484
9648,0.0061548282
9649,0.08952344
9650,0.11803956
9651,0.085936375
9652,0.05148788
9653,0.016849492
9654,0.019030297
9655,0.03827054
9656,0.06590228
9657,0.096672624
9658,0.10976295
9659,0.14398803
9660,0.41692722
9661,0.8999363
9662,0.4181274
9663,0.418103
9664,0.5360661
9665,0.111743584
9666,0.022451999
9667,0.07781127
9668,0.07321483
9669,0.25015652
9670,0.27091268
9671,0.07698112
9672,0.030030608
9673,0.0650451
9674,0.25266397
9675,0.021660753
9676,0.006568321
9677,0.054272003
9678,0.112953775
9679,0.023988834
9680,0.02081343
9681,0.045828007
9682,0.022587398
9683,0.015752416
9684,0.038910374
9685,0.08259142
9686,0.06375616
9687,0.09786586
9688,0.26308754
9689,0.27499628
9690,0.2515841
9691,0.7493038
9692,0.61214733
9693,0.42504695
9694,0.11060222
9695,0.050571676
9696,0.023601279
9697,0.062296785
9698,0.115683295
9699,0.0200719
9700,0.036728747
9701,0.6414981
9702,0.055349
9703,0.020441929
9704,0.1510801
9705,0.051887244
9706,0.2387421
9707,0.053818762
9708,0.020670846
9709,0.050607994
9710,0.022032466
9711,0.024448622
9712,0.040344547
9713,0.095842056
9714,0.12952144
9715,0.5578663
9716,0.41230735
9717,0.24415624
9718,0.9108695
9719,0.402137
9720,0.46910027
9721,0.13847388
9722,0.04759185
9723,0.04108793
9724,0.053962406
9725,0.05453075
9726,0.017209992
9727,0.044508442
9728,0.06499178
9729,0.4651321
9730,0.20602094
9731,0.36900985
9732,0.035270587
9733,0.10825669
9734,0.12758861
9735,0.13967697
9736,0.16686258
9737,0.050841693
9738,0.03334436
9739,0.053613614
9740,0.15395866
9741,0.59752506
9742,0.18817636
9743,0.5819034
9744,0.26448292
9745,0.4064948
9746,0.16397458
9747,0.1123303
9748,0.037655316
9749,0.026463147
9750,0.011650223
9751,0.013726952
9752,0.04375634
9753,0.033318967
9754,0.13121313
9755,0.13220026
9756,0.06889246
9757,0.27628723
9758,0.0315503
9759,0.07287512
9760,0.010968847
9761,0.2706706
9762,0.04679441
9763,0.014090898
9764,0.014372841
9765,0.123171784
9766,0.14676903
9767,0.035960276
9768,0.0053059664
9769,0.2483735
9770,0.25493303
9771,0.08639374
9772,0.116822086
9773,0.09466744
9774,0.08384209
9775,0.04611125
9776,0.13020839
9777,0.13029987
9778,0.04551603
9779,0.010615576
9780,0.23750564
9781,0.011364569
9782,0.011140189
9783,0.01745869
9784,0.09719902
9785,0.037788812
9786,0.041171353
9787,0.1548546
9788,0.04960866
9789,0.057204712
9790,0.014582787
9791,0.05370032
9792,0.26195073
9793,0.45647514
9794,0.5229331
9795,0.08682127
9796,0.012600306
9797,0.021095963
9798,0.0222886
9799,0.029894914
9800,0.059817236
9801,0.017239315
9802,0.07573734
9803,0.14820853
9804,0.01803379
9805,0.031056315
9806,0.01851328
9807,0.03566471
9808,0.022091081
9809,0.016116489
9810,0.029689047
9811,0.09198479
9812,0.110064685
9813,0.3874145
9814,0.019635048
9815,0.022399522
9816,0.040276248
9817,0.09514093
9818,0.10801913
9819,0.2876943
9820,0.09378526
9821,0.018183203
9822,0.2363904
9823,0.042212754
9824,0.08471359
9825,0.1388638
9826,0.060261194
9827,0.014187134
9828,0.020271363
9829,0.010282031
9830,0.21161786
9831,0.019359196
9832,0.03356087
9833,0.1512043
9834,0.07225744
9835,0.050865047
9836,0.026376197
9837,0.035251133
9838,0.07617472
9839,0.3093001
9840,0.040585514
9841,0.006078872
9842,0.03909876
9843,0.04777021
9844,0.0689122
9845,0.26391742
9846,0.07342093
9847,0.27270663
9848,0.10052177
9849,0.032704115
9850,0.05610001
9851,0.0546685
9852,0.03651641
9853,0.2616088
9854,0.017978039
9855,0.13533893
9856,0.023290962
9857,0.1107878
9858,0.059774052
9859,0.010980306
9860,0.014460207
9861,0.31866726
9862,0.8072815
9863,0.22913069
9864,0.11509284
9865,0.018877199
9866,0.09542962
9867,0.05172162
9868,0.045909595
9869,0.108887345
9870,0.09559651
9871,0.12107347
9872,1.0664501
9873,0.021005895
9874,0.08120809
9875,0.090405755
9876,0.08340562
9877,0.015708765
9878,0.043861557
9879,0.14266029
9880,0.29093266
9881,0.075319886
9882,0.25037065
9883,0.02883758
9884,0.049991842
9885,0.01314531
9886,0.032538008
9887,0.09977844
9888,0.03745474
9889,0.030855138
9890,0.07061145
9891,0.061809685
9892,0.019775482
9893,0.06446741
9894,0.023815757
9895,0.17573096
9896,0.049927305
9897,0.046689264
9898,0.016262354
9899,0.038527813
9900,0.08066192
9901,0.11463606
9902,0.060890004
9903,0.6563397
9904,0.06366684
9905,0.11970509
9906,0.04893614
9907,0.058225174
9908,0.05492917
9909,0.023089465
9910,0.42227694
9911,0.038613934
9912,0.0072816326
9913,0.0053067943
9914,0.055450525
9915,0.11492093
9916,0.023757895
9917,0.010886753
9918,0.118857756
9919,0.045630127
9920,0.027976597
9921,0.055248056
9922,0.4431565
9923,0.03004224
9924,0.024902305
9925,0.022735111
9926,0.017259452
9927,0.057453897
9928,0.041099247
9929,0.006143674
9930,0.25685796
9931,0.07999281
9932,0.015302068
9933,0.019590514
9934,0.010152709
9935,0.06921722
9936,0.15043284
9937,0.101849884
9938,0.07667925
9939,0.06915263
9940,0.034892842
9941,0.061680015
9942,0.06444242
9943,0.26787463
9944,0.12814128
9945,0.016320545
9946,0.03794026
9947,0.01999199
9948,0.021421922
9949,0.01652788
9950,0.023564924
9951,0.012841867
9952,0.0107697
9953,0.020270856
9954,0.01090983
9955,0.02769842
9956,0.05561621
9957,0.05857478
9958,0.12391599
9959,0.015388136
9960,0.0097547155
9961,0.24020529
9962,0.17975727
9963,0.011602634
9964,0.010607132
9965,0.024002219
9966,0.031429663
9967,0.019860826
9968,0.015096574
9969,0.026825696
9970,0.030255953
9971,0.020459706
9972,0.035400752
9973,0.015171625
9974,0.008819843
9975,0.008425012
9976,0.030576482
9977,0.041786376
9978,0.05413441
9979,0.018418385
9980,0.011881947
9981,0.101721294
9982,0.035629053
9983,0.05911444
9984,0.03483202
9985,0.010545116
9986,0.10405696
9987,0.014529747
9988,0.010970658
9989,0.14687838
9990,0.06746564
9991,0.065822266
9992,0.06124625
9993,0.014469531
9994,0.091413684
9995,0.02784895
9996,0.016073609
9997,0.007618491
9998,0.08695339
9999,0.087170936
10000,0.008600332
10001,0.13550639
10002,0.022301352
10003,0.035597343
10004,0.039601777
10005,0.03173019
10006,0.031113135
10007,0.016822848
10008,0.011280248
10009,0.01676914
10010,0.04054626
10011,0.017538067
10012,0.014546777
10013,0.069766335
10014,0.06709045
10015,0.031549748
10016,0.15601888
10017,0.023279104
10018,0.02671989
10019,0.005810631
10020,0.020206466
10021,0.021379838
10022,0.0616365
10023,0.024520546
10024,0.018720794
10025,0.034764368
10026,0.018223153
10027,0.012452924
10028,0.031658128
10029,0.099156134
10030,0.14178531
10031,0.09623184
10032,0.021844443
10033,0.041166168
10034,0.033461962
10035,0.13003619
10036,0.05121389
10037,0.03463181
10038,0.03410357
10039,0.04158302
10040,0.036557578
10041,0.090915084
10042,0.041481983
10043,0.036259905
10044,0.030131709
10045,0.10828415
10046,0.062033243
10047,0.03823708
10048,0.35112342
10049,0.30908895
10050,0.019310622
10051,0.026721904
10052,0.041074187
10053,0.015260092
10054,0.2703429
10055,0.055716764
10056,0.26274833
10057,0.084087834
10058,0.24946158
10059,0.05548917
10060,0.018508775
10061,0.0820033
10062,0.04165269
10063,0.021946032
10064,0.09540507
10065,0.032845598
10066,0.5465325
10067,0.25163957
10068,0.04130366
10069,0.033623826
10070,0.25016493
10071,0.050406042
10072,0.00800013
10073,0.051374324
10074,0.040283464
10075,0.013815275
10076,0.035044983
10077,0.090774864
10078,0.2658237
10079,0.42493093
10080,0.45426887
10081,0.06250023
10082,0.11827667
10083,0.25244445
10084,0.013019818
10085,0.022113988
10086,0.054163415
10087,0.06632832
10088,0.014660704
10089,0.07739094
10090,0.27457792
10091,0.11423383
10092,0.2589181
10093,0.4254149
10094,0.10688972
10095,0.021010717
10096,0.40194315
10097,0.06476628
10098,0.2805047
10099,0.049369182
10100,0.054649316
10101,0.044179026
10102,0.052889075
10103,0.028011538
10104,0.20773923
10105,0.09024586
10106,0.07724111
10107,0.03466679
10108,0.18879844
10109,0.27829477
10110,0.04697558
10111,0.033280585
10112,0.06206004
10113,0.058866207
10114,0.076043904
10115,0.03405434
10116,0.04681074
10117,0.036853243
10118,0.08533502
10119,0.03000103
10120,0.05397292
10121,0.14724956
10122,0.049295485
10123,0.25746834
10124,0.021601092
10125,0.04725457
10126,0.045284413
10127,0.025530921
10128,0.016644895
10129,0.018428894
10130,0.017476529
10131,0.3968034
10132,0.10847545
10133,0.059292223
10134,0.39915892
10135,0.30684167
10136,0.08824672
10137,0.05680645
10138,0.014781152
10139,0.020252075
10140,0.02579741
10141,0.008581197
10142,0.04657454
10143,0.009166806
10144,0.0126677845
10145,0.061021954
10146,0.069034696
10147,0.089953564
10148,0.24651638
10149,0.31112564
10150,0.019649426
10151,0.024812639
10152,0.047875002
10153,0.012605655
10154,0.013259273
10155,0.031140141
10156,0.030876955
10157,0.039543424
10158,0.27754846
10159,0.022626493
10160,0.05285829
10161,0.045881014
10162,0.030468594
10163,0.13023119
10164,0.4305847
10165,0.052290015
10166,0.07453285
10167,0.022174666
10168,0.020707835
10169,0.051647592
10170,0.069649175
10171,0.0131702265
10172,0.032537296
10173,0.015161709
10174,0.120890595
10175,0.16761987
10176,0.10226658
10177,0.11829309
10178,0.068933174
10179,0.035962373
10180,0.04006656
10181,0.039544556
10182,0.046455286
10183,0.098169185
10184,0.06242592
10185,0.23541184
10186,0.022046464
10187,0.050440095
10188,0.03949659
10189,0.024416603
10190,0.023718338
10191,0.028587231
10192,0.055555325
10193,0.007075237
10194,0.074340545
10195,0.02540412
10196,0.08351156
10197,0.27674672
10198,0.27018443
10199,0.047384366
10200,0.05157422
10201,0.043643147
10202,0.10491128
10203,0.063052446
10204,0.020005729
10205,0.034972887
10206,0.14382409
10207,0.038293518
10208,0.0344231
10209,0.03904028
10210,0.07218333
10211,0.0787484
10212,0.2678263
10213,0.24479124
10214,0.23367456
10215,0.07651393
10216,0.054661687
10217,0.022351313
10218,0.06734248
10219,0.05953473
10220,0.12397668
10221,0.05515053
10222,0.57528144
10223,0.13144907
10224,0.024588235
10225,0.11848968
10226,0.06055911
10227,0.04780913
10228,0.0110042
10229,0.06658952
10230,0.018492388
10231,0.0128696
10232,0.025857918
10233,0.023483833
10234,0.10152432
10235,0.053485908
10236,0.09724528
10237,0.080171496
10238,0.12458678
10239,0.29747406
10240,0.4295524
10241,0.07724866
10242,0.029955372
10243,0.0905344
10244,0.022155026
10245,0.054466385
10246,0.008440573
10247,0.008789791
10248,0.08406431
10249,0.060436927
10250,0.12189827
10251,0.044500347
10252,0.10689644
10253,0.045761783
10254,0.064434394
10255,0.037513137
10256,0.020092186
10257,0.021222899
10258,0.12918727
10259,0.011663624
10260,0.032942213
10261,0.07430843
10262,0.009875415
10263,0.013939323
10264,0.045878902
10265,0.071482755
10266,0.091155656
10267,0.15345848
10268,0.115513526
10269,0.16578977
10270,0.14992656
10271,0.13962512
10272,0.016965676
10273,0.115751445
10274,0.01636871
10275,0.06562575
10276,0.01132791
10277,0.046378702
10278,0.09299892
10279,0.036576923
10280,0.024584666
10281,0.057374828
10282,0.04019719
10283,0.018284855
10284,0.055023454
10285,0.08548009
10286,0.037860695
10287,0.06582398
10288,0.007704629
10289,0.028283441
10290,0.033430148
10291,0.084861614
10292,0.01958475
10293,0.048366435
10294,0.09079611
10295,0.0731828
10296,0.15326141
10297,0.6206282
10298,0.11851771
10299,0.12846345
10300,0.07271029
10301,0.085137576
10302,0.09114897
10303,0.10915735
10304,0.07442185
10305,0.024112474
10306,0.3749528
10307,0.07461739
10308,0.08442958
10309,0.06543473
10310,0.081320144
10311,0.019790534
10312,0.028763015
10313,0.00979474
10314,0.027293231
10315,0.05108162
10316,0.28069884
10317,0.07186583
10318,0.06806931
10319,0.12463089
10320,0.7175298
10321,0.09876257
10322,0.022665082
10323,0.1180282
10324,0.070565894
10325,0.27179226
10326,0.2769604
10327,0.08693958
10328,0.023913277
10329,0.054291185
10330,0.1052986
10331,0.25714087
10332,0.04537445
10333,0.16456282
10334,0.08109057
10335,0.09466853
10336,0.012383606
10337,0.021734536
10338,0.028742483
10339,0.06625235
10340,0.088275544
10341,0.021497818
10342,0.13125649
10343,0.15519015
10344,0.15189254
10345,0.08778145
10346,0.036751486
10347,0.12476246
10348,0.2755739
10349,0.25957787
10350,0.07429988
10351,0.010584974
10352,0.0634302
10353,0.024603508
10354,0.00668687
10355,0.06872692
10356,0.5083298
10357,0.045913316
10358,0.10772957
10359,0.43638524
10360,0.271501
10361,0.02114233
10362,0.01372168
10363,0.062046017
10364,0.06105381
10365,0.1698348
10366,0.2669641
10367,0.10704434
10368,0.10626664
10369,0.2681424
10370,0.17422362
10371,0.16442195
10372,0.2630602
10373,0.24602568
10374,0.10413139
10375,0.00851897
10376,0.021576053
10377,0.056908246
10378,0.088226505
10379,0.062641166
10380,0.20049338
10381,0.82713276
10382,0.0032787372
10383,0.054506533
10384,0.28145888
10385,0.018389417
10386,0.05797746
10387,0.26812705
10388,0.019594243
10389,0.021360693
10390,0.061847538
10391,0.095670916
10392,0.021852195
10393,0.058138356
10394,0.40219757
10395,0.050915867
10396,0.09838903
10397,0.26458612
10398,0.15796533
10399,0.26611084
10400,0.4128545
10401,0.27826166
10402,0.03641407
10403,0.41289595
10404,0.22889335
10405,0.23305374
10406,0.9548275
10407,0.3072319
10408,0.39622453
10409,0.026822908
10410,0.1515914
10411,0.0177354
10412,0.06125878
10413,0.020777486
10414,0.0194513
10415,0.014354716
10416,0.06703973
10417,0.00891293
10418,0.012565005
10419,0.030590504
10420,0.06901145
10421,0.11168885
10422,0.11396618
10423,0.13229232
10424,0.09347391
10425,0.25472036
10426,0.11257152
10427,0.032642752
10428,0.10752132
10429,0.2789181
10430,0.020183574
10431,0.067047104
10432,0.97559947
10433,0.9021105
10434,0.673292
10435,0.006925666
10436,0.029833188
10437,0.020046808
10438,0.08938101
10439,0.46055034
10440,0.08517437
10441,0.066058956
10442,0.013330099
10443,0.066308275
10444,0.08220899
10445,0.07976422
10446,0.013267674
10447,0.39865822
10448,0.021452522
10449,0.03677728
10450,0.12161093
10451,0.120788924
10452,0.0683722
10453,0.0552155
10454,0.23514406
10455,0.18009554
10456,0.0062160613
10457,0.030446151
10458,0.300778
10459,0.10374845
10460,0.107651725
10461,0.9397782
10462,0.9022739
10463,0.66437846
10464,0.018499823
10465,0.071376026
10466,0.031563424
10467,0.19452156
10468,0.09044854
10469,0.2640198
10470,0.051107682
10471,0.093690775
10472,0.028124813
10473,0.096630126
10474,0.12275646
10475,0.15832426
10476,0.13854556
10477,0.5508949
10478,0.42307046
10479,0.25957826
10480,0.16490203
10481,0.09441992
10482,0.071437426
10483,0.12537856
10484,0.053650625
10485,0.044341654
10486,0.13023695
10487,0.23956579
10488,0.06996108
10489,0.096184686
10490,0.026641162
10491,0.8684885
10492,0.9640846
10493,0.9528498
10494,0.0969107
10495,0.0464483
10496,0.24471089
10497,0.26675147
10498,0.03175049
10499,0.021835823
10500,0.023680262
10501,0.051195733
10502,0.11411717
10503,0.055096563
10504,0.38661885
10505,0.68673086
10506,0.08295697
10507,0.14069277
10508,0.10310116
10509,0.15447605
10510,0.080884404
10511,0.3303618
10512,0.11073266
10513,0.03620336
10514,0.0976705
10515,0.121155545
10516,0.11240674
10517,0.04704922
10518,0.028425628
10519,0.43249035
10520,0.4270425
10521,0.26497668
10522,0.07251661
10523,0.029468814
10524,0.11724287
10525,0.0783814
10526,0.3734527
10527,0.03477814
10528,0.054383397
10529,0.05244082
10530,0.024151172
10531,0.05541767
10532,0.05216047
10533,0.35466042
10534,0.76389486
10535,0.39774343
10536,0.2736748
10537,0.12663005
10538,0.2710378
10539,0.16991186
10540,0.52502215
10541,0.100403376
10542,0.033025905
10543,0.043651998
10544,0.036694348
10545,0.15189406
10546,0.15662721
10547,0.119618714
10548,0.29525483
10549,0.3952364
10550,0.25960806
10551,0.9204692
10552,0.2465045
10553,0.23960407
10554,0.26686114
10555,0.057919763
10556,0.2711259
10557,0.07197508
10558,0.045461267
10559,0.045098186
10560,0.06108387
10561,0.2613068
10562,0.4235729
10563,0.3948215
10564,0.49004737
10565,0.26804903
10566,0.15758342
10567,0.24624296
10568,0.26718426
10569,0.017424608
10570,0.15357338
10571,0.08314139
10572,0.057788264
10573,0.4194748
10574,0.21566863
10575,0.06097378
10576,0.5843038
10577,0.38900524
10578,0.008436038
10579,0.085085206
10580,0.111404814
10581,0.082620904
10582,0.016131088
10583,0.0371526
10584,0.07221304
10585,0.090486996
10586,0.112151235
10587,0.24457628
10588,0.4320869
10589,0.7738869
10590,0.45154437
10591,0.40352023
10592,0.64968216
10593,0.11512516
10594,0.020583339
10595,0.0730473
10596,0.07089456
10597,0.1569652
10598,0.27244672
10599,0.08773116
10600,0.02873612
10601,0.07160939
10602,0.13265891
10603,0.021136796
10604,0.0529705
10605,0.10639182
10606,0.022627719
10607,0.018432682
10608,0.046650186
10609,0.020898752
10610,0.0134571465
10611,0.037677404
10612,0.08247962
10613,0.063273154
10614,0.09959359
10615,0.4601432
10616,0.28157485
10617,0.12013498
10618,0.8367946
10619,0.644906
10620,0.41145366
10621,0.12125925
10622,0.007317652
10623,0.023451935
10624,0.05966097
10625,0.10912584
10626,0.018841615
10627,0.011614387
10628,0.036018874
10629,0.73577046
10630,0.05530516
10631,0.01927278
10632,0.14774084
10633,0.052818336
10634,0.10983236
10635,0.043896258
10636,0.051971935
10637,0.018885862
10638,0.04596847
10639,0.020345574
10640,0.021688038
10641,0.038604453
10642,0.09613027
10643,0.12629108
10644,0.5330719
10645,0.2945556
10646,0.15293157
10647,0.9310827
10648,0.4245778
10649,0.43628666
10650,0.24953257
10651,0.044922512
10652,0.032357458
10653,0.03887798
10654,0.052960932
10655,0.055713862
10656,0.041504636
10657,0.06474933
10658,0.43699366
10659,0.09419184
10660,0.20703138
10661,0.12065771
10662,0.10658357
10663,0.12551396
10664,0.12908871
10665,0.17631635
10666,0.049004167
10667,0.033263113
10668,0.052155383
10669,0.15789774
10670,0.66017133
10671,0.43119687
10672,0.56355363
10673,0.41022474
10674,0.27171627
10675,0.1627929
10676,0.106259234
10677,0.038980976
10678,0.023757344
10679,0.043518554
10680,0.02616796
10681,0.12393221
10682,0.14098597
10683,0.06431062
10684,0.38330084
10685,0.029208934
10686,0.07925794
10687,0.011888216
10688,0.2734157
10689,0.04566777
10690,0.12163451
10691,0.15167512
10692,0.034331903
10693,0.24544556
10694,0.26745075
10695,0.09028814
10696,0.11729698
10697,0.036109082
10698,0.09349496
10699,0.08318221
10700,0.047002777
10701,0.12511112
10702,0.11680087
10703,0.04388531
10704,0.0121923825
10705,0.24475706
10706,0.015234222
10707,0.009004813
10708,0.017302003
10709,0.09640435
10710,0.00760143
10711,0.04069181
10712,0.04293422
10713,0.14625885
10714,0.04719935
10715,0.0557994
10716,0.010988289
10717,0.055168375
10718,0.1663103
10719,0.30897874
10720,0.48285726
10721,0.080545604
10722,0.011291055
10723,0.015732264
10724,0.020726582
10725,0.030985996
10726,0.056675527
10727,0.017535387
10728,0.0710841
10729,0.14439477
10730,0.017550863
10731,0.028746089
10732,0.01882523
10733,0.03411727
10734,0.0214016
10735,0.028186733
10736,0.090961665
10737,0.107701145
10738,0.31128085
10739,0.017302092
10740,0.0215144
10741,0.12081628
10742,0.09386011
10743,0.114752784
10744,0.40152118
10745,0.09743519
10746,0.016124392
10747,0.13615398
10748,0.04030266
10749,0.018751035
10750,0.082015954
10751,0.14259139
10752,0.05927013
10753,0.01356891
10754,0.012246502
10755,0.021109838
10756,0.010092039
10757,0.20669116
10758,0.01812905
10759,0.030602958
10760,0.14689201
10761,0.07836293
10762,0.050772406
10763,0.02696298
10764,0.036556568
10765,0.0937169
10766,0.28435898
10767,0.041612156
10768,0.0053776614
10769,0.021698777
10770,0.037419617
10771,0.04807676
10772,0.07007233
10773,0.2644041
10774,0.073164575
10775,0.26875317
10776,0.099354565
10777,0.032864597
10778,0.05374141
10779,0.053765904
10780,0.035165597
10781,0.38453972
10782,0.121599734
10783,0.02169547
10784,0.11247469
10785,0.05871999
10786,0.011006491
10787,0.014194766
10788,0.31653085
10789,0.74292403
10790,0.23082668
10791,0.10792263
10792,0.09218315
10793,0.05484686
10794,0.045774758
10795,0.11105826
10796,0.095726445
10797,0.098930836
10798,0.9369712
10799,0.0210763
10800,0.08156322
10801,0.08833971
10802,0.08341543
10803,0.020517604
10804,0.043136735
10805,0.1443221
10806,0.46617356
10807,0.0779203
10808,0.12748963
10809,0.024686804
10810,0.04873115
10811,0.028328124
10812,0.10192799
10813,0.0384872
10814,0.03049242
10815,0.072989784
10816,0.07345752
10817,0.063029684
10818,0.02050734
10819,0.15737395
10820,0.045828577
10821,0.045153286
10822,0.01826144
10823,0.0371229
10824,0.0831015
10825,0.109161906
10826,0.022308888
10827,0.028457614
10828,0.05704539
10829,0.7093601
10830,0.0640427
10831,0.11949134
10832,0.049365237
10833,0.043736797
10834,0.05791025
10835,0.055539098
10836,0.018211925
10837,0.021128941
10838,0.3777113
10839,0.033454455
10840,0.0061706463
10841,0.05654641
10842,0.118047506
10843,0.118982166
10844,0.04603504
10845,0.0277063
10846,0.054733586
10847,0.21629317
10848,0.02961313
10849,0.021265442
10850,0.013292259
10851,0.05965874
10852,0.044202287
10853,0.0060490565
10854,0.15502344
10855,0.08581983
10856,0.0063220845
10857,0.018686976
10858,0.06887767
10859,0.14745551
10860,0.10043923
10861,0.08091316
10862,0.067917146
10863,0.03189503
10864,0.057729285
10865,0.06544213
10866,0.16668399
10867,0.12547478
10868,0.0073864767
10869,0.01603879
10870,0.01898097
10871,0.01761539
10872,0.020356884
10873,0.017253123
10874,0.023324281
10875,0.012763393
10876,0.010074827
10877,0.017621119
10878,0.018899629
10879,0.0036767325
10880,0.026360776
10881,0.05178954
10882,0.05995101
10883,0.11773743
10884,0.007765745
10885,0.015234974
10886,0.12131756
10887,0.25831124
10888,0.023017013
10889,0.014614563
10890,0.03091159
10891,0.018595971
10892,0.014613647
10893,0.020905681
10894,0.02982837
10895,0.009117723
10896,0.021418585
10897,0.032079756
10898,0.015221552
10899,0.009061346
10900,0.008111147
10901,0.06760908
10902,0.030074582
10903,0.042678453
10904,0.051922284
10905,0.011971218
10906,0.100660145
10907,0.03498613
10908,0.057496034
10909,0.011573774
10910,0.005680814
10911,0.03492823
10912,0.0119004715
10913,0.107387304
10914,0.016461793
10915,0.005451791
10916,0.00848196
10917,0.0126898885
10918,0.012344625
10919,0.2627574
10920,0.06602951
10921,0.066231355
10922,0.06432098
10923,0.014777826
10924,0.0061144275
10925,0.006718513
10926,0.0934655
10927,0.029374523
10928,0.01603988
10929,0.08645191
10930,0.022104822
10931,0.08379356
10932,0.012661941
10933,0.23768374
10934,0.022106858
10935,0.034750737
10936,0.030677304
10937,0.029006908
10938,0.0076013575
10939,0.01665184
10940,0.015873143
10941,0.011110573
10942,0.01554796
10943,0.041055758
10944,0.015100118
10945,0.06851596
10946,0.062390346
10947,0.032055277
10948,0.2667761
10949,0.019378092
10950,0.025798626
10951,0.0062755956
10952,0.017159635
10953,0.020687716
10954,0.057986375
10955,0.023024574
10956,0.03407978
10957,0.017653354
10958,0.011149145
10959,0.011262021
10960,0.017667953
10961,0.03346529
10962,0.10681335
10963,0.14959443
10964,0.087655164
10965,0.019353844
10966,0.04852756
10967,0.037734363
10968,0.055384863
10969,0.032007437
10970,0.035555195
10971,0.03741456
10972,0.09364649
10973,0.03749346
10974,0.08913681
10975,0.043292742
10976,0.034521133
10977,0.03135169
10978,0.100049205
10979,0.063560866
10980,0.039852496
10981,0.25826693
10982,0.30969754
10983,0.019950407
10984,0.045826238
10985,0.016545774
10986,0.26429895
10987,0.052492667
10988,0.20040977
10989,0.08719992
10990,0.12330288
10991,0.053416237
10992,0.028045563
10993,0.018196441
10994,0.035826452
10995,0.11889357
10996,0.033300374
10997,0.54295343
10998,0.2530012
10999,0.036303673
11000,0.2485281
11001,0.05161829
11002,0.029287035
11003,0.02475663
11004,0.051587567
11005,0.03461526
11006,0.020682517
11007,0.017543554
11008,0.03568354
11009,0.10006719
11010,0.13570535
11011,0.40763035
11012,0.48588413
11013,0.039006073
11014,0.06293246
11015,0.027886147
11016,0.23943673
11017,0.1342527
11018,0.0126099605
11019,0.054900184
11020,0.041701198
11021,0.06730297
11022,0.07885174
11023,0.40883705
11024,0.11565415
11025,0.25842693
11026,0.36476937
11027,0.1101216
11028,0.41167212
11029,0.062366605
11030,0.45111004
11031,0.05061824
11032,0.055233423
11033,0.043672062
11034,0.05426554
11035,0.027255338
11036,0.08818443
11037,0.09003736
11038,0.080416076
11039,0.058125436
11040,0.30054778
11041,0.048934888
11042,0.034580093
11043,0.06201288
11044,0.07850381
11045,0.03342101
11046,0.045234878
11047,0.006681209
11048,0.040391535
11049,0.08616021
11050,0.0306109
11051,0.056728624
11052,0.2555848
11053,0.16965316
11054,0.02171701
11055,0.047946032
11056,0.090145044
11057,0.046852533
11058,0.025964849
11059,0.017014012
11060,0.31644535
11061,0.1071752
11062,0.061672684
11063,0.30234978
11064,0.4591126
11065,0.08998587
11066,0.057355575
11067,0.017223738
11068,0.023560135
11069,0.008155107
11070,0.044210352
11071,0.01271869
11072,0.053050015
11073,0.06626976
11074,0.091901906
11075,0.15887432
11076,0.32295206
11077,0.0045717442
11078,0.12111824
11079,0.050170686
11080,0.011366931
11081,0.009636579
11082,0.029571014
11083,0.030385459
11084,0.035092548
11085,0.27843213
11086,0.024421157
11087,0.054144397
11088,0.0112220105
11089,0.011997606
11090,0.039591525
11091,0.030282082
11092,0.12928036
11093,0.43198225
11094,0.055411596
11095,0.08028046
11096,0.02233386
11097,0.023706483
11098,0.053064566
11099,0.06958237
11100,0.013462975
11101,0.021810003
11102,0.03210056
11103,0.015979713
11104,0.115226015
11105,0.16489674
11106,0.104859665
11107,0.11651088
11108,0.08511022
11109,0.04030643
11110,0.039906576
11111,0.038839206
11112,0.048529252
11113,0.09900615
11114,0.06543165
11115,0.10805618
11116,0.021032603
11117,0.04985165
11118,0.03894102
11119,0.02589821
11120,0.028616287
11121,0.05570003
11122,0.028419668
11123,0.08093257
11124,0.16967572
11125,0.26135927
11126,0.045558125
11127,0.048977718
11128,0.04534361
11129,0.09978399
11130,0.064130805
11131,0.019514007
11132,0.0701963
11133,0.03236033
11134,0.2571685
11135,0.036871005
11136,0.030085295
11137,0.03874738
11138,0.07298377
11139,0.08712417
11140,0.26726735
11141,0.23958625
11142,0.23300211
11143,0.079254985
11144,0.05195273
11145,0.023885066
11146,0.06689675
11147,0.057454698
11148,0.0119243525
11149,0.12730904
11150,0.0556766
11151,0.55972946
11152,0.11950238
11153,0.025737762
11154,0.013505764
11155,0.12112081
11156,0.059756514
11157,0.04969512
11158,0.021566126
11159,0.011034394
11160,0.067339905
11161,0.014378625
11162,0.025965106
11163,0.025435762
11164,0.10348808
11165,0.054799642
11166,0.095363446
11167,0.081498794
11168,0.13543321
11169,0.24821196
11170,0.42571026
11171,0.07347432
11172,0.028511243
11173,0.09081777
11174,0.02153306
11175,0.054641344
11176,0.008450183
11177,0.010101355
11178,0.08272488
11179,0.05923484
11180,0.12722565
11181,0.047137078
11182,0.1090654
11183,0.048072677
11184,0.06420597
11185,0.035351317
11186,0.023482757
11187,0.13320264
11188,0.012244322
11189,0.03268501
11190,0.078073226
11191,0.009817581
11192,0.027747376
11193,0.046149723
11194,0.0701418
11195,0.090646155
11196,0.14541242
11197,0.12553637
11198,0.26412472
11199,0.14804617
11200,0.13196258
11201,0.017499493
11202,0.12073568
11203,0.016595708
11204,0.06203251
11205,0.010328405
11206,0.047447443
11207,0.09134975
11208,0.036157154
11209,0.025112132
11210,0.057499897
11211,0.03990612
11212,0.055613194
11213,0.08634082
11214,0.038743544
11215,0.06660869
11216,0.023987992
11217,0.031988483
11218,0.08640357
11219,0.0227193
11220,0.050577756
11221,0.08670049
11222,0.07273706
11223,0.15447171
11224,0.3214148
11225,0.12316517
11226,0.11545104
11227,0.07075825
11228,0.08349386
11229,0.093918025
11230,0.11184762
11231,0.0687856
11232,0.010592894
11233,0.009980494
11234,0.023877887
11235,0.20615706
11236,0.073822334
11237,0.08422937
11238,0.06722382
11239,0.08168844
11240,0.021062143
11241,0.029928511
11242,0.028509717
11243,0.051331997
11244,0.2805757
11245,0.07194593
11246,0.062328774
11247,0.12569405
11248,0.62609124
11249,0.10917591
11250,0.022465196
11251,0.23369646
11252,0.071237616
11253,0.2663975
11254,0.26016915
11255,0.08995318
11256,0.022344153
11257,0.054140575
11258,0.04706154
11259,0.10321819
11260,0.15824825
11261,0.046866257
11262,0.17324306
11263,0.08404784
11264,0.09306585
11265,0.017148362
11266,0.011732899
11267,0.02079499
11268,0.027579261
11269,0.07630573
11270,0.08966462
11271,0.021605069
11272,0.13634332
11273,0.16009365
11274,0.15627171
11275,0.08812527
11276,0.040539593
11277,0.1200733
11278,0.27519074
11279,0.2666512
11280,0.07261934
11281,0.0105666565
11282,0.06336308
11283,0.025787536
11284,0.067141
11285,0.4764686
11286,0.04414399
11287,0.10656546
11288,0.41356805
11289,0.2672343
11290,0.014679484
11291,0.05991349
11292,0.06253971
11293,0.16192424
11294,0.26101017
11295,0.010354445
11296,0.10654046
11297,0.10491998
11298,0.16565186
11299,0.16494451
11300,0.1514137
11301,0.16989079
11302,0.24091285
11303,0.09754036
11304,0.057151634
11305,0.09018852
11306,0.065146156
11307,0.26777202
11308,0.89706224
11309,0.007136157
11310,0.05358781
11311,0.28456616
11312,0.01905754
11313,0.053908516
11314,0.27390206
11315,0.020883126
11316,0.061546966
11317,0.09161257
11318,0.02265153
11319,0.056493666
11320,0.006798586
11321,0.4123189
11322,0.054771073
11323,0.09836167
11324,0.26768488
11325,0.15966271
11326,0.26689297
11327,0.40353975
11328,0.28013867
11329,0.0324591
11330,0.1663006
11331,0.23233064
11332,0.23535892
11333,0.8645722
11334,0.30174646
11335,0.40496036
11336,0.027051637
11337,0.1447105
11338,0.06298243
11339,0.031541303
11340,0.021503206
11341,0.014097501
11342,0.0114277825
11343,0.07335167
11344,0.009084423
11345,0.012826496
11346,0.030561699
11347,0.06987127
11348,0.10726151
11349,0.11093469
11350,0.1316667
11351,0.09759543
11352,0.2580799
11353,0.25095537
11354,0.03170468
11355,0.111475736
11356,0.28547755
11357,0.020413188
11358,0.06907807
11359,0.8712393
11360,0.9207537
11361,0.6036664
11362,0.007208693
11363,0.03078053
11364,0.089369714
11365,0.45876226
11366,0.08741045
11367,0.066602714
11368,0.06568405
11369,0.09593623
11370,0.07523794
11371,0.015256653
11372,0.21449164
11373,0.019930327
11374,0.038783465
11375,0.12715247
11376,0.122776516
11377,0.07046651
11378,0.05534383
11379,0.22979553
11380,0.18021388
11381,0.027811844
11382,0.12665226
11383,0.109857075
11384,0.10575705
11385,0.98289466
11386,0.97808933
11387,0.6714577
11388,0.020135852
11389,0.068429165
11390,0.03127686
11391,0.273243
11392,0.09262484
11393,0.2678406
11394,0.052213736
11395,0.09606132
11396,0.026393032
11397,0.09664758
11398,0.11956065
11399,0.15467073
11400,0.14145757
11401,0.49451578
11402,0.4195435
11403,0.2516557
11404,0.15437937
11405,0.0933188
11406,0.07350932
11407,0.1252658
11408,0.05251675
11409,0.042868167
11410,0.027576126
11411,0.13141374
11412,0.13892429
11413,0.071739614
11414,0.09424327
11415,0.028058024
11416,0.9456508
11417,0.80423796
11418,1.079923
11419,0.09507302
11420,0.047148596
11421,0.24794444
11422,0.27359706
11423,0.03207664
11424,0.022618296
11425,0.024918469
11426,0.054206636
11427,0.11597811
11428,0.05699444
11429,0.28530553
11430,0.8066311
11431,0.08541973
11432,0.117063396
11433,0.10979836
11434,0.16607031
11435,0.08318572
11436,0.32188272
11437,0.11182949
11438,0.034818
11439,0.0969327
11440,0.118449904
11441,0.10821566
11442,0.049091768
11443,0.027973479
11444,0.29678518
11445,0.44124547
11446,0.16288927
11447,0.07199456
11448,0.029591098
11449,0.11822354
11450,0.080277264
11451,0.27830425
11452,0.03593309
11453,0.051937222
11454,0.05321421
11455,0.023663284
11456,0.027113318
11457,0.05531688
11458,0.053496625
11459,0.48420125
11460,0.8407398
11461,0.38132507
11462,0.18042895
11463,0.13110648
11464,0.1630451
11465,0.16135874
11466,0.5222336
11467,0.10014216
11468,0.034556586
11469,0.04453571
11470,0.03347456
11471,0.14672968
11472,0.15664718
11473,0.11842494
11474,0.42452297
11475,0.40007254
11476,0.26392317
11477,0.91878366
11478,0.25261965
11479,0.021775547
11480,0.14154465
11481,0.27183533
11482,0.027716218
11483,0.058719758
11484,0.17314081
11485,0.07390091
11486,0.04961558
11487,0.045339935
11488,0.05907387
11489,0.1629808
11490,0.27321342
11491,0.30545732
11492,0.55723953
11493,0.41351268
11494,0.16073148
11495,0.24305914
11496,0.2701929
11497,0.01659598
11498,0.028511798
11499,0.16290182
11500,0.08874055
11501,0.30547526
11502,0.1903053
11503,0.061538536
11504,0.4807264
11505,0.3629618
11506,0.0064672227
11507,0.08548188
11508,0.112377636
11509,0.08516596
11510,0.049818687
11511,0.017652288
11512,0.03838921
11513,0.073304646
11514,0.09335385
11515,0.10944169
11516,0.24997906
11517,0.47414654
11518,0.831555
11519,0.45679647
11520,0.36171794
11521,0.59119827
11522,0.118145585
11523,0.07845751
11524,0.0732835
11525,0.15266226
11526,0.1881756
11527,0.082342476
11528,0.030647125
11529,0.06775391
11530,0.13570805
11531,0.021430593
11532,0.005340834
11533,0.05487138
11534,0.108173005
11535,0.023245579
11536,0.0447844
11537,0.0074891495
11538,0.03926057
11539,0.08042088
11540,0.06378478
11541,0.10754429
11542,0.26693532
11543,0.28213868
11544,0.25138703
11545,0.7513102
11546,0.69952804
11547,0.42974788
11548,0.11852334
11549,0.024045845
11550,0.059767075
11551,0.11504364
11552,0.019169528
11553,0.010616867
11554,0.035428923
11555,0.75873953
11556,0.055780288
11557,0.017001778
11558,0.06963692
11559,0.05380459
11560,0.114196576
11561,0.042857103
11562,0.055006057
11563,0.020666454
11564,0.021010282
11565,0.03829472
11566,0.098785795
11567,0.12825243
11568,0.5835433
11569,0.4379597
11570,0.14789751
11571,0.9476389
11572,0.34367582
11573,0.4496432
11574,0.16104972
11575,0.046884734
11576,0.0318073
11577,0.040749677
11578,0.055465404
11579,0.056296613
11580,0.045909297
11581,0.06463796
11582,0.452138
11583,0.20343067
11584,0.20981278
11585,0.032398008
11586,0.10687137
11587,0.12264904
11588,0.13427982
11589,0.2678273
11590,0.05068256
11591,0.030511068
11592,0.011383401
11593,0.052643154
11594,0.15039746
11595,0.66089034
11596,0.46270937
11597,0.5736455
11598,0.26459926
11599,0.40856832
11600,0.15660419
11601,0.11306945
11602,0.039058406
11603,0.023855813
11604,0.014850631
11605,0.043203365
11606,0.034501646
11607,0.12429286
11608,0.13532554
11609,0.06755828
11610,0.27492115
11611,0.029279884
11612,0.0803016
11613,0.2803708
11614,0.04693673
11615,0.014559257
11616,0.12538743
11617,0.24983628
11618,0.03471013
11619,0.24197082
11620,0.16700846
11621,0.08971002
11622,0.123287156
11623,0.103576854
11624,0.0826747
11625,0.043748546
11626,0.1261338
11627,0.12368042
11628,0.04358775
11629,0.010954234
11630,0.22491546
11631,0.012791141
11632,0.019291908
11633,0.098554365
11634,0.04182211
11635,0.14403151
11636,0.049220555
11637,0.056336753
11638,0.055673327
11639,0.1820031
11640,0.33232847
11641,0.5292187
11642,0.08253446
11643,0.012992013
11644,0.020984612
11645,0.031796884
11646,0.057719737
11647,0.018533565
11648,0.07224467
11649,0.1545508
11650,0.030214965
11651,0.019148666
11652,0.03397136
11653,0.020977207
11654,0.014783543
11655,0.027801452
11656,0.08714512
11657,0.112065285
11658,0.4273159
11659,0.018284904
11660,0.021972409
11661,0.04018037
11662,0.09387791
11663,0.10953608
11664,0.3788822
11665,0.100976616
11666,0.016865581
11667,0.14189039
11668,0.014676769
11669,0.041517764
11670,0.08757267
11671,0.13810347
11672,0.059758563
11673,0.013316362
11674,0.012631941
11675,0.020140314
11676,0.011102171
11677,0.18158016
11678,0.019239847
11679,0.031196821
11680,0.15513724
11681,0.07813883
11682,0.04978383
11683,0.027374014
11684,0.035828553
11685,0.08413684
11686,0.29266652
11687,0.037251744
11688,0.0056381966
11689,0.0138599975
11690,0.024092099
11691,0.03803594
11692,0.048474453
11693,0.06868276
11694,0.26968256
11695,0.07550962
11696,0.2712532
11697,0.097052254
11698,0.032460637
11699,0.01772248
11700,0.054099057
11701,0.05422531
11702,0.033920668
11703,0.17730244
11704,0.12138035
11705,0.022678625
11706,0.11616385
11707,0.059456673
11708,0.010445605
11709,0.014283611
11710,0.32208052
11711,0.76253325
11712,0.13670403
11713,0.11147525
11714,0.0998844
11715,0.052543107
11716,0.045776587
11717,0.11119374
11718,0.096514985
11719,0.10626596
11720,0.9371755
11721,0.082485445
11722,0.08890115
11723,0.08175717
11724,0.02269531
11725,0.043487992
11726,0.1432436
11727,0.464353
11728,0.07752715
11729,0.13460961
11730,0.025472587
11731,0.05059804
11732,0.026342157
11733,0.10675849
11734,0.0386916
11735,0.028780274
11736,0.0073666065
11737,0.07351196
11738,0.06708792
11739,0.032203287
11740,0.020758893
11741,0.06540293
11742,0.16460063
11743,0.047541548
11744,0.018485548
11745,0.037637185
11746,0.08476188
11747,0.110380754
11748,0.021558952
11749,0.058588408
11750,0.71023446
11751,0.06735386
11752,0.11944044
11753,0.007639238
11754,0.048562758
11755,0.04763054
11756,0.05967059
11757,0.05551261
11758,0.018291034
11759,0.022678249
11760,0.2918739
11761,0.03546287
11762,0.055753913
11763,0.11818302
11764,0.023141846
11765,0.2358368
11766,0.04674299
11767,0.028601067
11768,0.055486325
11769,0.21505825
11770,0.029810496
11771,0.02413202
11772,0.007597345
11773,0.023314776
11774,0.017167162
11775,0.058879424
11776,0.009473411
11777,0.038847487
11778,0.16184129
11779,0.08458717
11780,0.011431945
11781,0.018814914
11782,0.06832087
11783,0.12828273
11784,0.10330768
11785,0.07977263
11786,0.070806965
11787,0.033596236
11788,0.0604627
11789,0.16011776
11790,0.16383515
11791,0.12419693
11792,0.0074133757
11793,0.0152411815
11794,0.035786662
11795,0.016696997
11796,0.018576652
11797,0.020059962
11798,0.017208518
11799,0.011497122
11800,0.010324746
11801,0.018696684
11802,0.018857528
11803,0.010261667
11804,0.025690053
11805,0.05699491
11806,0.058377374
11807,0.11348761
11808,0.015006056
11809,0.13109198
11810,0.011029734
11811,0.17031762
11812,0.010719195
11813,0.020361338
11814,0.03097333
11815,0.016551903
11816,0.01418315
11817,0.025322845
11818,0.028869808
11819,0.0069137006
11820,0.020758783
11821,0.033290237
11822,0.01633674
11823,0.007908066
11824,0.06649157
11825,0.0291713
11826,0.042022463
11827,0.017231738
11828,0.05257418
11829,0.018138515
11830,0.02032604
11831,0.012624432
11832,0.10468488
11833,0.034083
11834,0.0576679
11835,0.012165174
11836,0.0068433853
11837,0.0126201175
11838,0.033382144
11839,0.01249214
11840,0.019429443
11841,0.101005
11842,0.013192823
11843,0.26004636
11844,0.06420687
11845,0.06771169
11846,0.06334086
11847,0.0070381034
11848,0.08437259
11849,0.02910694
11850,0.01565909
11851,0.007384579
11852,0.088091984
11853,0.020762295
11854,0.08929882
11855,0.13759676
11856,0.020796575
11857,0.039396487
11858,0.03283392
11859,0.03142262
11860,0.01601329
11861,0.017629229
11862,0.0159687
11863,0.010352112
11864,0.043902237
11865,0.01586454
11866,0.0693911
11867,0.06413186
11868,0.031835936
11869,0.005958565
11870,0.2640925
11871,0.025561387
11872,0.018078621
11873,0.029097013
11874,0.006907724
11875,0.018785873
11876,0.06448389
11877,0.023902006
11878,0.017598236
11879,0.034051023
11880,0.012447861
11881,0.012033506
11882,0.032990746
11883,0.10521866
11884,0.24069554
11885,0.020897873
11886,0.09717866
11887,0.022055808
11888,0.033001695
11889,0.05038352
11890,0.036402438
11891,0.056881428
11892,0.034930535
11893,0.046002366
11894,0.033850517
11895,0.03538349
11896,0.096417055
11897,0.041661423
11898,0.035427187
11899,0.02706729
11900,0.029986296
11901,0.10979656
11902,0.04237994
11903,0.064257994
11904,0.13705689
11905,0.10863911
11906,0.08812872
11907,0.04641423
11908,0.3714227
11909,0.058995236
11910,0.2860171
11911,0.08491376
11912,0.23944458
11913,0.05566974
11914,0.01890926
11915,0.039031982
11916,0.105672784
11917,0.030134998
11918,0.54977846
11919,0.26256222
11920,0.04102856
11921,0.25471866
11922,0.051069785
11923,0.022816984
11924,0.04940361
11925,0.03519208
11926,0.019382495
11927,0.016956022
11928,0.0343825
11929,0.09806076
11930,0.12867169
11931,0.41954917
11932,0.42869592
11933,0.03754508
11934,0.06489957
11935,0.027721342
11936,0.2311975
11937,0.25819248
11938,0.010608837
11939,0.02208934
11940,0.05538918
11941,0.042045996
11942,0.068193816
11943,0.075142585
11944,0.43753624
11945,0.109449
11946,0.2593547
11947,0.3988088
11948,0.119161636
11949,0.0216111
11950,0.40604332
11951,0.06362778
11952,0.29168203
11953,0.049211457
11954,0.056995526
11955,0.04646749
11956,0.054310627
11957,0.027553452
11958,0.09040401
11959,0.09434638
11960,0.033832103
11961,0.060482915
11962,0.3235409
11963,0.047794435
11964,0.03322131
11965,0.06222781
11966,0.07445651
11967,0.033343934
11968,0.045351133
11969,0.007326421
11970,0.036919326
11971,0.091278434
11972,0.056536254
11973,0.14368525
11974,0.04996265
11975,0.2591251
11976,0.018398948
11977,0.047458105
11978,0.046962857
11979,0.022645213
11980,0.017331805
11981,0.4299279
11982,0.109632306
11983,0.059913244
11984,0.30404782
11985,0.38300562
11986,0.006144121
11987,0.093652464
11988,0.057398748
11989,0.014814026
11990,0.020937752
11991,0.024460245
11992,0.019647582
11993,0.007398885
11994,0.047512077
11995,0.011847431
11996,0.012044246
11997,0.059124805
11998,0.06643589
11999,0.09064522
12000,0.14680701
12001,0.3069758
12002,0.018832812
12003,0.022439018
12004,0.04717657
12005,0.0110086985
12006,0.010583675
12007,0.03171102
12008,0.030913359
12009,0.03913678
12010,0.28099087
12011,0.023995055
12012,0.053995203
12013,0.011483029
12014,0.050700754
12015,0.03996168
12016,0.120010614
12017,0.44271427
12018,0.007450281
12019,0.05468509
12020,0.07744944
12021,0.021918172
12022,0.02491625
12023,0.0535793
12024,0.06861931
12025,0.012815462
12026,0.03224007
12027,0.015766028
12028,0.11213587
12029,0.1706884
12030,0.10192835
12031,0.11345525
12032,0.08179655
12033,0.036525305
12034,0.040918313
12035,0.03670766
12036,0.04775919
12037,0.0998291
12038,0.06564352
12039,0.23393539
12040,0.020643447
12041,0.049307194
12042,0.038730558
12043,0.025844375
12044,0.03315925
12045,0.057307042
12046,0.02219619
12047,0.027171811
12048,0.082223855
12049,0.17657794
12050,0.26063296
12051,0.04718288
12052,0.050374504
12053,0.044533405
12054,0.1048578
12055,0.063488975
12056,0.019132238
12057,0.06845252
12058,0.019317342
12059,0.031209722
12060,0.14460851
12061,0.0361983
12062,0.033854663
12063,0.042626135
12064,0.07259161
12065,0.07941987
12066,0.26081467
12067,0.2408222
12068,0.23640434
12069,0.07894639
12070,0.056318965
12071,0.025361756
12072,0.0597152
12073,0.05906017
12074,0.12513639
12075,0.055006918
12076,0.5168986
12077,0.12051895
12078,0.024617895
12079,0.118173756
12080,0.061491422
12081,0.0505914
12082,0.02256473
12083,0.01997029
12084,0.0653472
12085,0.013220728
12086,0.027601898
12087,0.024688236
12088,0.100000896
12089,0.053847514
12090,0.096828744
12091,0.081065394
12092,0.13765986
12093,0.2519756
12094,0.32750097
12095,0.07348472
12096,0.028189225
12097,0.093409896
12098,0.024622373
12099,0.053832244
12100,0.028528167
12101,0.009404261
12102,0.08415279
12103,0.061326414
12104,0.12753886
12105,0.047477823
12106,0.108293064
12107,0.045399275
12108,0.06442496
12109,0.03521009
12110,0.1356421
12111,0.01138819
12112,0.03304664
12113,0.07547897
12114,0.038561653
12115,0.015073411
12116,0.011141072
12117,0.028323976
12118,0.046089385
12119,0.07203512
12120,0.091560096
12121,0.14047347
12122,0.11986241
12123,0.26777893
12124,0.2327745
12125,0.13958938
12126,0.017028412
12127,0.115854405
12128,0.017158896
12129,0.065723464
12130,0.04635934
12131,0.092080265
12132,0.03856983
12133,0.02593948
12134,0.057860862
12135,0.040682603
12136,0.016788304
12137,0.055438973
12138,0.08837436
12139,0.037469737
12140,0.063990474
12141,0.08516638
12142,0.023384698
12143,0.05123018
12144,0.085984014
12145,0.07353412
12146,0.15792347
12147,0.31686655
12148,0.117418215
12149,0.12194429
12150,0.063805535
12151,0.083732404
12152,0.08857844
12153,0.10899106
12154,0.07001422
12155,0.02396083
12156,0.38060266
12157,0.074405335
12158,0.08447539
12159,0.06630811
12160,0.08430224
12161,0.021443704
12162,0.029838528
12163,0.027977178
12164,0.051291592
12165,0.27730897
12166,0.070282735
12167,0.062197518
12168,0.12608853
12169,0.6810468
12170,0.14005703
12171,0.021269517
12172,0.2441683
12173,0.070936
12174,0.18296477
12175,0.26182577
12176,0.08860378
12177,0.021794945
12178,0.054902423
12179,0.10682102
12180,0.16252731
12181,0.04246916
12182,0.17099823
12183,0.08305316
12184,0.09637517
12185,0.017248299
12186,0.022664983
12187,0.028121797
12188,0.07029328
12189,0.08733536
12190,0.021642089
12191,0.13656883
12192,0.15024766
12193,0.14902015
12194,0.08768324
12195,0.033536915
12196,0.12238068
12197,0.17658313
12198,0.26427615
12199,0.07238538
12200,0.06485509
12201,0.025072616
12202,0.0674569
12203,0.4809608
12204,0.044454202
12205,0.1048448
12206,0.45189464
12207,0.27568296
12208,0.015389605
12209,0.059820328
12210,0.0638842
12211,0.26013
12212,0.26907077
12213,0.10360301
12214,0.10464615
12215,0.27370885
12216,0.25091982
12217,0.15451935
12218,0.178174
12219,0.24124488
12220,0.101402745
12221,0.05758587
12222,0.09003706
12223,0.058539394
12224,0.27154753
12225,0.8593855
12226,0.0064121066
12227,0.054071944
12228,0.42617446
12229,0.018207729
12230,0.053938072
12231,0.2653016
12232,0.020210307
12233,0.06167738
12234,0.09031665
12235,0.023402428
12236,0.058537107
12237,0.0071058637
12238,0.42500988
12239,0.052671764
12240,0.09698691
12241,0.26592162
12242,0.15201351
12243,0.26975557
12244,0.3931744
12245,0.2782482
12246,0.034901705
12247,0.27037725
12248,0.12093903
12249,0.23415895
12250,0.8686823
12251,0.40273657
12252,0.27194074
12253,0.025481107
12254,0.2474478
12255,0.034692515
12256,0.022339184
12257,0.013604262
12258,0.069634385
12259,0.008321933
12260,0.013667622
12261,0.031376507
12262,0.07298166
12263,0.113591574
12264,0.11249949
12265,0.13254072
12266,0.094008826
12267,0.25892067
12268,0.24117196
12269,0.03152501
12270,0.10992189
12271,0.18779314
12272,0.06702901
12273,0.87488425
12274,0.9756019
12275,0.61226344
12276,0.03129116
12277,0.021185422
12278,0.090591244
12279,0.4037901
12280,0.085061066
12281,0.06522764
12282,0.0136652775
12283,0.06785706
12284,0.08091213
12285,0.07003062
12286,0.013912501
12287,0.3827309
12288,0.021341275
12289,0.039141096
12290,0.12550779
12291,0.11904641
12292,0.07270256
12293,0.055488087
12294,0.23278804
12295,0.18060395
12296,0.028602894
12297,0.24613094
12298,0.10908921
12299,0.10797342
12300,0.93069184
12301,0.89579105
12302,0.67596316
12303,0.06874568
12304,0.03231078
12305,0.011901757
12306,0.22559881
12307,0.09004335
12308,0.37793353
12309,0.051242273
12310,0.09716274
12311,0.026457766
12312,0.09640452
12313,0.11624553
12314,0.15318029
12315,0.13416621
12316,0.51256967
12317,0.4166286
12318,0.25807878
12319,0.2605523
12320,0.09306999
12321,0.07175246
12322,0.13054734
12323,0.0519772
12324,0.044241987
12325,0.02681818
12326,0.13022281
12327,0.14136514
12328,0.06951792
12329,0.09826805
12330,0.026984034
12331,0.8600161
12332,0.8696546
12333,0.90461797
12334,0.092085354
12335,0.044602938
12336,0.27675006
12337,0.012531412
12338,0.27415517
12339,0.031240584
12340,0.00972166
12341,0.021739071
12342,0.05053328
12343,0.11535697
12344,0.059885144
12345,0.40702185
12346,0.76961255
12347,0.08552528
12348,0.11299501
12349,0.111403465
12350,0.15724131
12351,0.086737394
12352,0.25731787
12353,0.11570011
12354,0.035728183
12355,0.09585279
12356,0.11862744
12357,0.10709114
12358,0.04829149
12359,0.02584819
12360,0.44569182
12361,0.28156877
12362,0.27060547
12363,0.06905792
12364,0.11718018
12365,0.07833913
12366,0.28161895
12367,0.035865515
12368,0.054312676
12369,0.051997833
12370,0.026296357
12371,0.056069665
12372,0.054888975
12373,0.43214968
12374,0.7824373
12375,0.37394992
12376,0.2740784
12377,0.12672177
12378,0.26898012
12379,0.26238036
12380,0.5166045
12381,0.08848635
12382,0.031835955
12383,0.044990283
12384,0.03660389
12385,0.13983339
12386,0.15564966
12387,0.22964533
12388,0.30635387
12389,0.2661837
12390,0.26529625
12391,0.9347373
12392,0.24715334
12393,0.02113196
12394,0.23629941
12395,0.27145028
12396,0.057530418
12397,0.16353212
12398,0.07513731
12399,0.046131052
12400,0.045424286
12401,0.058708403
12402,0.2525143
12403,0.26175812
12404,0.2640495
12405,0.49864525
12406,0.27494428
12407,0.15079947
12408,0.17566378
12409,0.40492758
12410,0.019021645
12411,0.17206283
12412,0.086817
12413,0.058504794
12414,0.40905428
12415,0.26895142
12416,0.061332468
12417,0.4646252
12418,0.3680399
12419,0.088617824
12420,0.11161621
12421,0.08215413
12422,0.048311356
12423,0.014050944
12424,0.017667076
12425,0.03601695
12426,0.076247446
12427,0.09408627
12428,0.11477454
12429,0.14893255
12430,0.34728533
12431,0.88421106
12432,0.4624799
12433,0.40308276
12434,0.607585
12435,0.1258
12436,0.075947486
12437,0.07254334
12438,0.15079796
12439,0.17462724
12440,0.07945768
12441,0.030177623
12442,0.06625115
12443,0.13271774
12444,0.005840257
12445,0.053601313
12446,0.11207239
12447,0.024104573
12448,0.04618109
12449,0.02136033
12450,0.02384757
12451,0.0063928445
12452,0.014516155
12453,0.039290383
12454,0.08448781
12455,0.06187339
12456,0.10393613
12457,0.2636573
12458,0.2797919
12459,0.22507036
12460,0.73725796
12461,0.7042972
12462,0.4352734
12463,0.11617164
12464,0.047328476
12465,0.023374727
12466,0.05745328
12467,0.11071906
12468,0.0191256
12469,0.0369819
12470,0.70258063
12471,0.055898804
12472,0.06679234
12473,0.05378818
12474,0.107451275
12475,0.044432968
12476,0.053129457
12477,0.019323818
12478,0.049796026
12479,0.019897588
12480,0.021914944
12481,0.038817987
12482,0.09935622
12483,0.12635686
12484,0.55376244
12485,0.39987534
12486,0.14229244
12487,0.94235945
12488,0.4558381
12489,0.5141124
12490,0.14994049
12491,0.007982696
12492,0.04570676
12493,0.031677693
12494,0.040149976
12495,0.05794875
12496,0.05291692
12497,0.044182424
12498,0.06502256
12499,0.4317504
12500,0.20549804
12501,0.37641892
12502,0.033643056
12503,0.107032545
12504,0.12550588
12505,0.13337564
12506,0.16378418
12507,0.050041415
12508,0.030353758
12509,0.012076021
12510,0.051165443
12511,0.16600417
12512,0.69656783
12513,0.17226665
12514,0.53464085
12515,0.4313642
12516,0.43835852
12517,0.26155528
12518,0.11129184
12519,0.0379382
12520,0.023676572
12521,0.011811418
12522,0.042022817
12523,0.03337516
12524,0.13099661
12525,0.13555387
12526,0.069957614
12527,0.41333002
12528,0.029347625
12529,0.07792959
12530,0.20260906
12531,0.04324771
12532,0.015434553
12533,0.01259057
12534,0.014463676
12535,0.12623002
12536,0.1552402
12537,0.036651216
12538,0.24666238
12539,0.2659578
12540,0.08930354
12541,0.120516606
12542,0.034397915
12543,0.09380075
12544,0.08353099
12545,0.04465309
12546,0.12950821
12547,0.121010646
12548,0.045436922
12549,0.027544439
12550,0.010423199
12551,0.23697393
12552,0.017864611
12553,0.09861763
12554,0.040503487
12555,0.042059626
12556,0.14421603
12557,0.04688395
12558,0.05859284
12559,0.012835868
12560,0.054198835
12561,0.2637974
12562,0.42530558
12563,0.5235531
12564,0.0841083
12565,0.02092206
12566,0.028001796
12567,0.058243703
12568,0.074896544
12569,0.14921623
12570,0.028525298
12571,0.018465051
12572,0.03392665
12573,0.02306585
12574,0.014096227
12575,0.092709325
12576,0.11435463
12577,0.28558528
12578,0.017346242
12579,0.021807505
12580,0.04032924
12581,0.092045784
12582,0.1075592
12583,0.40335798
12584,0.09680699
12585,0.017846799
12586,0.12831214
12587,0.042228416
12588,0.019293725
12589,0.087902516
12590,0.1399781
12591,0.05895251
12592,0.014017336
12593,0.010285276
12594,0.018916918
12595,0.010733501
12596,0.18459083
12597,0.018899838
12598,0.032181498
12599,0.15278383
12600,0.07741975
12601,0.052403085
12602,0.029482663
12603,0.036791462
12604,0.0799185
12605,0.4102382
12606,0.03935824
12607,0.005239142
12608,0.023130002
12609,0.03672923
12610,0.048732135
12611,0.06859549
12612,0.16380681
12613,0.07332983
12614,0.2710949
12615,0.10151257
12616,0.033241343
12617,0.014288496
12618,0.052722406
12619,0.054249234
12620,0.034873392
12621,0.26860693
12622,0.01703785
12623,0.13372467
12624,0.022136822
12625,0.109352544
12626,0.060190275
12627,0.015741743
12628,0.013503802
12629,0.327014
12630,0.795144
12631,0.13563715
12632,0.12086536
12633,0.09656141
12634,0.052479677
12635,0.04774804
12636,0.22653751
12637,0.09184235
12638,0.11718716
12639,0.9049916
12640,0.020769542
12641,0.0838296
12642,0.018936288
12643,0.08878191
12644,0.08355911
12645,0.021289252
12646,0.14583275
12647,0.51347405
12648,0.07740049
12649,0.13294226
12650,0.024956845
12651,0.050067753
12652,0.012048992
12653,0.02845697
12654,0.10531888
12655,0.03733009
12656,0.0066560414
12657,0.03020513
12658,0.005544825
12659,0.07022658
12660,0.06349135
12661,0.02031951
12662,0.06313485
12663,0.021274587
12664,0.18456732
12665,0.046070658
12666,0.018308215
12667,0.040210564
12668,0.08744441
12669,0.11292155
12670,0.023389721
12671,0.05893511
12672,0.733264
12673,0.06820103
12674,0.1197957
12675,0.052669235
12676,0.043980513
12677,0.058226824
12678,0.05618169
12679,0.018872214
12680,0.023127284
12681,0.29235703
12682,0.03395193
12683,0.0062260428
12684,0.008011803
12685,0.016946683
12686,0.05742233
12687,0.12007802
12688,0.011537723
12689,0.12171528
12690,0.047027607
12691,0.027925547
12692,0.053948637
12693,0.4011276
12694,0.029783325
12695,0.02449521
12696,0.021223137
12697,0.059916623
12698,0.039135884
12699,0.15303423
12700,0.08476523
12701,0.014655378
12702,0.018470196
12703,0.016118752
12704,0.06524425
12705,0.2536126
12706,0.1048311
12707,0.07924558
12708,0.069032475
12709,0.031050282
12710,0.05798976
12711,0.019301977
12712,0.15459892
12713,0.26697463
12714,0.12501323
12715,0.006521065
12716,0.009268202
12717,0.018507395
12718,0.036637962
12719,0.01772926
12720,0.013418315
12721,0.020642387
12722,0.017225334
12723,0.02347814
12724,0.011570618
12725,0.019551061
12726,0.018994903
12727,0.010904763
12728,0.026367048
12729,0.05680474
12730,0.05884763
12731,0.11822899
12732,0.006168079
12733,0.011677023
12734,0.009630786
12735,0.12589435
12736,0.16821294
12737,0.010491513
12738,0.022608541
12739,0.014940924
12740,0.026061129
12741,0.019609384
12742,0.015559953
12743,0.024296954
12744,0.029139211
12745,0.008918464
12746,0.019451613
12747,0.03336307
12748,0.005257233
12749,0.009257613
12750,0.0078704385
12751,0.06673564
12752,0.03018881
12753,0.043310903
12754,0.051980197
12755,0.017004441
12756,0.020550642
12757,0.011799505
12758,0.10409638
12759,0.03513168
12760,0.056539685
12761,0.012162008
12762,0.005744612
12763,0.01278108
12764,0.03196178
12765,0.012775877
12766,0.018125478
12767,0.10020309
12768,0.016179632
12769,0.015112465
12770,0.15555061
12771,0.06524925
12772,0.06714714
12773,0.0632887
12774,0.09179654
12775,0.027975656
12776,0.016059915
12777,0.0075515853
12778,0.08867281
12779,0.021639068
12780,0.08955498
12781,0.008171243
12782,0.13710898
12783,0.02225991
12784,0.027782299
12785,0.034267478
12786,0.039076693
12787,0.031055268
12788,0.029431554
12789,0.01649114
12790,0.016484411
12791,0.041140467
12792,0.014746497
12793,0.06920555
12794,0.067814656
12795,0.03215703
12796,0.14934486
12797,0.021285344
12798,0.025504675
12799,0.0055902856
12800,0.018803332
12801,0.02281122
12802,0.06469139
12803,0.022830173
12804,0.01844355
12805,0.033104032
12806,0.017151413
12807,0.03878217
12808,0.010865772
12809,0.034677874
12810,0.10374207
12811,0.15105857
12812,0.020849794
12813,0.09661056
12814,0.032895487
12815,0.050579157
12816,0.037281685
12817,0.05598365
12818,0.0327851
12819,0.033615757
12820,0.04577108
12821,0.03395158
12822,0.039535616
12823,0.09936614
12824,0.047987275
12825,0.035353202
12826,0.10466023
12827,0.03778658
12828,0.064047545
12829,0.040478893
12830,0.13549216
12831,0.31034848
12832,0.03808201
12833,0.01527688
12834,0.27449992
12835,0.056764524
12836,0.41262528
12837,0.08441547
12838,0.1209968
12839,0.08662644
12840,0.038824525
12841,0.12739715
12842,0.032511704
12843,0.48525515
12844,0.12981541
12845,0.04204684
12846,0.25586423
12847,0.05141001
12848,0.03205885
12849,0.05116562
12850,0.03611586
12851,0.019861525
12852,0.016931487
12853,0.033927478
12854,0.10132968
12855,0.13043974
12856,0.40879363
12857,0.5244663
12858,0.035201844
12859,0.02804618
12860,0.24122453
12861,0.14166313
12862,0.022341594
12863,0.056505803
12864,0.04439522
12865,0.06367505
12866,0.07863296
12867,0.43205371
12868,0.10754271
12869,0.25367013
12870,0.37492543
12871,0.117767565
12872,0.42606434
12873,0.019743877
12874,0.06733506
12875,0.28448644
12876,0.049861696
12877,0.054961354
12878,0.044437543
12879,0.05297778
12880,0.028630614
12881,0.09072475
12882,0.09635065
12883,0.06240147
12884,0.036996026
12885,0.035675496
12886,0.057017818
12887,0.28064796
12888,0.048020124
12889,0.032893807
12890,0.06001435
12891,0.061192617
12892,0.0668662
12893,0.047241494
12894,0.04528816
12895,0.09295342
12896,0.028927607
12897,0.056246098
12898,0.13979414
12899,0.05140761
12900,0.2574367
12901,0.05001276
12902,0.046540406
12903,0.02492421
12904,0.018110411
12905,0.017210064
12906,0.3887462
12907,0.11789554
12908,0.06039846
12909,0.41033256
12910,0.42251822
12911,0.091075584
12912,0.05426907
12913,0.01962104
12914,0.023758484
12915,0.01787066
12916,0.0069269566
12917,0.044177193
12918,0.080919
12919,0.012891593
12920,0.048818957
12921,0.06787308
12922,0.090499096
12923,0.25087142
12924,0.35205227
12925,0.024069106
12926,0.048626576
12927,0.008517508
12928,0.009598435
12929,0.031681843
12930,0.040339373
12931,0.28054377
12932,0.019893078
12933,0.05304405
12934,0.013076788
12935,0.011212815
12936,0.049590163
12937,0.13187675
12938,0.39915338
12939,0.050263073
12940,0.077490784
12941,0.022754641
12942,0.025739813
12943,0.05402093
12944,0.06636509
12945,0.015245588
12946,0.030737942
12947,0.015268972
12948,0.1130842
12949,0.16424535
12950,0.10301066
12951,0.11531568
12952,0.06987136
12953,0.037827987
12954,0.04038252
12955,0.039934147
12956,0.048336707
12957,0.10005495
12958,0.06348061
12959,0.23553057
12960,0.02166483
12961,0.049071167
12962,0.038795497
12963,0.026723001
12964,0.025425397
12965,0.031189049
12966,0.055834897
12967,0.029082628
12968,0.084319085
12969,0.31195924
12970,0.26020265
12971,0.047157977
12972,0.04863367
12973,0.042133138
12974,0.10438463
12975,0.063872136
12976,0.019889899
12977,0.06891253
12978,0.034294397
12979,0.14125751
12980,0.034731213
12981,0.03529914
12982,0.040959194
12983,0.007878124
12984,0.071584
12985,0.084796205
12986,0.26203528
12987,0.24279544
12988,0.23301621
12989,0.07352852
12990,0.05290895
12991,0.023676993
12992,0.06529256
12993,0.059255276
12994,0.012724445
12995,0.12436016
12996,0.058531743
12997,0.5960512
12998,0.1225168
12999,0.11833304
13000,0.05965059
13001,0.050159212
13002,0.022724364
13003,0.020448772
13004,0.06426308
13005,0.031887747
13006,0.026612656
13007,0.026986685
13008,0.1016248
13009,0.05401711
13010,0.09399277
13011,0.080743395
13012,0.12687422
13013,0.2483767
13014,0.43659526
13015,0.07474504
13016,0.031818572
13017,0.08846308
13018,0.020868056
13019,0.04974408
13020,0.028137594
13021,0.008211523
13022,0.08596759
13023,0.0582168
13024,0.12653208
13025,0.04581009
13026,0.105581574
13027,0.04694451
13028,0.064836346
13029,0.034055386
13030,0.021818724
13031,0.019508706
13032,0.12967783
13033,0.012078921
13034,0.0334211
13035,0.07483869
13036,0.0391808
13037,0.009145514
13038,0.013365895
13039,0.025856487
13040,0.047670964
13041,0.07089101
13042,0.08905677
13043,0.14870875
13044,0.11670227
13045,0.27390763
13046,0.22460827
13047,0.13271323
13048,0.017947024
13049,0.11032843
13050,0.06802306
13051,0.006680211
13052,0.050055
13053,0.092166424
13054,0.03913364
13055,0.025233028
13056,0.058084622
13057,0.038580026
13058,0.016045392
13059,0.056347437
13060,0.08619079
13061,0.03742549
13062,0.025181709
13063,0.035255674
13064,0.08553104
13065,0.02179606
13066,0.048438337
13067,0.08935621
13068,0.074309364
13069,0.25241283
13070,0.37541673
13071,0.11349108
13072,0.122822545
13073,0.069582395
13074,0.085684754
13075,0.09599232
13076,0.109539784
13077,0.0679563
13078,0.011932473
13079,0.025632571
13080,0.3929805
13081,0.07418907
13082,0.082814895
13083,0.066436596
13084,0.08510756
13085,0.021424862
13086,0.0283978
13087,0.021722503
13088,0.026761675
13089,0.05093906
13090,0.18330884
13091,0.07074403
13092,0.063670196
13093,0.12407677
13094,0.7123806
13095,0.11705542
13096,0.016505694
13097,0.24351738
13098,0.06879513
13099,0.26096576
13100,0.18354227
13101,0.08923113
13102,0.02115018
13103,0.054794814
13104,0.10549373
13105,0.15670243
13106,0.046867356
13107,0.16101572
13108,0.08324127
13109,0.09177866
13110,0.021762405
13111,0.02683942
13112,0.06946652
13113,0.0872527
13114,0.022123063
13115,0.13441429
13116,0.15292406
13117,0.14660102
13118,0.08883451
13119,0.03425969
13120,0.12183339
13121,0.17094086
13122,0.26641807
13123,0.07599259
13124,0.010660624
13125,0.06406186
13126,0.024933241
13127,0.06669107
13128,0.5824416
13129,0.046383783
13130,0.10421639
13131,0.4171403
13132,0.14829637
13133,0.017282452
13134,0.05645903
13135,0.06390984
13136,0.2589232
13137,0.2609599
13138,0.10488177
13139,0.10122154
13140,0.16457585
13141,0.15142234
13142,0.15602586
13143,0.19665714
13144,0.38251358
13145,0.09821845
13146,0.02243995
13147,0.055793263
13148,0.087976165
13149,0.06601213
13150,0.26502275
13151,0.8130318
13152,0.008613937
13153,0.053508222
13154,0.37916607
13155,0.020469867
13156,0.056712087
13157,0.26769835
13158,0.021158539
13159,0.06206795
13160,0.09580766
13161,0.022841172
13162,0.05744426
13163,0.0078790225
13164,0.4375674
13165,0.05339389
13166,0.09782733
13167,0.27684972
13168,0.1540462
13169,0.26998338
13170,0.40156385
13171,0.19771439
13172,0.26599288
13173,0.121806145
13174,0.11884668
13175,0.8258588
13176,0.42671248
13177,0.39528826
13178,0.026636466
13179,0.249414
13180,0.062633194
13181,0.022871638
13182,0.069997974
13183,0.008925781
13184,0.013574746
13185,0.032087848
13186,0.06863028
13187,0.107622795
13188,0.1087212
13189,0.12757686
13190,0.096511126
13191,0.25313878
13192,0.12022596
13193,0.0329546
13194,0.11254784
13195,0.27871472
13196,0.0649204
13197,0.9684831
13198,0.86682546
13199,0.6477325
13200,0.0066915103
13201,0.033218198
13202,0.021482999
13203,0.08901656
13204,0.44702777
13205,0.07769956
13206,0.06635976
13207,0.015459192
13208,0.06722806
13209,0.074780315
13210,0.07392278
13211,0.014672931
13212,0.20521027
13213,0.01941553
13214,0.037928186
13215,0.12899156
13216,0.12005156
13217,0.06855967
13218,0.05613207
13219,0.2385296
13220,0.13684013
13221,0.028762525
13222,0.24746084
13223,0.11056474
13224,0.11023826
13225,0.95137864
13226,0.95601696
13227,0.7181427
13228,0.02074601
13229,0.06843601
13230,0.031000465
13231,0.0118301865
13232,0.22902949
13233,0.090492554
13234,0.25995076
13235,0.052281186
13236,0.095687695
13237,0.02561112
13238,0.09787328
13239,0.11956842
13240,0.15050197
13241,0.12711856
13242,0.5043632
13243,0.27655903
13244,0.25176182
13245,0.1642153
13246,0.092678696
13247,0.06991117
13248,0.123339474
13249,0.0531623
13250,0.04188672
13251,0.02708213
13252,0.13425563
13253,0.14353798
13254,0.06639906
13255,0.09518682
13256,0.028245803
13257,0.9445148
13258,0.90322757
13259,0.86565804
13260,0.09366873
13261,0.046088524
13262,0.24906076
13263,0.26853672
13264,0.03126875
13265,0.024482189
13266,0.024722975
13267,0.053376798
13268,0.11313331
13269,0.058329664
13270,0.41756138
13271,0.72296715
13272,0.08191148
13273,0.14327946
13274,0.10967143
13275,0.14836237
13276,0.08584057
13277,0.3218682
13278,0.110360265
13279,0.037149433
13280,0.09982451
13281,0.12003857
13282,0.10677851
13283,0.050346587
13284,0.026345849
13285,0.5261145
13286,0.4430135
13287,0.26843283
13288,0.070768386
13289,0.11968959
13290,0.08024791
13291,0.27609783
13292,0.034082867
13293,0.05527862
13294,0.05342156
13295,0.021758515
13296,0.0246531
13297,0.055729162
13298,0.052289676
13299,0.2667403
13300,0.71319145
13301,0.26676014
13302,0.27262336
13303,0.12723708
13304,0.15679137
13305,0.16124788
13306,0.5396336
13307,0.10835234
13308,0.035792597
13309,0.04432374
13310,0.037619732
13311,0.1565856
13312,0.15605438
13313,0.22974953
13314,0.30000764
13315,0.2682865
13316,0.26456463
13317,0.95496887
13318,0.24465074
13319,0.02091399
13320,0.23221366
13321,0.27043328
13322,0.024400186
13323,0.059339527
13324,0.14589009
13325,0.07821753
13326,0.046099138
13327,0.04520505
13328,0.057701774
13329,0.2535924
13330,0.3888105
13331,0.27028266
13332,0.52974284
13333,0.27769998
13334,0.14865704
13335,0.24632718
13336,0.25781745
13337,0.018435203
13338,0.026212383
13339,0.15838881
13340,0.17309918
13341,0.054871645
13342,0.39426237
13343,0.2648171
13344,0.064278126
13345,0.53464407
13346,0.19449899
13347,0.09090392
13348,0.11428882
13349,0.0830637
13350,0.05017884
13351,0.0152782025
13352,0.011006966
13353,0.018234368
13354,0.037158404
13355,0.067544654
13356,0.09529973
13357,0.108694874
13358,0.15140946
13359,0.45658743
13360,0.8809608
13361,0.4382158
13362,0.41747212
13363,0.5250541
13364,0.11287751
13365,0.0763341
13366,0.07622689
13367,0.15291876
13368,0.16546592
13369,0.079231426
13370,0.031183474
13371,0.06654161
13372,0.13518518
13373,0.005072817
13374,0.051659666
13375,0.10729759
13376,0.024949826
13377,0.044436526
13378,0.019823521
13379,0.023446621
13380,0.005728484
13381,0.014373778
13382,0.03775738
13383,0.08128282
13384,0.063408114
13385,0.10247648
13386,0.25656357
13387,0.28046474
13388,0.22073951
13389,0.77671844
13390,0.67590296
13391,0.3335769
13392,0.1156426
13393,0.048100397
13394,0.023193117
13395,0.058922373
13396,0.111756556
13397,0.017532473
13398,0.037442744
13399,0.68835706
13400,0.052406937
13401,0.02080069
13402,0.06769049
13403,0.053925388
13404,0.23761143
13405,0.04535669
13406,0.054771304
13407,0.046579022
13408,0.020501018
13409,0.023058875
13410,0.036761172
13411,0.09409309
13412,0.13079192
13413,0.51880497
13414,0.29539737
13415,0.14172596
13416,0.871398
13417,0.47479376
13418,0.4853572
13419,0.25896254
13420,0.048464574
13421,0.033471115
13422,0.041679975
13423,0.053543616
13424,0.05424265
13425,0.04501318
13426,0.06325553
13427,0.43674576
13428,0.20547307
13429,0.36227033
13430,0.03361625
13431,0.10645447
13432,0.120883234
13433,0.13596362
13434,0.16724011
13435,0.05105507
13436,0.034169994
13437,0.011733917
13438,0.05134837
13439,0.15607552
13440,0.6731707
13441,0.4426384
13442,0.59664905
13443,0.3946983
13444,0.2721231
13445,0.2663157
13446,0.1095473
13447,0.040477782
13448,0.012478675
13449,0.043841638
13450,0.03405371
13451,0.12450987
13452,0.13630724
13453,0.06506633
13454,0.27523917
13455,0.0313111
13456,0.08054054
13457,0.011909635
13458,0.28529388
13459,0.047152184
13460,0.014601482
13461,0.12030741
13462,0.24730378
13463,0.035483126
13464,0.0044939113
13465,0.12577575
13466,0.16554242
13467,0.09327
13468,0.11615404
13469,0.03433076
13470,0.09558918
13471,0.07528235
13472,0.036855742
13473,0.1265558
13474,0.1218319
13475,0.046486605
13476,0.010142785
13477,0.21932983
13478,0.011802012
13479,0.018056713
13480,0.09910477
13481,0.04418321
13482,0.041322675
13483,0.14851484
13484,0.047222417
13485,0.056875452
13486,0.012792361
13487,0.051639095
13488,0.15202963
13489,0.47250193
13490,0.513555
13491,0.082668036
13492,0.012173619
13493,0.021798119
13494,0.028770246
13495,0.05747206
13496,0.07401353
13497,0.15293382
13498,0.016199138
13499,0.02931543
13500,0.017873654
13501,0.035451442
13502,0.020742306
13503,0.014494102
13504,0.09277981
13505,0.106029
13506,0.41918647
13507,0.017824354
13508,0.024194509
13509,0.041363955
13510,0.09518299
13511,0.11105017
13512,0.40776628
13513,0.100306354
13514,0.01570602
13515,0.13435249
13516,0.041080613
13517,0.08432954
13518,0.14093776
13519,0.061737243
13520,0.010631176
13521,0.020071393
13522,0.009926993
13523,0.16155058
13524,0.031895332
13525,0.018161803
13526,0.03075974
13527,0.14948666
13528,0.075325936
13529,0.053452987
13530,0.02640052
13531,0.03739656
13532,0.08248403
13533,0.40759665
13534,0.040767968
13535,0.023709321
13536,0.03840466
13537,0.046462588
13538,0.07039626
13539,0.17077583
13540,0.06809809
13541,0.18027204
13542,0.09896006
13543,0.03429094
13544,0.017473113
13545,0.0526167
13546,0.055403117
13547,0.0334297
13548,0.273268
13549,0.13723834
13550,0.023640402
13551,0.11353767
13552,0.061118063
13553,0.01149372
13554,0.013615277
13555,0.32284084
13556,0.7384987
13557,0.1413466
13558,0.10325718
13559,0.018685298
13560,0.09754494
13561,0.05338479
13562,0.047600746
13563,0.22182798
13564,0.09187105
13565,0.10716293
13566,0.9693345
13567,0.021971455
13568,0.08247065
13569,0.019098373
13570,0.08878982
13571,0.08468649
13572,0.022286905
13573,0.043756895
13574,0.14190741
13575,0.54297954
13576,0.07988321
13577,0.25840223
13578,0.025033168
13579,0.020210534
13580,0.05120073
13581,0.028991252
13582,0.1019543
13583,0.038964607
13584,0.029907519
13585,0.06856514
13586,0.06888955
13587,0.032458335
13588,0.020237
13589,0.06426918
13590,0.020623352
13591,0.16415685
13592,0.04612004
13593,0.018114075
13594,0.037207443
13595,0.0859053
13596,0.110406354
13597,0.024606759
13598,0.058124974
13599,0.7712717
13600,0.06745035
13601,0.2490544
13602,0.04332666
13603,0.06089388
13604,0.054122653
13605,0.3470268
13606,0.036056627
13607,0.00884701
13608,0.009001701
13609,0.0141333295
13610,0.056137774
13611,0.1092982
13612,0.02260009
13613,0.12073298
13614,0.047018647
13615,0.028730894
13616,0.05749464
13617,0.3723172
13618,0.031104516
13619,0.025038876
13620,0.007982817
13621,0.022019912
13622,0.053654123
13623,0.038579453
13624,0.15814006
13625,0.07935793
13626,0.015311173
13627,0.018101085
13628,0.018775284
13629,0.0699435
13630,0.14933783
13631,0.10203191
13632,0.08244738
13633,0.07205581
13634,0.034809906
13635,0.059308607
13636,0.019717904
13637,0.15662497
13638,0.26129386
13639,0.123733796
13640,0.037336007
13641,0.02095933
13642,0.016777232
13643,0.021264471
13644,0.016820008
13645,0.02157098
13646,0.01193112
13647,0.019964162
13648,0.020125268
13649,0.025711745
13650,0.05655441
13651,0.058080927
13652,0.114103355
13653,0.015119811
13654,0.23210396
13655,0.008819199
13656,0.26567715
13657,0.011367424
13658,0.021775894
13659,0.031286035
13660,0.018751983
13661,0.015069775
13662,0.02787976
13663,0.02949777
13664,0.022576427
13665,0.034747113
13666,0.015301995
13667,0.0092205675
13668,0.0665542
13669,0.03046429
13670,0.043592364
13671,0.049532607
13672,0.01915782
13673,0.018463822
13674,0.010485047
13675,0.10326705
13676,0.035456315
13677,0.05683202
13678,0.011171223
13679,0.0062974705
13680,0.012670515
13681,0.004888918
13682,0.03400564
13683,0.01957591
13684,0.096311495
13685,0.017017975
13686,0.17063941
13687,0.06517753
13688,0.067265056
13689,0.06149412
13690,0.015406538
13691,0.090415746
13692,0.028435247
13693,0.017683163
13694,0.087234095
13695,0.020824436
13696,0.09811183
13697,0.13733219
13698,0.022571206
13699,0.036857586
13700,0.038338143
13701,0.03141058
13702,0.016206764
13703,0.016991839
13704,0.010947719
13705,0.014176952
13706,0.040663637
13707,0.01619624
13708,0.0678256
13709,0.061381105
13710,0.030920792
13711,0.15863436
13712,0.013478405
13713,0.02230512
13714,0.02508715
13715,0.026567778
13716,0.0068144253
13717,0.022468554
13718,0.060152993
13719,0.022290304
13720,0.018648181
13721,0.03596791
13722,0.017827917
13723,0.0378349
13724,0.011429838
13725,0.01759472
13726,0.03189357
13727,0.10550735
13728,0.14758176
13729,0.020887127
13730,0.095020235
13731,0.02133864
13732,0.03607022
13733,0.046293378
13734,0.03916191
13735,0.056280036
13736,0.031611726
13737,0.045950625
13738,0.08600986
13739,0.033402838
13740,0.03884061
13741,0.08649412
13742,0.04103922
13743,0.035694536
13744,0.027420128
13745,0.031802338
13746,0.10171107
13747,0.038235687
13748,0.06030146
13749,0.03961195
13750,0.12857488
13751,0.29839388
13752,0.018943483
13753,0.014669195
13754,0.26373333
13755,0.05832288
13756,0.18346544
13757,0.08076776
13758,0.11266377
13759,0.018385105
13760,0.019605182
13761,0.11306844
13762,0.033551592
13763,0.5481642
13764,0.12518781
13765,0.04514516
13766,0.25508168
13767,0.050309163
13768,0.032947782
13769,0.02413162
13770,0.05131519
13771,0.03909649
13772,0.017151551
13773,0.017225673
13774,0.032052938
13775,0.10224503
13776,0.124997705
13777,0.35717505
13778,0.43259048
13779,0.03991611
13780,0.11090041
13781,0.25104535
13782,0.022880338
13783,0.0549114
13784,0.04230423
13785,0.065040305
13786,0.077987894
13787,0.27752087
13788,0.114272356
13789,0.4375895
13790,0.40103805
13791,0.0216569
13792,0.35424563
13793,0.06459559
13794,0.29669788
13795,0.046734814
13796,0.053949334
13797,0.043605614
13798,0.057849064
13799,0.028891984
13800,0.087463416
13801,0.093042284
13802,0.072659045
13803,0.035190675
13804,0.055414062
13805,0.29127902
13806,0.04833676
13807,0.03282432
13808,0.059791245
13809,0.0594384
13810,0.07889299
13811,0.03313707
13812,0.048079032
13813,0.038987722
13814,0.078883916
13815,0.030606136
13816,0.05464513
13817,0.15219553
13818,0.2603801
13819,0.020880394
13820,0.046873562
13821,0.024898127
13822,0.3255892
13823,0.10746107
13824,0.0623034
13825,0.2840142
13826,0.29956374
13827,0.08864256
13828,0.056839727
13829,0.021983802
13830,0.023270285
13831,0.007631848
13832,0.04431032
13833,0.012141144
13834,0.08057668
13835,0.060277186
13836,0.06391594
13837,0.08800696
13838,0.1515438
13839,0.35188368
13840,0.019460946
13841,0.02280879
13842,0.04671717
13843,0.011619993
13844,0.008963855
13845,0.03166972
13846,0.032251522
13847,0.038273565
13848,0.38544616
13849,0.025519667
13850,0.054797217
13851,0.0466877
13852,0.12332327
13853,0.37436822
13854,0.009518896
13855,0.052008536
13856,0.074872
13857,0.024061875
13858,0.054158457
13859,0.06860586
13860,0.013675602
13861,0.019680204
13862,0.0335645
13863,0.11492948
13864,0.16540478
13865,0.10367782
13866,0.11050764
13867,0.07529754
13868,0.01091449
13869,0.036348436
13870,0.038241647
13871,0.040285766
13872,0.047391925
13873,0.09822802
13874,0.06463158
13875,0.2352521
13876,0.020248748
13877,0.04959395
13878,0.036893748
13879,0.02521136
13880,0.02351375
13881,0.028151738
13882,0.05596218
13883,0.09421787
13884,0.024356427
13885,0.078292735
13886,0.2554671
13887,0.2658153
13888,0.046885505
13889,0.048732616
13890,0.043300584
13891,0.100759774
13892,0.06291893
13893,0.018603008
13894,0.06796042
13895,0.033170868
13896,0.14786458
13897,0.036320005
13898,0.026767183
13899,0.0388429
13900,0.00723014
13901,0.06870906
13902,0.08145221
13903,0.26724562
13904,0.24472551
13905,0.23109777
13906,0.07846308
13907,0.054594867
13908,0.021345163
13909,0.06576427
13910,0.060191695
13911,0.011395054
13912,0.1314805
13913,0.05485915
13914,0.6143079
13915,0.12173589
13916,0.11984627
13917,0.058785155
13918,0.048551727
13919,0.020804146
13920,0.019209377
13921,0.013739702
13922,0.0666059
13923,0.030474735
13924,0.025708707
13925,0.025298784
13926,0.09809862
13927,0.053361148
13928,0.09743013
13929,0.085284464
13930,0.12868628
13931,0.24943067
13932,0.47444618
13933,0.076145425
13934,0.0276465
13935,0.089590445
13936,0.019901574
13937,0.0475936
13938,0.0074250465
13939,0.02724901
13940,0.08387752
13941,0.063350275
13942,0.1304426
13943,0.045990784
13944,0.10655276
13945,0.043459274
13946,0.06688749
13947,0.03575648
13948,0.020763656
13949,0.020344188
13950,0.13210054
13951,0.03729386
13952,0.073829874
13953,0.03811585
13954,0.012234829
13955,0.030036988
13956,0.047084592
13957,0.07075607
13958,0.08814086
13959,0.16346595
13960,0.11144474
13961,0.2695279
13962,0.23426342
13963,0.13532722
13964,0.016238598
13965,0.113720894
13966,0.06659785
13967,0.010363563
13968,0.04712055
13969,0.08752247
13970,0.035584904
13971,0.024903862
13972,0.05666441
13973,0.040967867
13974,0.055160612
13975,0.07857795
13976,0.03502773
13977,0.070470065
13978,0.026437657
13979,0.031907964
13980,0.016488051
13981,0.080511846
13982,0.01879755
13983,0.052873876
13984,0.09316202
13985,0.07127577
13986,0.1542253
13987,0.3370452
13988,0.118438564
13989,0.1224414
13990,0.07259296
13991,0.08566383
13992,0.09147185
13993,0.110709116
13994,0.07130437
13995,0.009832831
13996,0.024574647
13997,0.2671889
13998,0.07282415
13999,0.08147888
14000,0.064684264
14001,0.08021993
14002,0.021784358
14003,0.026884008
14004,0.055048794
14005,0.20097154
14006,0.06963599
14007,0.06430529
14008,0.12823243
14009,0.711771
14010,0.11414812
14011,0.021498872
14012,0.24297664
14013,0.075081006
14014,0.2694729
14015,0.1828214
14016,0.093174756
14017,0.05629583
14018,0.104308166
14019,0.15095808
14020,0.04549797
14021,0.17442438
14022,0.08446644
14023,0.094068006
14024,0.020791754
14025,0.027242608
14026,0.06687881
14027,0.08833041
14028,0.02099101
14029,0.13931327
14030,0.15748458
14031,0.1532927
14032,0.08857385
14033,0.036604103
14034,0.12851831
14035,0.27143332
14036,0.27002552
14037,0.073264636
14038,0.0096044075
14039,0.06734987
14040,0.025702812
14041,0.010800905
14042,0.068635195
14043,0.62038016
14044,0.045003247
14045,0.1082403
14046,0.43940505
14047,0.2729164
14048,0.014969705
14049,0.021217206
14050,0.057423674
14051,0.06379254
14052,0.25770915
14053,0.26111323
14054,0.09986255
14055,0.10329583
14056,0.15809797
14057,0.15254433
14058,0.15005858
14059,0.18159214
14060,0.37417352
14061,0.094702244
14062,0.05760684
14063,0.08881763
14064,0.061208524
14065,0.2650618
14066,0.79153997
14067,0.007540273
14068,0.054556385
14069,0.2936335
14070,0.018577516
14071,0.05453412
14072,0.26015177
14073,0.062234912
14074,0.09612924
14075,0.021413013
14076,0.05495956
14077,0.32573873
14078,0.05169409
14079,0.09384014
14080,0.26647064
14081,0.26792252
14082,0.2746761
14083,0.41442308
14084,0.35864526
14085,0.032273073
14086,0.36733505
14087,0.22951819
14088,0.23213848
14089,0.7907682
14090,0.39892408
14091,0.31731054
14092,0.026028292
14093,0.24918655
14094,0.05999861
14095,0.031635832
14096,0.015469185
14097,0.069141254
14098,0.009137926
14099,0.015640529
14100,0.030857554
14101,0.06816311
14102,0.107924365
14103,0.11003534
14104,0.13282965
14105,0.09432969
14106,0.2616033
14107,0.11498536
14108,0.032180548
14109,0.10957133
14110,0.2750947
14111,0.020317962
14112,0.065097
14113,0.9335805
14114,0.92979276
14115,0.60649836
14116,0.007965177
14117,0.031092752
14118,0.019627133
14119,0.08764178
14120,0.41399953
14121,0.08398879
14122,0.06606179
14123,0.015905183
14124,0.06680594
14125,0.08052469
14126,0.06844531
14127,0.012459929
14128,0.39791307
14129,0.020609839
14130,0.040202178
14131,0.12180938
14132,0.12535276
14133,0.073021464
14134,0.054613873
14135,0.23059857
14136,0.17906293
14137,0.02949334
14138,0.12724301
14139,0.105472706
14140,0.10604834
14141,0.92223746
14142,0.9871028
14143,0.6640624
14144,0.018204166
14145,0.067581
14146,0.029801311
14147,0.011304546
14148,0.3897433
14149,0.091016434
14150,0.25571018
14151,0.051021546
14152,0.09439555
14153,0.026094763
14154,0.09742013
14155,0.11768209
14156,0.15863921
14157,0.12985344
14158,0.51645267
14159,0.4450096
14160,0.2565267
14161,0.15677594
14162,0.09473744
14163,0.07072294
14164,0.122543894
14165,0.05618408
14166,0.043690607
14167,0.026025794
14168,0.12999167
14169,0.13974379
14170,0.067724064
14171,0.0963169
14172,0.02408581
14173,0.9356069
14174,0.9326129
14175,0.942348
14176,0.10539233
14177,0.045035474
14178,0.13400929
14179,0.2760021
14180,0.03163178
14181,0.021703523
14182,0.020245258
14183,0.050425097
14184,0.11253862
14185,0.055228505
14186,0.37690845
14187,0.80834
14188,0.08256067
14189,0.114033535
14190,0.10952794
14191,0.17075655
14192,0.079156645
14193,0.33103266
14194,0.10424774
14195,0.03498104
14196,0.09030157
14197,0.12209613
14198,0.11092262
14199,0.046067037
14200,0.027159793
14201,0.49230745
14202,0.26705062
14203,0.16584322
14204,0.07010354
14205,0.1159032
14206,0.07600135
14207,0.27777785
14208,0.035606284
14209,0.052348707
14210,0.052912716
14211,0.021346385
14212,0.025391875
14213,0.0547062
14214,0.051365156
14215,0.18221904
14216,0.7816656
14217,0.26898214
14218,0.2796213
14219,0.13113204
14220,0.16639681
14221,0.26572633
14222,0.48169225
14223,0.11079616
14224,0.03362325
14225,0.044410132
14226,0.03800566
14227,0.24361007
14228,0.25939456
14229,0.11704766
14230,0.47179353
14231,0.26051757
14232,0.25730017
14233,1.0158926
14234,0.25438628
14235,0.020219415
14236,0.23866844
14237,0.26859814
14238,0.024187082
14239,0.058375675
14240,0.2871532
14241,0.0059284605
14242,0.07270445
14243,0.04697274
14244,0.04582952
14245,0.059553593
14246,0.14951904
14247,0.36140335
14248,0.27176687
14249,0.5158325
14250,0.47416583
14251,0.15342295
14252,0.24140239
14253,0.2627556
14254,0.026725035
14255,0.16404228
14256,0.0872753
14257,0.057420257
14258,0.32889688
14259,0.26746735
14260,0.05950772
14261,0.5428095
14262,0.3740299
14263,0.007784651
14264,0.08382402
14265,0.117349975
14266,0.08152294
14267,0.050573114
14268,0.009836622
14269,0.016804064
14270,0.035328265
14271,0.07382777
14272,0.0937465
14273,0.11253806
14274,0.14331913
14275,0.33784622
14276,0.8020492
14277,0.35696304
14278,0.27298978
14279,0.563385
14280,0.11586894
14281,0.020901492
14282,0.075665265
14283,0.070301265
14284,0.15034272
14285,0.17302775
14286,0.083858974
14287,0.02987279
14288,0.06540541
14289,0.13427795
14290,0.04723561
14291,0.10459713
14292,0.02419668
14293,0.042490598
14294,0.0057198782
14295,0.01397515
14296,0.03815726
14297,0.07917454
14298,0.062446207
14299,0.102205805
14300,0.27100804
14301,0.1650228
14302,0.13056965
14303,0.7687934
14304,0.7023016
14305,0.32072568
14306,0.117065184
14307,0.023203522
14308,0.058221456
14309,0.11056392
14310,0.01897099
14311,0.03366641
14312,0.8189832
14313,0.054555744
14314,0.022744909
14315,0.06651077
14316,0.05152083
14317,0.1061754
14318,0.044871755
14319,0.05443375
14320,0.019354917
14321,0.045957673
14322,0.019535115
14323,0.019776464
14324,0.03709714
14325,0.09665972
14326,0.12496231
14327,0.46848193
14328,0.40686902
14329,0.14036323
14330,0.9051537
14331,0.43775833
14332,0.48875603
14333,0.2543498
14334,0.04516657
14335,0.035423774
14336,0.037127454
14337,0.054124128
14338,0.052867547
14339,0.06358937
14340,0.4096868
14341,0.09345332
14342,0.4043968
14343,0.031905994
14344,0.1040642
14345,0.12389437
14346,0.13265267
14347,0.2634327
14348,0.049873114
14349,0.031475153
14350,0.011127647
14351,0.05344026
14352,0.15179859
14353,0.7161123
14354,0.41504082
14355,0.5856929
14356,0.38717175
14357,0.27492136
14358,0.1644559
14359,0.113275416
14360,0.036934018
14361,0.02484076
14362,0.0447044
14363,0.032508258
14364,0.12733513
14365,0.13495506
14366,0.06777127
14367,0.27568188
14368,0.03024233
14369,0.08419465
14370,0.011860528
14371,0.27243894
14372,0.04548593
14373,0.012967078
14374,0.007686605
14375,0.1258401
14376,0.24546054
14377,0.035669737
14378,0.2625137
14379,0.27687347
14380,0.09190484
14381,0.115716524
14382,0.03452592
14383,0.09424631
14384,0.08163268
14385,0.043835144
14386,0.13442507
14387,0.1219696
14388,0.04343825
14389,0.010272735
14390,0.21825485
14391,0.012681538
14392,0.096990824
14393,0.04228972
14394,0.15428528
14395,0.04824946
14396,0.055714097
14397,0.0098199
14398,0.058033474
14399,0.1918186
14400,0.4423205
14401,0.48601595
14402,0.08878845
14403,0.02024359
14404,0.029880663
14405,0.05746726
14406,0.07211146
14407,0.14982775
14408,0.017110573
14409,0.029499847
14410,0.019870073
14411,0.034127124
14412,0.014013582
14413,0.030555924
14414,0.09465722
14415,0.103489585
14416,0.33065516
14417,0.016858416
14418,0.020809034
14419,0.03794951
14420,0.09371081
14421,0.118316114
14422,0.45389387
14423,0.10221684
14424,0.016428715
14425,0.23533902
14426,0.041248787
14427,0.08314543
14428,0.14096993
14429,0.05847833
14430,0.019877464
14431,0.25876096
14432,0.019057697
14433,0.0373385
14434,0.15639837
14435,0.0785369
14436,0.05063705
14437,0.026329927
14438,0.03610185
14439,0.08164031
14440,0.41586646
14441,0.041721974
14442,0.020964604
14443,0.0481415
14444,0.06733859
14445,0.27083442
14446,0.07345062
14447,0.16873033
14448,0.101603165
14449,0.03169568
14450,0.017676437
14451,0.054561418
14452,0.054466262
14453,0.033839755
14454,0.263705
14455,0.01910309
14456,0.13966279
14457,0.12025038
14458,0.059275147
14459,0.010702012
14460,0.0134473005
14461,0.3393261
14462,0.85131305
14463,0.2349611
14464,0.11160676
14465,0.01922125
14466,0.09597594
14467,0.054192238
14468,0.042442854
14469,0.10990345
14470,0.096549034
14471,0.11011605
14472,0.92791504
14473,0.08036584
14474,0.088917464
14475,0.079993896
14476,0.04254992
14477,0.13646773
14478,0.31395343
14479,0.07422418
14480,0.13690175
14481,0.02620603
14482,0.021071358
14483,0.050718445
14484,0.028075067
14485,0.10821875
14486,0.042060968
14487,0.03068761
14488,0.0054152785
14489,0.06955874
14490,0.061979912
14491,0.03231045
14492,0.06213869
14493,0.01941157
14494,0.15102611
14495,0.046482407
14496,0.018893447
14497,0.037935037
14498,0.08532249
14499,0.10867905
14500,0.023532845
14501,0.027322074
14502,0.058161203
14503,0.8327919
14504,0.06390162
14505,0.12375875
14506,0.051147584
14507,0.043081764
14508,0.054638878
14509,0.05461564
14510,0.018703355
14511,0.023017172
14512,0.2894054
14513,0.03574633
14514,0.017553996
14515,0.055613913
14516,0.22612874
14517,0.022162326
14518,0.010577446
14519,0.120140396
14520,0.045477908
14521,0.027268805
14522,0.05437328
14523,0.22432423
14524,0.03047876
14525,0.023640893
14526,0.008717303
14527,0.0544923
14528,0.03819292
14529,0.16346343
14530,0.080007955
14531,0.017418519
14532,0.018596524
14533,0.06591455
14534,0.14751938
14535,0.096801415
14536,0.07797303
14537,0.07266016
14538,0.032091003
14539,0.056876235
14540,0.06294834
14541,0.26455143
14542,0.124242805
14543,0.03628732
14544,0.019178474
14545,0.017613173
14546,0.019603958
14547,0.017299714
14548,0.017219996
14549,0.013252346
14550,0.0037065519
14551,0.01975177
14552,0.025857378
14553,0.056740046
14554,0.056082964
14555,0.116964795
14556,0.014580399
14557,0.12631683
14558,0.010153142
14559,0.16959146
14560,0.010956605
14561,0.022339776
14562,0.030353397
14563,0.018078344
14564,0.013331413
14565,0.025393719
14566,0.026090696
14567,0.007080284
14568,0.021600585
14569,0.014994652
14570,0.014723265
14571,0.017411115
14572,0.06995284
14573,0.005314167
14574,0.030680725
14575,0.043765124
14576,0.053476483
14577,0.018679515
14578,0.012005763
14579,0.10430321
14580,0.03304945
14581,0.057940498
14582,0.012099317
14583,0.032678455
14584,0.014015072
14585,0.01815544
14586,0.105366684
14587,0.011391605
14588,0.1610259
14589,0.06777034
14590,0.066233665
14591,0.06208434
14592,0.09295886
14593,0.029094886
14594,0.015557334
14595,0.09056565
14596,0.018925125
14597,0.09089052
14598,0.0077901334
14599,0.13757604
14600,0.028785152
14601,0.03253702
14602,0.041069355
14603,0.025771217
14604,0.028221315
14605,0.014655768
14606,0.017661894
14607,0.014887844
14608,0.040741295
14609,0.015422707
14610,0.013650782
14611,0.06811613
14612,0.07133806
14613,0.030412054
14614,0.16174391
14615,0.013719825
14616,0.013850407
14617,0.024768295
14618,0.029950192
14619,0.005531802
14620,0.020283759
14621,0.06126514
14622,0.024014698
14623,0.019108048
14624,0.032448262
14625,0.017611561
14626,0.036524836
14627,0.010369482
14628,0.03138869
14629,0.099948406
14630,0.14762029
14631,0.09388246
14632,0.018196786
14633,0.020377165
14634,0.048764672
14635,0.028103648
14636,0.03793301
14637,0.05302792
14638,0.032108728
14639,0.041199304
14640,0.039661534
14641,0.22815964
14642,0.043253504
14643,0.035829555
14644,0.03119839
14645,0.09739877
14646,0.039382573
14647,0.06503608
14648,0.038182635
14649,0.26540673
14650,0.11456137
14651,0.019454742
14652,0.042794853
14653,0.26967967
14654,0.0570669
14655,0.17445306
14656,0.2015874
14657,0.122439176
14658,0.05680792
14659,0.01797351
14660,0.007224215
14661,0.041502006
14662,0.10801429
14663,0.56908995
14664,0.2590496
14665,0.04156282
14666,0.12410965
14667,0.053025737
14668,0.015761254
14669,0.031631198
14670,0.024206916
14671,0.052284278
14672,0.03478829
14673,0.01726976
14674,0.03562837
14675,0.10010643
14676,0.1332258
14677,0.35464364
14678,0.46356225
14679,0.06050973
14680,0.2360569
14681,0.1348247
14682,0.021874243
14683,0.053997576
14684,0.041509323
14685,0.06640672
14686,0.072554715
14687,0.3818356
14688,0.12352434
14689,0.13794822
14690,0.34317607
14691,0.10505824
14692,0.021436403
14693,0.37718633
14694,0.065312386
14695,0.31332034
14696,0.051122013
14697,0.04441052
14698,0.057460982
14699,0.028156064
14700,0.09076863
14701,0.09195031
14702,0.079469405
14703,0.059244912
14704,0.27384806
14705,0.047682084
14706,0.006975238
14707,0.033093303
14708,0.06357027
14709,0.06265746
14710,0.07912119
14711,0.034421038
14712,0.04585445
14713,0.039418507
14714,0.098009706
14715,0.030313525
14716,0.14747617
14717,0.25755197
14718,0.022026364
14719,0.045849696
14720,0.024090108
14721,0.01172499
14722,0.29876134
14723,0.105946586
14724,0.06447583
14725,0.3594075
14726,0.2956709
14727,0.09024098
14728,0.057502236
14729,0.023400225
14730,0.0075574564
14731,0.045613978
14732,0.012669451
14733,0.079429425
14734,0.057095237
14735,0.06907824
14736,0.09087203
14737,0.15415956
14738,0.33184937
14739,0.053500857
14740,0.047816355
14741,0.009803069
14742,0.030427488
14743,0.031723887
14744,0.039661907
14745,0.18285239
14746,0.023855237
14747,0.054630604
14748,0.047115926
14749,0.040872045
14750,0.12773728
14751,0.3833588
14752,0.05543919
14753,0.07590048
14754,0.021782478
14755,0.024897672
14756,0.051416233
14757,0.06995748
14758,0.013297522
14759,0.020074038
14760,0.031977613
14761,0.12376395
14762,0.16727689
14763,0.10267067
14764,0.11589583
14765,0.06989853
14766,0.011265681
14767,0.036924373
14768,0.03997543
14769,0.04182643
14770,0.04752838
14771,0.100215994
14772,0.061846152
14773,0.2373394
14774,0.021130918
14775,0.049088437
14776,0.039388284
14777,0.025300682
14778,0.022621412
14779,0.03115025
14780,0.05604051
14781,0.019960884
14782,0.02806742
14783,0.0793194
14784,0.26447034
14785,0.2615566
14786,0.04698472
14787,0.04740332
14788,0.042209424
14789,0.102327146
14790,0.0632853
14791,0.020197144
14792,0.07245399
14793,0.018987752
14794,0.033192992
14795,0.15623316
14796,0.039695185
14797,0.03352464
14798,0.03967607
14799,0.006687786
14800,0.072520934
14801,0.08688426
14802,0.26751184
14803,0.13457438
14804,0.23503973
14805,0.08095425
14806,0.05568141
14807,0.023912605
14808,0.06329976
14809,0.06026454
14810,0.009568007
14811,0.013505328
14812,0.12858887
14813,0.055141233
14814,0.58748114
14815,0.11796341
14816,0.026393518
14817,0.118958995
14818,0.05750785
14819,0.04978037
14820,0.021358157
14821,0.06826454
14822,0.009001781
14823,0.025152473
14824,0.02632141
14825,0.100932226
14826,0.052257083
14827,0.09791544
14828,0.08421689
14829,0.12799598
14830,0.24970362
14831,0.41220754
14832,0.07833208
14833,0.030036094
14834,0.093349844
14835,0.022620715
14836,0.054810103
14837,0.008516212
14838,0.02859734
14839,0.08268214
14840,0.06261845
14841,0.12414478
14842,0.047257338
14843,0.10945602
14844,0.046470355
14845,0.0651138
14846,0.034450725
14847,0.13296977
14848,0.036518052
14849,0.07500299
14850,0.036071237
14851,0.014961531
14852,0.012948436
14853,0.028963115
14854,0.046139132
14855,0.07125573
14856,0.08970338
14857,0.23328875
14858,0.11269738
14859,0.2685444
14860,0.13941294
14861,0.14290299
14862,0.01676778
14863,0.113110915
14864,0.016146157
14865,0.061078176
14866,0.049361967
14867,0.092852846
14868,0.038653705
14869,0.0245126
14870,0.057890598
14871,0.041326057
14872,0.056437463
14873,0.087190606
14874,0.03575415
14875,0.067528106
14876,0.025112962
14877,0.019111471
14878,0.08624994
14879,0.021893995
14880,0.05095434
14881,0.095927306
14882,0.072528765
14883,0.24976549
14884,0.32114157
14885,0.12030326
14886,0.12547584
14887,0.07275566
14888,0.0833305
14889,0.09673486
14890,0.11313792
14891,0.06807467
14892,0.01856465
14893,0.20396298
14894,0.07414798
14895,0.08247878
14896,0.07599574
14897,0.029329576
14898,0.020586088
14899,0.027759584
14900,0.053070467
14901,0.19035658
14902,0.068516046
14903,0.06523516
14904,0.12530996
14905,0.67133975
14906,0.1144834
14907,0.02130906
14908,0.24945216
14909,0.06817
14910,0.26808876
14911,0.21161382
14912,0.09614529
14913,0.057072725
14914,0.10494559
14915,0.26500788
14916,0.048623573
14917,0.15161479
14918,0.08473227
14919,0.094944306
14920,0.01590765
14921,0.020784909
14922,0.066189356
14923,0.08703401
14924,0.020350158
14925,0.13131475
14926,0.15173762
14927,0.14755252
14928,0.09250867
14929,0.039926812
14930,0.12839037
14931,0.18664896
14932,0.26350698
14933,0.07852209
14934,0.06352501
14935,0.024379348
14936,0.010555095
14937,0.06595755
14938,0.60637504
14939,0.04296328
14940,0.11043709
14941,0.43375325
14942,0.27143455
14943,0.015415452
14944,0.021061808
14945,0.014124795
14946,0.060576964
14947,0.06286261
14948,0.2562466
14949,0.26348594
14950,0.101332605
14951,0.10375155
14952,0.26108322
14953,0.15288123
14954,0.16789785
14955,0.21043186
14956,0.233894
14957,0.10313487
14958,0.056564994
14959,0.089905575
14960,0.066401936
14961,0.27269804
14962,0.86866957
14963,0.008152629
14964,0.054302506
14965,0.38067466
14966,0.01972694
14967,0.05479822
14968,0.26763743
14969,0.020345012
14970,0.021750666
14971,0.062301606
14972,0.09363184
14973,0.02142188
14974,0.057928726
14975,0.43409744
14976,0.051088892
14977,0.09377736
14978,0.2675097
14979,0.14363854
14980,0.2652499
14981,0.38493857
14982,0.37672335
14983,0.03369482
14984,0.26382384
14985,0.11800649
14986,0.1253793
14987,0.93997383
14988,0.28410622
14989,0.2856013
14990,0.025550991
14991,0.25124228
14992,0.058496643
14993,0.022478744
14994,0.013381115
14995,0.07135363
14996,0.009137848
14997,0.013050042
14998,0.03319222
14999,0.07043736
15000,0.104617275
15001,0.11379698
15002,0.12770543
15003,0.09426484
15004,0.25528786
15005,0.11451087
15006,0.033798926
15007,0.110114865
15008,0.27480465
15009,0.021185251
15010,0.069498494
15011,1.0041894
15012,0.9637573
15013,0.67897886
15014,0.031099092
15015,0.020094676
15016,0.08901292
15017,0.46172586
15018,0.086703934
15019,0.066992074
15020,0.008241265
15021,0.016052628
15022,0.06637562
15023,0.0841619
15024,0.076038845
15025,0.014769999
15026,0.3985354
15027,0.02010662
15028,0.037797414
15029,0.12932946
15030,0.11935554
15031,0.0690518
15032,0.054841343
15033,0.23677577
15034,0.18272373
15035,0.025403978
15036,0.25126636
15037,0.11083722
15038,0.10590146
15039,0.9371811
15040,0.84861475
15041,0.66514766
15042,0.018522086
15043,0.16274683
15044,0.03021538
15045,0.011193511
15046,0.28811654
15047,0.09141108
15048,0.19438486
15049,0.051835164
15050,0.09648638
15051,0.026759611
15052,0.09791138
15053,0.12132138
15054,0.14923161
15055,0.13973999
15056,0.52625406
15057,0.33948562
15058,0.25056943
15059,0.14960873
15060,0.09623952
15061,0.07097084
15062,0.12525426
15063,0.052331556
15064,0.04329511
15065,0.02693674
15066,0.13372731
15067,0.13743392
15068,0.068056464
15069,0.097542964
15070,0.026325269
15071,0.9555189
15072,0.9752181
15073,0.99819416
15074,0.10263558
15075,0.044755757
15076,0.2431109
15077,0.41604242
15078,0.030853108
15079,0.024234908
15080,0.025512785
15081,0.052802157
15082,0.11514014
15083,0.058923203
15084,0.2646798
15085,0.7822823
15086,0.0801663
15087,0.119204655
15088,0.110509336
15089,0.26293474
15090,0.08127064
15091,0.1524181
15092,0.22812961
15093,0.037042037
15094,0.09569925
15095,0.1193924
15096,0.113947384
15097,0.04439587
15098,0.028255062
15099,0.2879978
15100,0.26539686
15101,0.1605964
15102,0.0719446
15103,0.029487967
15104,0.12026768
15105,0.077192485
15106,0.27827504
15107,0.03761083
15108,0.054369323
15109,0.05182071
15110,0.02286388
15111,0.027883472
15112,0.056275785
15113,0.05248794
15114,0.40777394
15115,0.72021705
15116,0.36600527
15117,0.17420098
15118,0.13244773
15119,0.174521
15120,0.26322913
15121,0.5063367
15122,0.08775604
15123,0.04602151
15124,0.038203266
15125,0.14907333
15126,0.26456934
15127,0.1201507
15128,0.29753545
15129,0.27312928
15130,0.26248184
15131,0.94226736
15132,0.16931608
15133,0.021111313
15134,0.23952506
15135,0.27548063
15136,0.058324866
15137,0.36256042
15138,0.07481299
15139,0.04521531
15140,0.04420131
15141,0.057886302
15142,0.15378377
15143,0.46461454
15144,0.26567337
15145,0.51788354
15146,0.27289706
15147,0.15754202
15148,0.24515295
15149,0.26309803
15150,0.01783485
15151,0.15851921
15152,0.09262088
15153,0.056446724
15154,0.42769393
15155,0.2629488
15156,0.06187284
15157,0.53182197
15158,0.20697084
15159,0.004250444
15160,0.08536069
15161,0.11878145
15162,0.081109084
15163,0.049556922
15164,0.016023468
15165,0.01202163
15166,0.03562107
15167,0.07240561
15168,0.096923195
15169,0.11313637
15170,0.14645612
15171,0.32806158
15172,0.82011473
15173,0.34913778
15174,0.3682006
15175,0.541878
15176,0.13103937
15177,0.019497888
15178,0.07632502
15179,0.07034127
15180,0.14737332
15181,0.17936656
15182,0.086916775
15183,0.029656243
15184,0.06600662
15185,0.2494359
15186,0.052840933
15187,0.11109109
15188,0.025396794
15189,0.021779468
15190,0.041785516
15191,0.02116809
15192,0.023167683
15193,0.015183549
15194,0.03806645
15195,0.07899316
15196,0.06374951
15197,0.09748804
15198,0.26326916
15199,0.17487179
15200,0.13032226
15201,0.86206514
15202,0.6230229
15203,0.2864539
15204,0.1308347
15205,0.047439072
15206,0.018603861
15207,0.06052026
15208,0.11297621
15209,0.019148676
15210,0.035053357
15211,0.87342465
15212,0.056264255
15213,0.020272968
15214,0.14957142
15215,0.05482989
15216,0.11090136
15217,0.045123402
15218,0.05394938
15219,0.020533483
15220,0.050543584
15221,0.017917966
15222,0.019680617
15223,0.03784463
15224,0.09634491
15225,0.12634891
15226,0.5057004
15227,0.41417366
15228,0.2415975
15229,0.95469034
15230,0.436449
15231,0.49736091
15232,0.26117337
15233,0.046718087
15234,0.0326274
15235,0.037903767
15236,0.053863555
15237,0.05717754
15238,0.041878607
15239,0.06366314
15240,0.4533116
15241,0.09557373
15242,0.38436383
15243,0.03255724
15244,0.10834505
15245,0.12529767
15246,0.13225573
15247,0.16783135
15248,0.049084708
15249,0.031792417
15250,0.05389629
15251,0.15661472
15252,0.72378725
15253,0.44954038
15254,0.54401803
15255,0.4410005
15256,0.27217418
15257,0.26344493
15258,0.11348797
15259,0.037719484
15260,0.025293864
15261,0.040029675
15262,0.11986442
15263,0.14002137
15264,0.06894977
15265,0.19664982
15266,0.0821678
15267,0.0118308235
15268,0.27945623
15269,0.046788767
15270,0.01303911
15271,0.015610722
15272,0.13099074
15273,0.24331804
15274,0.03688921
15275,0.0057501066
15276,0.25277874
15277,0.27719423
15278,0.087637156
15279,0.14856024
15280,0.03525413
15281,0.09133253
15282,0.082388125
15283,0.041014083
15284,0.12716308
15285,0.12515976
15286,0.044116404
15287,0.010642089
15288,0.23261471
15289,0.012791083
15290,0.09701825
15291,0.041368224
15292,0.1511507
15293,0.046571232
15294,0.05573125
15295,0.054816514
15296,0.18887062
15297,0.42147523
15298,0.56755114
15299,0.092079476
15300,0.020625303
15301,0.020350957
15302,0.030427326
15303,0.05941591
15304,0.018568711
15305,0.07272737
15306,0.164512
15307,0.016738772
15308,0.029166786
15309,0.018732892
15310,0.03434321
15311,0.020570321
15312,0.015335444
15313,0.09570825
15314,0.10539191
15315,0.33246854
15316,0.0174484
15317,0.021827282
15318,0.040465288
15319,0.09198788
15320,0.119393796
15321,0.40828198
15322,0.10203131
15323,0.015583999
15324,0.011012914
15325,0.13569908
15326,0.041754518
15327,0.08763906
15328,0.13845634
15329,0.060277
15330,0.014121335
15331,0.01226401
15332,0.020806018
15333,0.010892623
15334,0.26393193
15335,0.01871324
15336,0.030651584
15337,0.1507617
15338,0.07559294
15339,0.051337756
15340,0.025842672
15341,0.036435742
15342,0.07875192
15343,0.3223633
15344,0.040407453
15345,0.022316204
15346,0.037336446
15347,0.04887352
15348,0.06614466
15349,0.27025843
15350,0.07457845
15351,0.18448979
15352,0.10160772
15353,0.033122297
15354,0.051825464
15355,0.054751545
15356,0.033830132
15357,0.17579007
15358,0.0185885
15359,0.018070713
15360,0.14461966
15361,0.023439713
15362,0.11831165
15363,0.061410867
15364,0.015289083
15365,0.3305964
15366,0.80643064
15367,0.23653929
15368,0.11721655
15369,0.017424352
15370,0.09243982
15371,0.053878587
15372,0.04769211
15373,0.22336985
15374,0.09587271
15375,0.10126232
15376,0.90070236
15377,0.02136264
15378,0.08224392
15379,0.021140872
15380,0.08842747
15381,0.082099244
15382,0.021427223
15383,0.044873938
15384,0.14073315
15385,0.31832832
15386,0.07900107
15387,0.1418872
15388,0.025958458
15389,0.028634492
15390,0.09953882
15391,0.039208114
15392,0.030180108
15393,0.005132583
15394,0.07019472
15395,0.06783116
15396,0.031013306
15397,0.06465861
15398,0.017272757
15399,0.1904215
15400,0.04618397
15401,0.017509624
15402,0.03640663
15403,0.08601699
15404,0.1132475
15405,0.022389684
15406,0.026287612
15407,0.057547078
15408,0.84303194
15409,0.06606778
15410,0.12323184
15411,0.048699558
15412,0.044567835
15413,0.058293495
15414,0.054592814
15415,0.015404135
15416,0.023060858
15417,0.40039027
15418,0.03451064
15419,0.0066946396
15420,0.011312564
15421,0.055967797
15422,0.1224197
15423,0.024491204
15424,0.11958963
15425,0.04645075
15426,0.02791464
15427,0.056650583
15428,0.39556882
15429,0.029048664
15430,0.024815708
15431,0.0065242397
15432,0.021308104
15433,0.05540992
15434,0.04014179
15435,0.15477005
15436,0.078689754
15437,0.018124918
15438,0.019316778
15439,0.066646054
15440,0.14975342
15441,0.10232672
15442,0.08042265
15443,0.07395671
15444,0.032692432
15445,0.05862277
15446,0.15334691
15447,0.26443392
15448,0.13392068
15449,0.0077113966
15450,0.017587649
15451,0.039132655
15452,0.018799243
15453,0.017472291
15454,0.02130228
15455,0.016240979
15456,0.023148034
15457,0.011637853
15458,0.018720876
15459,0.0207405
15460,0.010600997
15461,0.02578529
15462,0.055391505
15463,0.05930201
15464,0.114227474
15465,0.009030455
15466,0.12840597
15467,0.011076629
15468,0.3870003
15469,0.019063601
15470,0.02844288
15471,0.013842907
15472,0.025726713
15473,0.028282745
15474,0.021330105
15475,0.032414556
15476,0.014991574
15477,0.01647681
15478,0.06570063
15479,0.030180048
15480,0.04230522
15481,0.052279565
15482,0.016211165
15483,0.011027744
15484,0.011746911
15485,0.10298533
15486,0.03249127
15487,0.05814985
15488,0.00567098
15489,0.012446566
15490,0.033340912
15491,0.012263903
15492,0.10591711
15493,0.01642078
15494,0.013924769
15495,0.27439103
15496,0.06464338
15497,0.06678818
15498,0.06501964
15499,0.09437559
15500,0.027199304
15501,0.01544368
15502,0.088032536
15503,0.022081595
15504,0.0929007
15505,0.007596468
15506,0.14865023
15507,0.020283224
15508,0.033462614
15509,0.035197694
15510,0.033063963
15511,0.007808284
15512,0.018793112
15513,0.017791124
15514,0.015298836
15515,0.041521113
15516,0.01514687
15517,0.013730867
15518,0.07269849
15519,0.063527405
15520,0.031201012
15521,0.15134214
15522,0.022023713
15523,0.0255411
15524,0.021478217
15525,0.0628695
15526,0.024230415
15527,0.019454157
15528,0.029291747
15529,0.017971948
15530,0.038281616
15531,0.011397791
15532,0.033526525
15533,0.10469384
15534,0.24033417
15535,0.09578894
15536,0.02090569
15537,0.032769784
15538,0.049638744
15539,0.056505546
15540,0.033337988
15541,0.040126782
15542,0.04317506
15543,0.09428511
15544,0.044455707
15545,0.029335327
15546,0.10787836
15547,0.036806885
15548,0.18021046
15549,0.038050957
15550,0.41718087
15551,0.29064107
15552,0.047458224
15553,0.2690525
15554,0.057445336
15555,0.26823273
15556,0.0842612
15557,0.1197913
15558,0.051515836
15559,0.017820284
15560,0.086576976
15561,0.01530899
15562,0.040120073
15563,0.25724795
15564,0.03081462
15565,0.62637365
15566,0.13115057
15567,0.039798208
15568,0.2593651
15569,0.049112532
15570,0.03082817
15571,0.021658828
15572,0.052171778
15573,0.03511773
15574,0.019986609
15575,0.016593
15576,0.12599266
15577,0.40292734
15578,0.4236817
15579,0.03788869
15580,0.11323438
15581,0.13946056
15582,0.023253584
15583,0.057620715
15584,0.04329756
15585,0.06613206
15586,0.078913845
15587,0.41911465
15588,0.113150455
15589,0.13024728
15590,0.3802073
15591,0.11171925
15592,0.022148822
15593,0.39375144
15594,0.019430244
15595,0.062403455
15596,0.30579764
15597,0.049681265
15598,0.058149893
15599,0.040966388
15600,0.05446641
15601,0.09015142
15602,0.08736306
15603,0.08117519
15604,0.03576359
15605,0.056301117
15606,0.42122856
15607,0.047180466
15608,0.033150896
15609,0.060410798
15610,0.058778506
15611,0.07951992
15612,0.033444997
15613,0.043780252
15614,0.0072683734
15615,0.03750197
15616,0.09411559
15617,0.029162075
15618,0.055056594
15619,0.1484214
15620,0.047948603
15621,0.25923315
15622,0.021847647
15623,0.046600565
15624,0.04558414
15625,0.023218371
15626,0.016847357
15627,0.38500354
15628,0.105204895
15629,0.06329924
15630,0.29954922
15631,0.3628507
15632,0.09375513
15633,0.057344828
15634,0.019604871
15635,0.023170505
15636,0.01934709
15637,0.007864754
15638,0.04600166
15639,0.01045396
15640,0.05950608
15641,0.06479835
15642,0.093634486
15643,0.25582236
15644,0.30191714
15645,0.008010761
15646,0.018691372
15647,0.11850826
15648,0.046952546
15649,0.008991155
15650,0.02758087
15651,0.037094887
15652,0.2769075
15653,0.022572327
15654,0.054414522
15655,0.011166736
15656,0.048691005
15657,0.26044625
15658,0.4689433
15659,0.051524293
15660,0.07610915
15661,0.021192228
15662,0.021917386
15663,0.052885752
15664,0.066670604
15665,0.012705116
15666,0.03206751
15667,0.017094063
15668,0.11762458
15669,0.15619972
15670,0.10090938
15671,0.11884107
15672,0.07821739
15673,0.03794368
15674,0.03833697
15675,0.03938317
15676,0.049598567
15677,0.09813457
15678,0.0614455
15679,0.11167349
15680,0.020481564
15681,0.049603246
15682,0.03943085
15683,0.024643127
15684,0.023261031
15685,0.02930105
15686,0.052645687
15687,0.027518362
15688,0.08082427
15689,0.27390924
15690,0.26084757
15691,0.04904677
15692,0.052937947
15693,0.042609956
15694,0.10408336
15695,0.05983537
15696,0.020603849
15697,0.067707434
15698,0.014659825
15699,0.03312762
15700,0.15178354
15701,0.036920514
15702,0.031243015
15703,0.039901245
15704,0.15215687
15705,0.07903382
15706,0.26355383
15707,0.24173443
15708,0.13635238
15709,0.08015964
15710,0.055394933
15711,0.024850475
15712,0.06605933
15713,0.05909792
15714,0.011103128
15715,0.24111293
15716,0.05492328
15717,0.54954606
15718,0.122989655
15719,0.119737625
15720,0.058973037
15721,0.048888285
15722,0.021326106
15723,0.06418166
15724,0.021798318
15725,0.02569774
15726,0.024824612
15727,0.10221474
15728,0.055114005
15729,0.09515178
15730,0.083512455
15731,0.12773947
15732,0.2518763
15733,0.3135532
15734,0.07744742
15735,0.030277157
15736,0.08484462
15737,0.021284766
15738,0.05138697
15739,0.027975826
15740,0.08427672
15741,0.06091856
15742,0.12715814
15743,0.046799075
15744,0.10752083
15745,0.04732075
15746,0.06415658
15747,0.036315117
15748,0.020256052
15749,0.13383329
15750,0.013466469
15751,0.03297041
15752,0.068952
15753,0.036294863
15754,0.013277263
15755,0.029688463
15756,0.045542516
15757,0.07003592
15758,0.093113914
15759,0.14212511
15760,0.116112255
15761,0.43481842
15762,0.14201432
15763,0.14312893
15764,0.017327499
15765,0.11015953
15766,0.016668353
15767,0.06457669
15768,0.047522634
15769,0.09240215
15770,0.03572645
15771,0.025200121
15772,0.057732057
15773,0.041360863
15774,0.05706003
15775,0.08695278
15776,0.035826992
15777,0.066500336
15778,0.033247374
15779,0.084505506
15780,0.02138322
15781,0.05083825
15782,0.09940524
15783,0.07297202
15784,0.15736383
15785,0.5759372
15786,0.119281426
15787,0.11780585
15788,0.07292034
15789,0.08147157
15790,0.09049268
15791,0.11477646
15792,0.06842484
15793,0.0114324335
15794,0.023038056
15795,0.37325305
15796,0.075771585
15797,0.08302578
15798,0.06459954
15799,0.08287998
15800,0.028706579
15801,0.022162836
15802,0.026614588
15803,0.050562587
15804,0.2567271
15805,0.07240928
15806,0.06513592
15807,0.12073663
15808,0.716559
15809,0.13828921
15810,0.020152062
15811,0.23289447
15812,0.06909753
15813,0.2701487
15814,0.21744025
15815,0.093264006
15816,0.05458115
15817,0.044130318
15818,0.10559245
15819,0.16449422
15820,0.046627913
15821,0.16607973
15822,0.08647847
15823,0.09250679
15824,0.016950436
15825,0.010605793
15826,0.023965618
15827,0.02771973
15828,0.06844209
15829,0.09095063
15830,0.020517204
15831,0.13644567
15832,0.15558493
15833,0.15048829
15834,0.08981571
15835,0.0379594
15836,0.12521946
15837,0.17624475
15838,0.2655789
15839,0.07318531
15840,0.06410107
15841,0.02205332
15842,0.15819861
15843,0.53726196
15844,0.04345263
15845,0.09759875
15846,0.33436766
15847,0.15143535
15848,0.015144353
15849,0.06306307
15850,0.25683644
15851,0.26058486
15852,0.009472517
15853,0.10461304
15854,0.10184484
15855,0.26141858
15856,0.14665522
15857,0.1498732
15858,0.18244942
15859,0.38782945
15860,0.10503816
15861,0.058807906
15862,0.09114775
15863,0.066898525
15864,0.2655997
15865,0.9020442
15866,0.008960149
15867,0.05346579
15868,0.29854256
15869,0.056017015
15870,0.26596233
15871,0.01911245
15872,0.01952325
15873,0.061426006
15874,0.09591123
15875,0.021017758
15876,0.056903463
15877,0.006945961
15878,0.3992606
15879,0.05282835
15880,0.09578825
15881,0.16774592
15882,0.15323134
15883,0.18844663
15884,0.29060054
15885,0.34697777
15886,0.03447815
15887,0.26242757
15888,0.22934385
15889,0.12616964
15890,0.8934693
15891,0.4382616
15892,0.27752748
15893,0.025433633
15894,0.24800007
15895,0.060057063
15896,0.019387526
15897,0.014136047
15898,0.072206266
15899,0.0130723
15900,0.032085303
15901,0.06923376
15902,0.10966054
15903,0.1056275
15904,0.12823519
15905,0.096297204
15906,0.25541165
15907,0.11836505
15908,0.033644967
15909,0.109441355
15910,0.43463677
15911,0.018913938
15912,0.06881564
15913,0.88320625
15914,0.93172914
15915,0.67851126
15916,0.033293255
15917,0.020683374
15918,0.089179516
15919,0.40903705
15920,0.08486874
15921,0.06642495
15922,0.0640227
15923,0.10085482
15924,0.06758203
15925,0.015234867
15926,0.39616624
15927,0.02054699
15928,0.03736612
15929,0.135503
15930,0.12264751
15931,0.07072379
15932,0.054264907
15933,0.29619476
15934,0.18652806
15935,0.024677936
15936,0.12774849
15937,0.11158595
15938,0.1076746
15939,0.96849024
15940,0.95891315
15941,0.6390688
15942,0.018192664
15943,0.06873955
15944,0.030050244
15945,0.41491494
15946,0.09177799
15947,0.42662537
15948,0.053021464
15949,0.0939871
15950,0.027758867
15951,0.096662745
15952,0.12533152
15953,0.15664342
15954,0.14580174
15955,0.4873239
15956,0.43839604
15957,0.25156406
15958,0.16601662
15959,0.093095675
15960,0.06987075
15961,0.122250326
15962,0.053293232
15963,0.042561922
15964,0.020111866
15965,0.13254145
15966,0.1388927
15967,0.06513404
15968,0.099912934
15969,0.026527679
15970,0.950742
15971,0.9796448
15972,1.0365239
15973,0.096480414
15974,0.045906052
15975,0.24783053
15976,0.27283183
15977,0.031763103
15978,0.021652149
15979,0.024054723
15980,0.049331263
15981,0.11153888
15982,0.059161697
15983,0.27010328
15984,0.84862614
15985,0.08135438
15986,0.12159706
15987,0.111170135
15988,0.16262332
15989,0.08094956
15990,0.2575569
15991,0.2336893
15992,0.036433335
15993,0.09740347
15994,0.112037875
15995,0.114006676
15996,0.04405366
15997,0.4350103
15998,0.19372472
15999,0.16802382
16000,0.06884702
16001,0.029309506
16002,0.1144642
16003,0.16203839
16004,0.28145432
16005,0.03593599
16006,0.052758984
16007,0.0485714
16008,0.023964625
16009,0.023969598
16010,0.055136736
16011,0.052717216
16012,0.27705875
16013,0.8748942
16014,0.263
16015,0.27809834
16016,0.13464338
16017,0.16946909
16018,0.26676846
16019,0.46917063
16020,0.09605282
16021,0.03389656
16022,0.044622146
16023,0.03777417
16024,0.1429512
16025,0.26328492
16026,0.121817335
16027,0.29595658
16028,0.26245788
16029,0.16051899
16030,0.97303236
16031,0.14711721
16032,0.020708589
16033,0.2379247
16034,0.270317
16035,0.060194947
16036,0.18228616
16037,0.07445007
16038,0.046695568
16039,0.04570387
16040,0.05840369
16041,0.15515025
16042,0.42738175
16043,0.2650713
16044,0.494839
16045,0.2835215
16046,0.15451726
16047,0.15918116
16048,0.26108703
16049,0.15534082
16050,0.08821096
16051,0.055885356
16052,0.41859782
16053,0.2644111
16054,0.06342157
16055,0.014929414
16056,0.5183587
16057,0.35854936
16058,0.08371874
16059,0.11328315
16060,0.08346918
16061,0.048723705
16062,0.0106357485
16063,0.010993012
16064,0.01732615
16065,0.035487156
16066,0.0735392
16067,0.096405655
16068,0.112213254
16069,0.1406716
16070,0.43186557
16071,0.8998434
16072,0.31814107
16073,0.2201043
16074,0.558974
16075,0.12145765
16076,0.019832905
16077,0.07528619
16078,0.07064818
16079,0.14853565
16080,0.26623845
16081,0.08000645
16082,0.029480118
16083,0.06443284
16084,0.13188076
16085,0.020159008
16086,0.052589133
16087,0.11046905
16088,0.020538751
16089,0.043664575
16090,0.021010796
16091,0.014552114
16092,0.039367683
16093,0.08167029
16094,0.06320646
16095,0.10205762
16096,0.2536478
16097,0.17837888
16098,0.2545734
16099,0.873082
16100,0.6069496
16101,0.42033306
16102,0.11353588
16103,0.050190125
16104,0.02382588
16105,0.05780005
16106,0.11360552
16107,0.94378495
16108,0.05785843
16109,0.016225774
16110,0.06733614
16111,0.05435827
16112,0.11290509
16113,0.04577648
16114,0.05443976
16115,0.019561298
16116,0.04816185
16117,0.020275524
16118,0.021156577
16119,0.03707829
16120,0.09578209
16121,0.12637487
16122,0.5070813
16123,0.4034269
16124,0.24010406
16125,0.95253074
16126,0.3478946
16127,0.51693934
16128,0.26046526
16129,0.04715291
16130,0.03266489
16131,0.04130029
16132,0.05445496
16133,0.053223208
16134,0.064253315
16135,0.44556984
16136,0.20329073
16137,0.38832447
16138,0.034171563
16139,0.10585706
16140,0.123822644
16141,0.13913544
16142,0.16976392
16143,0.051365294
16144,0.035017706
16145,0.052455276
16146,0.16970167
16147,0.79388463
16148,0.4299608
16149,0.5006426
16150,0.266349
16151,0.39609095
16152,0.26361895
16153,0.107509896
16154,0.039781183
16155,0.013907033
16156,0.023447499
16157,0.013294291
16158,0.04437553
16159,0.03243453
16160,0.13270636
16161,0.13743222
16162,0.06762341
16163,0.21216935
16164,0.078046106
16165,0.010830653
16166,0.38312116
16167,0.04561338
16168,0.012476513
16169,0.013969322
16170,0.12937029
16171,0.24398601
16172,0.03477934
16173,0.0063935188
16174,0.31349602
16175,0.16911986
16176,0.08902588
16177,0.116316475
16178,0.035419475
16179,0.095218495
16180,0.08174423
16181,0.043349706
16182,0.12923998
16183,0.12023026
16184,0.046371907
16185,0.027751109
16186,0.010099219
16187,0.234193
16188,0.01223057
16189,0.011921965
16190,0.096804045
16191,0.04345138
16192,0.040421262
16193,0.14199528
16194,0.04674329
16195,0.055917803
16196,0.010856021
16197,0.05372759
16198,0.18000917
16199,0.43041497
16200,0.5614766
16201,0.09319745
16202,0.030005548
16203,0.05885205
16204,0.017503388
16205,0.07188123
16206,0.14632457
16207,0.015570741
16208,0.022926316
16209,0.017980278
16210,0.035642423
16211,0.020786554
16212,0.014884287
16213,0.02804112
16214,0.096089326
16215,0.10308833
16216,0.43519816
16217,0.018150862
16218,0.022634313
16219,0.03828293
16220,0.093960986
16221,0.11052784
16222,0.40071756
16223,0.10555656
16224,0.014073632
16225,0.13590665
16226,0.04258012
16227,0.019954924
16228,0.08506377
16229,0.14377554
16230,0.060152262
16231,0.011059637
16232,0.02142949
16233,0.1795821
16234,0.019646408
16235,0.03229812
16236,0.14755215
16237,0.075975314
16238,0.052211367
16239,0.026537202
16240,0.035456996
16241,0.085297324
16242,0.42558447
16243,0.04141308
16244,0.020070463
16245,0.03750987
16246,0.05067629
16247,0.066599935
16248,0.16993797
16249,0.07545059
16250,0.27310228
16251,0.10031815
16252,0.035736326
16253,0.018117772
16254,0.055567175
16255,0.057573356
16256,0.032417182
16257,0.2696706
16258,0.13024874
16259,0.021691028
16260,0.112833135
16261,0.058726944
16262,0.013601326
16263,0.32339677
16264,0.73730487
16265,0.13415451
16266,0.11776814
16267,0.018018758
16268,0.09772001
16269,0.053688314
16270,0.11326855
16271,0.09380913
16272,0.104678914
16273,0.9609667
16274,0.020271424
16275,0.07952038
16276,0.020682083
16277,0.08853099
16278,0.08031703
16279,0.0451289
16280,0.14136538
16281,0.31724373
16282,0.076740935
16283,0.14026393
16284,0.02524441
16285,0.049313944
16286,0.09975968
16287,0.038054336
16288,0.030002372
16289,0.004514534
16290,0.07180762
16291,0.06752665
16292,0.030423727
16293,0.019478934
16294,0.057874348
16295,0.01645582
16296,0.020505238
16297,0.15942942
16298,0.04726827
16299,0.04539767
16300,0.017470421
16301,0.040599663
16302,0.085795864
16303,0.11123958
16304,0.058745045
16305,0.8416455
16306,0.065052815
16307,0.1197165
16308,0.047067646
16309,0.058461014
16310,0.056008343
16311,0.019768618
16312,0.4253187
16313,0.034387764
16314,0.018216604
16315,0.009487433
16316,0.055700757
16317,0.120561175
16318,0.022354534
16319,0.11950119
16320,0.0471284
16321,0.05569221
16322,0.22182785
16323,0.03134453
16324,0.02516251
16325,0.007928849
16326,0.022643786
16327,0.010001133
16328,0.058527786
16329,0.00953574
16330,0.04056968
16331,0.16483423
16332,0.08045932
16333,0.017900476
16334,0.01860512
16335,0.065828204
16336,0.2568365
16337,0.10152198
16338,0.08003367
16339,0.07055579
16340,0.032879446
16341,0.058512684
16342,0.15140793
16343,0.27354014
16344,0.22947139
16345,0.0078086895
16346,0.016056124
16347,0.020134812
16348,0.01764591
16349,0.019513207
16350,0.016313637
16351,0.022722607
16352,0.012268402
16353,0.019145397
16354,0.01787146
16355,0.011328005
16356,0.027694413
16357,0.054395903
16358,0.057627417
16359,0.11580297
16360,0.005797237
16361,0.12586543
16362,0.009569855
16363,0.2611713
16364,0.009924521
16365,0.010183423
16366,0.014036348
16367,0.03079015
16368,0.016203707
16369,0.013937826
16370,0.025560973
16371,0.029954696
16372,0.015425183
16373,0.009869213
16374,0.06675822
16375,0.029030042
16376,0.042030193
16377,0.054317012
16378,0.017294614
16379,0.0026674531
16380,0.019217856
16381,0.013662076
16382,0.10275579
16383,0.03627382
16384,0.05618067
16385,0.011937396
16386,0.03166101
16387,0.10241125
16388,0.011770897
16389,0.16612493
16390,0.06703264
16391,0.06578951
16392,0.06202971
16393,0.015820129
16394,0.08664521
16395,0.025629109
16396,0.010903507
16397,0.09108738
16398,0.021785332
16399,0.09148754
16400,0.006689627
16401,0.1441672
16402,0.021180356
16403,0.031560414
16404,0.038308557
16405,0.032330338
16406,0.008303712
16407,0.017114189
16408,0.01617126
16409,0.014758776
16410,0.041473705
16411,0.015236801
16412,0.06909104
16413,0.070195064
16414,0.0071517457
16415,0.15459922
16416,0.020923654
16417,0.02538184
16418,0.018812008
16419,0.023119133
16420,0.06110618
16421,0.021096636
16422,0.017829778
16423,0.033063233
16424,0.018002262
16425,0.031242836
16426,0.0116170235
16427,0.10972812
16428,0.14614907
16429,0.09587641
16430,0.020788124
16431,0.038870152
16432,0.04732847
16433,0.036361624
16434,0.05598253
16435,0.033102315
16436,0.03791847
16437,0.03533516
16438,0.09246619
16439,0.04106734
16440,0.035014946
16441,0.10881415
16442,0.046572983
16443,0.06626171
16444,0.039034665
16445,0.13671437
16446,0.2319008
16447,0.018320277
16448,0.04422651
16449,0.27456853
16450,0.057959147
16451,0.27955046
16452,0.08180661
16453,0.24613239
16454,0.05230534
16455,0.019311404
16456,0.092283644
16457,0.0076585487
16458,0.045021396
16459,0.018718159
16460,0.107655324
16461,0.030761113
16462,0.63687444
16463,0.25714296
16464,0.12974004
16465,0.05071547
16466,0.034733444
16467,0.016611407
16468,0.034187455
16469,0.10313599
16470,0.12780416
16471,0.31184512
16472,0.43485892
16473,0.027009549
16474,0.11750644
16475,0.13664407
16476,0.02345968
16477,0.055215865
16478,0.04355418
16479,0.06412067
16480,0.0144425165
16481,0.076324746
16482,0.2769301
16483,0.11471292
16484,0.13731931
16485,0.4048257
16486,0.10924155
16487,0.023237562
16488,0.44680655
16489,0.06739137
16490,0.30792883
16491,0.049308497
16492,0.05303945
16493,0.04353264
16494,0.056513652
16495,0.09095059
16496,0.092710584
16497,0.08044096
16498,0.032994516
16499,0.034769375
16500,0.062003583
16501,0.4408735
16502,0.04665284
16503,0.032338336
16504,0.06176613
16505,0.060269035
16506,0.07859337
16507,0.033161882
16508,0.08671378
16509,0.053900365
16510,0.26013008
16511,0.2576077
16512,0.04982096
16513,0.046894073
16514,0.023259904
16515,0.019009216
16516,0.3849969
16517,0.11187517
16518,0.062474135
16519,0.28763852
16520,0.336296
16521,0.09081058
16522,0.058564574
16523,0.019743335
16524,0.025047269
16525,0.020712249
16526,0.047580827
16527,0.012744061
16528,0.0058753868
16529,0.011944284
16530,0.063436955
16531,0.06831172
16532,0.24827422
16533,0.3724875
16534,0.019185498
16535,0.11809404
16536,0.04984501
16537,0.009074388
16538,0.037961032
16539,0.28333762
16540,0.021608168
16541,0.05739841
16542,0.011250849
16543,0.05121302
16544,0.029751195
16545,0.35088375
16546,0.39302695
16547,0.08366977
16548,0.025379695
16549,0.05427177
16550,0.07071502
16551,0.020997675
16552,0.027287042
16553,0.1189337
16554,0.1665173
16555,0.10525972
16556,0.119184166
16557,0.07215333
16558,0.03572339
16559,0.039241962
16560,0.03973457
16561,0.047177147
16562,0.10185651
16563,0.06044077
16564,0.23607919
16565,0.020607531
16566,0.049789943
16567,0.038181785
16568,0.025448013
16569,0.024849469
16570,0.028237727
16571,0.054169986
16572,0.022600697
16573,0.02667989
16574,0.08107432
16575,0.18157011
16576,0.27160954
16577,0.048354648
16578,0.050494228
16579,0.043377
16580,0.102189586
16581,0.06179409
16582,0.01990429
16583,0.06697226
16584,0.03116684
16585,0.1478811
16586,0.037288796
16587,0.032986984
16588,0.03946719
16589,0.15351196
16590,0.07961306
16591,0.2616838
16592,0.2414803
16593,0.23149167
16594,0.07769697
16595,0.054783728
16596,0.024454104
16597,0.062467452
16598,0.05931327
16599,0.13038443
16600,0.057188585
16601,0.48699555
16602,0.12367157
16603,0.02632868
16604,0.1234799
16605,0.059998784
16606,0.05073753
16607,0.020633213
16608,0.010994611
16609,0.013287808
16610,0.067447476
16611,0.029118417
16612,0.024946518
16613,0.025307583
16614,0.095692925
16615,0.054273117
16616,0.094042026
16617,0.08209161
16618,0.1302348
16619,0.2466245
16620,0.4247335
16621,0.074050136
16622,0.029564913
16623,0.09379342
16624,0.023118593
16625,0.052366514
16626,0.028474247
16627,0.009999598
16628,0.0845084
16629,0.06331879
16630,0.1263003
16631,0.047958337
16632,0.10950568
16633,0.045559645
16634,0.06466871
16635,0.034606908
16636,0.13749939
16637,0.01335081
16638,0.033914104
16639,0.07638451
16640,0.036385607
16641,0.014905714
16642,0.030110018
16643,0.0467527
16644,0.06406731
16645,0.093828104
16646,0.13707878
16647,0.10586005
16648,0.2658514
16649,0.1408774
16650,0.13656959
16651,0.017540883
16652,0.11940977
16653,0.064543754
16654,0.010417527
16655,0.047395803
16656,0.09320699
16657,0.037402276
16658,0.025418628
16659,0.05918667
16660,0.041786738
16661,0.057808697
16662,0.08524406
16663,0.03708882
16664,0.065604016
16665,0.02548656
16666,0.031363662
16667,0.08395643
16668,0.021446597
16669,0.04742982
16670,0.09897516
16671,0.07230822
16672,0.1525892
16673,0.52921474
16674,0.11486342
16675,0.13033721
16676,0.07141234
16677,0.084958844
16678,0.09070624
16679,0.107838914
16680,0.06668388
16681,0.024702871
16682,0.26521304
16683,0.07537854
16684,0.08346716
16685,0.06596464
16686,0.08281383
16687,0.020835886
16688,0.03106718
16689,0.021434817
16690,0.026151923
16691,0.051233724
16692,0.20442511
16693,0.07313011
16694,0.0610717
16695,0.12241814
16696,0.75703555
16697,0.11238156
16698,0.02231954
16699,0.24321419
16700,0.06829756
16701,0.2747362
16702,0.18640317
16703,0.085958965
16704,0.022183156
16705,0.05431028
16706,0.044641
16707,0.10543792
16708,0.26356375
16709,0.044326752
16710,0.2656878
16711,0.08748351
16712,0.094987676
16713,0.011304117
16714,0.022503464
16715,0.027158443
16716,0.06405469
16717,0.085014164
16718,0.021010311
16719,0.13029566
16720,0.15476233
16721,0.24738203
16722,0.08909531
16723,0.03704427
16724,0.12961543
16725,0.17207243
16726,0.44585297
16727,0.06650007
16728,0.06264763
16729,0.024720833
16730,0.06592044
16731,0.5689466
16732,0.043029558
16733,0.103976905
16734,0.40028477
16735,0.15193962
16736,0.015439189
16737,0.020228576
16738,0.013117845
16739,0.05702259
16740,0.062606
16741,0.25976712
16742,0.26104933
16743,0.009395661
16744,0.09929819
16745,0.102299616
16746,0.2715955
16747,0.14535423
16748,0.15318401
16749,0.27184513
16750,0.40963104
16751,0.09440195
16752,0.058477692
16753,0.09148603
16754,0.06277118
16755,0.18576248
16756,0.8779803
16757,0.0074079377
16758,0.055258088
16759,0.28936347
16760,0.05437243
16761,0.26804265
16762,0.061447795
16763,0.096030995
16764,0.022578703
16765,0.05563106
16766,0.00677537
16767,0.43193135
16768,0.05067262
16769,0.09574361
16770,0.16808835
16771,0.14068711
16772,0.20877314
16773,0.45293754
16774,0.19976962
16775,0.032767612
16776,0.26468602
16777,0.12140915
16778,0.23545358
16779,0.916895
16780,0.29017484
16781,0.28758436
16782,0.026333654
16783,0.24853721
16784,0.060986537
16785,0.034566697
16786,0.01689516
16787,0.07339648
16788,0.009116691
16789,0.013270793
16790,0.032411266
16791,0.06867433
16792,0.10885905
16793,0.11215004
16794,0.12664552
16795,0.098604925
16796,0.26408553
16797,0.111072876
16798,0.106521025
16799,0.27869323
16800,0.020583069
16801,0.066972345
16802,0.99793994
16803,0.95844156
16804,0.6405384
16805,0.031123115
16806,0.018596089
16807,0.0890385
16808,0.4053786
16809,0.086604685
16810,0.021093085
16811,0.065610304
16812,0.013806894
16813,0.067867525
16814,0.09332609
16815,0.077188775
16816,0.014640839
16817,0.39735678
16818,0.020615708
16819,0.040929697
16820,0.12954047
16821,0.123092294
16822,0.070234165
16823,0.054072924
16824,0.23397614
16825,0.1517017
16826,0.028668838
16827,0.12550041
16828,0.10982133
16829,0.2074742
16830,0.9721384
16831,0.9143987
16832,0.60459834
16833,0.018379176
16834,0.06981527
16835,0.032154046
16836,0.24807
16837,0.09157756
16838,0.27098644
16839,0.051069215
16840,0.10011496
16841,0.027018942
16842,0.09790234
16843,0.12066107
16844,0.15310588
16845,0.14205642
16846,0.5834141
16847,0.3460892
16848,0.25337917
16849,0.15354869
16850,0.09212517
16851,0.070961565
16852,0.25266922
16853,0.054265343
16854,0.043637834
16855,0.0261355
16856,0.13291356
16857,0.14019689
16858,0.068873584
16859,0.099500954
16860,0.027015274
16861,0.90513337
16862,0.90093386
16863,0.94342065
16864,0.09572738
16865,0.04619355
16866,0.2475169
16867,0.27595815
16868,0.031451087
16869,0.022659453
16870,0.026238546
16871,0.051792685
16872,0.111017115
16873,0.060346294
16874,0.4362813
16875,0.91859066
16876,0.08094237
16877,0.13144653
16878,0.10711716
16879,0.1568775
16880,0.07958118
16881,0.25283673
16882,0.2217853
16883,0.036731623
16884,0.099451646
16885,0.11140085
16886,0.108528554
16887,0.049152724
16888,0.026235571
16889,0.2845801
16890,0.26971388
16891,0.16544606
16892,0.07239089
16893,0.029161204
16894,0.1145061
16895,0.07795564
16896,0.2775486
16897,0.03764263
16898,0.0549816
16899,0.05185664
16900,0.023648225
16901,0.025579015
16902,0.055542827
16903,0.05240582
16904,0.4709283
16905,0.8111662
16906,0.27566487
16907,0.28024316
16908,0.12855385
16909,0.16413887
16910,0.26240805
16911,0.5359968
16912,0.099482015
16913,0.046599478
16914,0.03938205
16915,0.13441749
16916,0.2595119
16917,0.1203337
16918,0.2934915
16919,0.26267278
16920,0.2637462
16921,0.88945943
16922,0.2471583
16923,0.020384692
16924,0.13945392
16925,0.2758164
16926,0.02409213
16927,0.058104243
16928,0.39773893
16929,0.07170954
16930,0.04437773
16931,0.04570867
16932,0.054531947
16933,0.15063442
16934,0.2654234
16935,0.2688577
16936,0.4277059
16937,0.27822617
16938,0.15799253
16939,0.15052915
16940,0.40450707
16941,0.02841062
16942,0.16062996
16943,0.08517288
16944,0.058117937
16945,0.424053
16946,0.2625299
16947,0.06048021
16948,0.017144348
16949,0.5231215
16950,0.41374952
16951,0.078939356
16952,0.11611972
16953,0.08346007
16954,0.04863499
16955,0.0105193285
16956,0.037220985
16957,0.06865263
16958,0.093715586
16959,0.11166604
16960,0.14359623
16961,0.42899597
16962,0.7991684
16963,0.41712123
16964,0.42270318
16965,0.61441195
16966,0.11882311
16967,0.075870454
16968,0.071970746
16969,0.25131953
16970,0.18007503
16971,0.082544036
16972,0.0283459
16973,0.06808625
16974,0.13769867
16975,0.021474987
16976,0.051810924
16977,0.1155081
16978,0.023175377
16979,0.044771824
16980,0.021512806
16981,0.014277569
16982,0.038462687
16983,0.082067676
16984,0.061867267
16985,0.10484474
16986,0.2643882
16987,0.27981523
16988,0.25906378
16989,0.76401067
16990,0.62416476
16991,0.2780581
16992,0.1202676
16993,0.0493367
16994,0.02349279
16995,0.061074864
16996,0.11175969
16997,0.018580023
16998,0.011395395
16999,0.03553261
17000,0.9427226
17001,0.0552909
17002,0.020038048
17003,0.066922635
17004,0.053162407
17005,0.112360746
17006,0.04010536
17007,0.056529626
17008,0.020789055
17009,0.05047865
17010,0.021082273
17011,0.020607531
17012,0.038064584
17013,0.09562563
17014,0.12364461
17015,0.5001115
17016,0.42366272
17017,0.24152789
17018,0.99226755
17019,0.4179664
17020,0.49623957
17021,0.25541738
17022,0.046691924
17023,0.031574603
17024,0.037587225
17025,0.054024223
17026,0.054319073
17027,0.046157435
17028,0.06369033
17029,0.42329094
17030,0.20393988
17031,0.38554284
17032,0.03242681
17033,0.10741531
17034,0.12563284
17035,0.1298101
17036,0.16993526
17037,0.05176903
17038,0.03189954
17039,0.01219375
17040,0.050954286
17041,0.16419044
17042,0.7514772
17043,0.39718777
17044,0.5942256
17045,0.26371226
17046,0.39698148
17047,0.16287646
17048,0.10433709
17049,0.03839769
17050,0.014127488
17051,0.02354019
17052,0.03230434
17053,0.12766178
17054,0.14136712
17055,0.06795849
17056,0.28685752
17057,0.07878649
17058,0.0118063465
17059,0.39418036
17060,0.04696637
17061,0.013287323
17062,0.12263103
17063,0.24324074
17064,0.034160737
17065,0.0053699603
17066,0.1320344
17067,0.16640201
17068,0.09115229
17069,0.11612461
17070,0.03319278
17071,0.09287124
17072,0.08177656
17073,0.04545158
17074,0.12351572
17075,0.122541785
17076,0.04458788
17077,0.010381972
17078,0.23240845
17079,0.012465362
17080,0.099027
17081,0.040499356
17082,0.14324993
17083,0.048126787
17084,0.05629984
17085,0.011304809
17086,0.052972578
17087,0.19058935
17088,0.4083242
17089,0.5352379
17090,0.09295552
17091,0.0312601
17092,0.059367727
17093,0.017258547
17094,0.07349676
17095,0.15660733
17096,0.016794652
17097,0.028065568
17098,0.020245451
17099,0.037986796
17100,0.013692614
17101,0.026504096
17102,0.090612106
17103,0.111432746
17104,0.44373986
17105,0.018039923
17106,0.022600971
17107,0.03934954
17108,0.092983216
17109,0.11138652
17110,0.44342995
17111,0.104771554
17112,0.016122585
17113,0.13298607
17114,0.041707087
17115,0.0857652
17116,0.1401031
17117,0.058627754
17118,0.020481933
17119,0.17480399
17120,0.012238911
17121,0.019396357
17122,0.030989185
17123,0.14724436
17124,0.07453119
17125,0.050475948
17126,0.026998237
17127,0.035287663
17128,0.08624144
17129,0.26806584
17130,0.038441848
17131,0.024374653
17132,0.036858354
17133,0.04844427
17134,0.067826174
17135,0.16753146
17136,0.074384116
17137,0.27482122
17138,0.09724294
17139,0.035438195
17140,0.016996652
17141,0.052357566
17142,0.053930294
17143,0.034803595
17144,0.2748404
17145,0.1276257
17146,0.021946087
17147,0.11172725
17148,0.059794188
17149,0.015080746
17150,0.33135498
17151,0.7973995
17152,0.23650181
17153,0.10742629
17154,0.020369709
17155,0.093345255
17156,0.0528668
17157,0.10653812
17158,0.091852814
17159,0.10320719
17160,0.8908059
17161,0.020439304
17162,0.080562554
17163,0.08947244
17164,0.08122518
17165,0.02166809
17166,0.043221842
17167,0.14464901
17168,0.48098472
17169,0.07865814
17170,0.13174836
17171,0.02716369
17172,0.0503815
17173,0.029760502
17174,0.10491251
17175,0.037346676
17176,0.028962513
17177,0.006257097
17178,0.069533356
17179,0.05867726
17180,0.030359138
17181,0.06399833
17182,0.017441493
17183,0.019363945
17184,0.15967251
17185,0.04954999
17186,0.04545364
17187,0.019437237
17188,0.037495706
17189,0.08689183
17190,0.112339385
17191,0.021631084
17192,0.062390223
17193,0.8827956
17194,0.066342846
17195,0.11875894
17196,0.050245468
17197,0.043639112
17198,0.058160853
17199,0.05511307
17200,0.014340175
17201,0.022457285
17202,0.2933693
17203,0.03574013
17204,0.006441133
17205,0.005367834
17206,0.0075887516
17207,0.019798
17208,0.011088647
17209,0.055603184
17210,0.11772568
17211,0.019461943
17212,0.010394283
17213,0.11786506
17214,0.045371454
17215,0.0270326
17216,0.055658642
17217,0.42494643
17218,0.030746398
17219,0.008962264
17220,0.022456538
17221,0.05690107
17222,0.009995114
17223,0.039020896
17224,0.16033638
17225,0.08175781
17226,0.017526785
17227,0.019491514
17228,0.067781605
17229,0.1536901
17230,0.107867844
17231,0.079804264
17232,0.07282442
17233,0.030830184
17234,0.059302453
17235,0.020237843
17236,0.15437038
17237,0.2649478
17238,0.124478035
17239,0.0069091683
17240,0.014948182
17241,0.03739471
17242,0.018436559
17243,0.016540384
17244,0.02007386
17245,0.017590022
17246,0.02182419
17247,0.020286493
17248,0.018389836
17249,0.011278625
17250,0.027014123
17251,0.05928344
17252,0.058856674
17253,0.11761931
17254,0.0070325113
17255,0.13038717
17256,0.010902036
17257,0.17425823
17258,0.01229372
17259,0.031110328
17260,0.017262029
17261,0.014188189
17262,0.025200494
17263,0.026062883
17264,0.021632705
17265,0.031714104
17266,0.014571863
17267,0.0066837836
17268,0.06720969
17269,0.031579074
17270,0.042612903
17271,0.05550922
17272,0.018497799
17273,0.01991883
17274,0.011284911
17275,0.10270141
17276,0.034623127
17277,0.057988107
17278,0.0069237933
17279,0.01246566
17280,0.034005996
17281,0.10315497
17282,0.005039317
17283,0.01184433
17284,0.16555779
17285,0.06501893
17286,0.06620337
17287,0.064971626
17288,0.015652675
17289,0.09581912
17290,0.027603546
17291,0.015258865
17292,0.0067137703
17293,0.09051906
17294,0.09196921
17295,0.0071498216
17296,0.13760182
17297,0.022981944
17298,0.028360192
17299,0.03862313
17300,0.030730119
17301,0.028523581
17302,0.019110698
17303,0.015699018
17304,0.010038008
17305,0.04154271
17306,0.015201326
17307,0.07133279
17308,0.066972494
17309,0.0055598305
17310,0.27064684
17311,0.02002812
17312,0.02602202
17313,0.017703181
17314,0.006271991
17315,0.022529064
17316,0.060776558
17317,0.023896495
17318,0.019777792
17319,0.03395081
17320,0.01840486
17321,0.035204466
17322,0.015654858
17323,0.031034833
17324,0.1124944
17325,0.15874316
17326,0.095249034
17327,0.021499269
17328,0.038492553
17329,0.019616246
17330,0.05819961
17331,0.12675677
17332,0.030550992
17333,0.036073137
17334,0.09145896
17335,0.04107859
17336,0.02719661
17337,0.10131357
17338,0.06506632
17339,0.045846045
17340,0.13543019
17341,0.31988296
17342,0.02172768
17343,0.044913705
17344,0.029152505
17345,0.24772449
17346,0.057702046
17347,0.26488012
17348,0.08896812
17349,0.11512884
17350,0.054472037
17351,0.017340418
17352,0.014991225
17353,0.017056191
17354,0.01259646
17355,0.11283215
17356,0.03193944
17357,0.5673601
17358,0.24847499
17359,0.041740097
17360,0.24527086
17361,0.0318804
17362,0.049216613
17363,0.035868667
17364,0.021981915
17365,0.014641586
17366,0.09126786
17367,0.24668965
17368,0.36934537
17369,0.4371527
17370,0.10613644
17371,0.24458139
17372,0.052288733
17373,0.0437463
17374,0.06568113
17375,0.01029463
17376,0.07607875
17377,0.032357432
17378,0.38489005
17379,0.10888085
17380,0.24649292
17381,0.37701827
17382,0.10372421
17383,0.023644473
17384,0.35293615
17385,0.06533695
17386,0.2828036
17387,0.043089744
17388,0.055688962
17389,0.04033841
17390,0.05630272
17391,0.027131978
17392,0.08450601
17393,0.08770224
17394,0.07805665
17395,0.032359954
17396,0.043805562
17397,0.05668453
17398,0.4053303
17399,0.04491802
17400,0.032371197
17401,0.060639266
17402,0.059191808
17403,0.07702185
17404,0.03181954
17405,0.04245883
17406,0.036074024
17407,0.08792926
17408,0.028475318
17409,0.05349518
17410,0.1457716
17411,0.24921796
17412,0.049302775
17413,0.049555454
17414,0.024893144
17415,0.0170468
17416,0.015819136
17417,0.41070804
17418,0.105200596
17419,0.06255924
17420,0.35603005
17421,0.2771711
17422,0.0066900067
17423,0.09193994
17424,0.058298327
17425,0.020264786
17426,0.023090856
17427,0.020419564
17428,0.006943351
17429,0.044723123
17430,0.0048127454
17431,0.10876503
17432,0.057435367
17433,0.06508441
17434,0.08984391
17435,0.2360187
17436,0.3515071
17437,0.018610515
17438,0.11155984
17439,0.04794292
17440,0.009455686
17441,0.029263807
17442,0.029649103
17443,0.032944888
17444,0.27734953
17445,0.05172951
17446,0.010266743
17447,0.046398543
17448,0.04004024
17449,0.24710265
17450,0.38009244
17451,0.056355193
17452,0.07400389
17453,0.023474202
17454,0.053243406
17455,0.0662935
17456,0.019157317
17457,0.03135249
17458,0.015021255
17459,0.123047
17460,0.17173794
17461,0.10052294
17462,0.11988486
17463,0.07487362
17464,0.010955105
17465,0.037809502
17466,0.038021028
17467,0.037345972
17468,0.09978615
17469,0.06511877
17470,0.23648621
17471,0.021195995
17472,0.04757105
17473,0.0351029
17474,0.02390799
17475,0.020558847
17476,0.027874691
17477,0.055708848
17478,0.019689005
17479,0.023379968
17480,0.08059016
17481,0.17251554
17482,0.26999786
17483,0.04524481
17484,0.0448357
17485,0.041662414
17486,0.0999922
17487,0.061368704
17488,0.017485056
17489,0.06973979
17490,0.015408075
17491,0.033269297
17492,0.14750169
17493,0.03590879
17494,0.03216644
17495,0.0374118
17496,0.07443844
17497,0.08187376
17498,0.27074748
17499,0.24364151
17500,0.23773555
17501,0.074601896
17502,0.054056473
17503,0.02201086
17504,0.06985956
17505,0.05971705
17506,0.012500616
17507,0.13017058
17508,0.056730993
17509,0.47150317
17510,0.11840646
17511,0.02441381
17512,0.12104517
17513,0.058975127
17514,0.048161365
17515,0.019144805
17516,0.074928574
17517,0.023557719
17518,0.025662472
17519,0.09800179
17520,0.05310378
17521,0.097921826
17522,0.08985677
17523,0.12934732
17524,0.2545945
17525,0.28607234
17526,0.07461893
17527,0.028972551
17528,0.094212875
17529,0.0202092
17530,0.049445003
17531,0.08485225
17532,0.06197977
17533,0.124491826
17534,0.04438372
17535,0.103383526
17536,0.04318304
17537,0.06497676
17538,0.03245786
17539,0.021721382
17540,0.13619718
17541,0.012271798
17542,0.034206506
17543,0.076336555
17544,0.03645631
17545,0.0126281325
17546,0.027665256
17547,0.044260778
17548,0.07112256
17549,0.08843863
17550,0.14784464
17551,0.116821766
17552,0.26992473
17553,0.23640124
17554,0.16021581
17555,0.01615124
17556,0.11781597
17557,0.06214149
17558,0.0464434
17559,0.09295128
17560,0.0341096
17561,0.042425685
17562,0.014834996
17563,0.05580752
17564,0.087113045
17565,0.035186194
17566,0.06598127
17567,0.0075385803
17568,0.02494206
17569,0.03314791
17570,0.08632596
17571,0.019282961
17572,0.050872028
17573,0.10365848
17574,0.079745874
17575,0.15180497
17576,0.32399362
17577,0.11761827
17578,0.120994195
17579,0.07144761
17580,0.08428401
17581,0.09622266
17582,0.11196057
17583,0.06950807
17584,0.012551231
17585,0.022466188
17586,0.27397013
17587,0.08080446
17588,0.08290977
17589,0.06726264
17590,0.080881625
17591,0.027899958
17592,0.020445695
17593,0.027614519
17594,0.05141821
17595,0.33451912
17596,0.06852844
17597,0.06402638
17598,0.12740618
17599,0.7746903
17600,0.10626517
17601,0.019081412
17602,0.22803712
17603,0.071221046
17604,0.27320743
17605,0.18454051
17606,0.085634254
17607,0.02059294
17608,0.054532647
17609,0.1044633
17610,0.15835702
17611,0.04387704
17612,0.27515122
17613,0.0827792
17614,0.09982295
17615,0.015205261
17616,0.015507381
17617,0.024235046
17618,0.06879736
17619,0.09356285
17620,0.021050513
17621,0.13728108
17622,0.15500616
17623,0.1512995
17624,0.08652284
17625,0.038924817
17626,0.12845275
17627,0.27819344
17628,0.18583371
17629,0.07279743
17630,0.065035746
17631,0.026770385
17632,0.009208692
17633,0.06523143
17634,0.61242694
17635,0.10836624
17636,0.30657125
17637,0.2701427
17638,0.014766095
17639,0.012828579
17640,0.010927512
17641,0.05868641
17642,0.06389649
17643,0.2628953
17644,0.26240322
17645,0.09843521
17646,0.103525825
17647,0.15961802
17648,0.15362139
17649,0.14783148
17650,0.17638753
17651,0.23521289
17652,0.10264755
17653,0.057544596
17654,0.09087338
17655,0.06581493
17656,0.2722246
17657,0.8584735
17658,0.051784955
17659,0.30957574
17660,0.05664487
17661,0.2728687
17662,0.017248688
17663,0.060324997
17664,0.09211425
17665,0.020363782
17666,0.053963777
17667,0.005748861
17668,0.30848092
17669,0.05080172
17670,0.09463194
17671,0.27106985
17672,0.15897918
17673,0.27646327
17674,0.2958131
17675,0.3580197
17676,0.16401583
17677,0.23241535
17678,0.2332329
17679,0.8961764
17680,0.29188645
17681,0.42069072
17682,0.02577602
17683,0.2518686
17684,0.062217746
17685,0.031900067
17686,0.020273121
17687,0.015803473
17688,0.070410416
17689,0.011665449
17690,0.028745577
17691,0.07066838
17692,0.11011081
17693,0.115850225
17694,0.13028166
17695,0.094652854
17696,0.25967273
17697,0.2523269
17698,0.108380154
17699,0.17694704
17700,0.018877786
17701,0.06641873
17702,0.937433
17703,0.9403583
17704,0.6348755
17705,0.007897993
17706,0.028511954
17707,0.0196799
17708,0.087958686
17709,0.44189194
17710,0.084631585
17711,0.019874847
17712,0.07065421
17713,0.01633469
17714,0.063575685
17715,0.092191964
17716,0.0725041
17717,0.014023662
17718,0.21796829
17719,0.023855107
17720,0.040283177
17721,0.23655072
17722,0.12436666
17723,0.0693799
17724,0.05801101
17725,0.24327387
17726,0.14859912
17727,0.026148027
17728,0.11844925
17729,0.106439404
17730,0.10578433
17731,0.9812259
17732,0.89321464
17733,0.6096271
17734,0.02035871
17735,0.069065735
17736,0.029280026
17737,0.30174944
17738,0.09097254
17739,0.26539537
17740,0.08998367
17741,0.025899602
17742,0.0989652
17743,0.119576156
17744,0.15980394
17745,0.13995875
17746,0.5152555
17747,0.44612163
17748,0.25654918
17749,0.15240793
17750,0.09152233
17751,0.07148249
17752,0.12668328
17753,0.051812988
17754,0.042605117
17755,0.12972048
17756,0.13216558
17757,0.066441864
17758,0.09680439
17759,0.025088899
17760,0.92192984
17761,0.9256619
17762,0.9986127
17763,0.102057174
17764,0.04194393
17765,0.24246515
17766,0.27898028
17767,0.022076106
17768,0.025389418
17769,0.046541043
17770,0.11438057
17771,0.062127
17772,0.28755033
17773,0.9417012
17774,0.0816306
17775,0.111153446
17776,0.11243608
17777,0.15620679
17778,0.08144872
17779,0.33221793
17780,0.11439602
17781,0.03265892
17782,0.09820765
17783,0.11509373
17784,0.110989414
17785,0.047294773
17786,0.02447118
17787,0.2945994
17788,0.41541603
17789,0.15770924
17790,0.06976106
17791,0.115785904
17792,0.07818199
17793,0.27956995
17794,0.034546934
17795,0.051053334
17796,0.052050494
17797,0.019425457
17798,0.023155631
17799,0.055481177
17800,0.051279053
17801,0.17622791
17802,0.71464443
17803,0.2688298
17804,0.28036729
17805,0.13408192
17806,0.16884643
17807,0.17228007
17808,0.5591219
17809,0.097883895
17810,0.03121055
17811,0.041061975
17812,0.036486916
17813,0.14542589
17814,0.16207162
17815,0.12210193
17816,0.41498783
17817,0.27428645
17818,0.2528933
17819,0.9547225
17820,0.15735382
17821,0.022127694
17822,0.14230739
17823,0.27023587
17824,0.022275545
17825,0.054739848
17826,0.1817827
17827,0.07220681
17828,0.043622997
17829,0.04463611
17830,0.056960255
17831,0.25430515
17832,0.2841241
17833,0.28523403
17834,0.49831617
17835,0.39923206
17836,0.15502086
17837,0.15553188
17838,0.26635683
17839,0.02858363
17840,0.15717986
17841,0.088764705
17842,0.055188477
17843,0.42933622
17844,0.27215108
17845,0.061795175
17846,0.013927209
17847,0.5338443
17848,0.21517047
17849,0.08328789
17850,0.112326026
17851,0.08356317
17852,0.04989721
17853,0.013697625
17854,0.030409185
17855,0.07261969
17856,0.09705495
17857,0.11026631
17858,0.14857462
17859,0.42619044
17860,0.87454826
17861,0.43563122
17862,0.38957095
17863,0.60562617
17864,0.13063669
17865,0.07667289
17866,0.07183791
17867,0.15411378
17868,0.17313942
17869,0.079021126
17870,0.027342107
17871,0.067398794
17872,0.1288828
17873,0.019638514
17874,0.050700504
17875,0.10698101
17876,0.023585444
17877,0.016111158
17878,0.022453144
17879,0.013503182
17880,0.03697754
17881,0.07696005
17882,0.0638288
17883,0.099841855
17884,0.26826802
17885,0.16733092
17886,0.28845754
17887,0.7944587
17888,0.62733966
17889,0.28586698
17890,0.108563446
17891,0.046930432
17892,0.023866035
17893,0.058831662
17894,0.10937019
17895,0.0190134
17896,0.00982029
17897,0.032519568
17898,0.8764306
17899,0.052929934
17900,0.018408721
17901,0.06617564
17902,0.05415701
17903,0.11152903
17904,0.041050866
17905,0.05494432
17906,0.020472836
17907,0.048016425
17908,0.018727211
17909,0.017901892
17910,0.03638646
17911,0.0964158
17912,0.122575
17913,0.51202404
17914,0.3230523
17915,0.24885036
17916,0.98073053
17917,0.41340756
17918,0.48487666
17919,0.25667816
17920,0.04613946
17921,0.03227531
17922,0.037096873
17923,0.05588927
17924,0.053485483
17925,0.038503967
17926,0.062678605
17927,0.39691573
17928,0.19871856
17929,0.2087378
17930,0.031857707
17931,0.106134236
17932,0.116781846
17933,0.12794504
17934,0.1627109
17935,0.053263694
17936,0.033785302
17937,0.04937976
17938,0.14845626
17939,0.72130543
17940,0.40919334
17941,0.5761217
17942,0.4535711
17943,0.27096817
17944,0.26365408
17945,0.11779987
17946,0.037380952
17947,0.023524623
17948,0.011797454
17949,0.042543236
17950,0.032223146
17951,0.122933954
17952,0.12908944
17953,0.06340375
17954,0.21846735
17955,0.02784384
17956,0.07650786
17957,0.011695806
17958,0.43769926
17959,0.046190925
17960,0.011772415
17961,0.0142571945
17962,0.12466854
17963,0.25488693
17964,0.03289855
17965,0.0067065167
17966,0.24898893
17967,0.27565324
17968,0.08947203
17969,0.12951417
17970,0.031199368
17971,0.09285281
17972,0.081820615
17973,0.040549032
17974,0.12547055
17975,0.11984805
17976,0.042373687
17977,0.02583621
17978,0.113026105
17979,0.09670356
17980,0.03857102
17981,0.13800777
17982,0.044819787
17983,0.05636081
17984,0.01041404
17985,0.055592995
17986,0.20261517
17987,0.41702783
17988,0.50188494
17989,0.09104949
17990,0.018841946
17991,0.02989326
17992,0.057140555
17993,0.016299749
17994,0.0730498
17995,0.15538579
17996,0.015963562
17997,0.027683876
17998,0.018250288
17999,0.021757625
18000,0.01482436
18001,0.027905112
18002,0.093358055
18003,0.10799586
18004,0.3383257
18005,0.016860204
18006,0.021552717
18007,0.11757826
18008,0.09177885
18009,0.11572807
18010,0.3989211
18011,0.11162412
18012,0.014842411
18013,0.13549992
18014,0.039772242
18015,0.08714137
18016,0.1446978
18017,0.019074148
18018,0.1799523
18019,0.03014386
18020,0.14971638
18021,0.06859899
18022,0.04866332
18023,0.022886176
18024,0.03451274
18025,0.07754976
18026,0.2772824
18027,0.042881634
18028,0.022684945
18029,0.03639456
18030,0.045254197
18031,0.069069006
18032,0.15062475
18033,0.07232331
18034,0.2785407
18035,0.09583678
18036,0.03302236
18037,0.01620182
18038,0.05365121
18039,0.05450784
18040,0.034615025
18041,0.27766567
18042,0.14548294
18043,0.021490756
18044,0.10857244
18045,0.05904684
18046,0.010562033
18047,0.014873325
18048,0.44165108
18049,0.7258141
18050,0.24038146
18051,0.1121093
18052,0.093296655
18053,0.050499022
18054,0.04630594
18055,0.10959902
18056,0.10229348
18057,0.12067255
18058,0.96203876
18059,0.08324611
18060,0.01794351
18061,0.085838914
18062,0.08208357
18063,0.020092905
18064,0.041891698
18065,0.13394983
18066,0.5083871
18067,0.07675787
18068,0.2565859
18069,0.025182813
18070,0.050512448
18071,0.028180568
18072,0.10186253
18073,0.036817905
18074,0.028467407
18075,0.0050948313
18076,0.07063672
18077,0.069596194
18078,0.031537704
18079,0.019185035
18080,0.06472099
18081,0.017756063
18082,0.15332848
18083,0.046187356
18084,0.041901104
18085,0.018335093
18086,0.034445092
18087,0.086263955
18088,0.108114935
18089,0.021097455
18090,0.056669373
18091,0.8644167
18092,0.0635676
18093,0.24620105
18094,0.04891164
18095,0.042560212
18096,0.058114983
18097,0.05424158
18098,0.017873576
18099,0.28934446
18100,0.03419878
18101,0.0066988
18102,0.016357915
18103,0.057232425
18104,0.1160926
18105,0.019931205
18106,0.12040035
18107,0.04533264
18108,0.025776928
18109,0.057040464
18110,0.38380948
18111,0.029758174
18112,0.02306547
18113,0.010051307
18114,0.020063434
18115,0.016175002
18116,0.054988347
18117,0.0362672
18118,0.16025677
18119,0.08150435
18120,0.017667824
18121,0.06656923
18122,0.15824525
18123,0.101927675
18124,0.08115222
18125,0.07064405
18126,0.03131503
18127,0.05906526
18128,0.1512483
18129,0.27366912
18130,0.12512852
18131,0.007444945
18132,0.03711816
18133,0.018177282
18134,0.01677925
18135,0.01575669
18136,0.017523782
18137,0.02226946
18138,0.016792696
18139,0.028012428
18140,0.056172732
18141,0.060921595
18142,0.11721449
18143,0.006979079
18144,0.12798847
18145,0.011864995
18146,0.16502222
18147,0.03066656
18148,0.016159425
18149,0.012706406
18150,0.022327663
18151,0.02735241
18152,0.01938171
18153,0.032614335
18154,0.008886946
18155,0.067323916
18156,0.028681973
18157,0.04155504
18158,0.015366105
18159,0.0512403
18160,0.018068226
18161,0.010114335
18162,0.008498044
18163,0.012467517
18164,0.101759285
18165,0.032502346
18166,0.053942937
18167,0.006497793
18168,0.03038803
18169,0.019374367
18170,0.11427269
18171,0.26693824
18172,0.06471234
18173,0.06927227
18174,0.064608395
18175,0.09559895
18176,0.028452065
18177,0.013554215
18178,0.08908835
18179,0.08844133
18180,0.009815649
18181,0.15300564
18182,0.01898157
18183,0.026897164
18184,0.034435503
18185,0.036838885
18186,0.03052883
18187,0.027895203
18188,0.008894111
18189,0.014998746
18190,0.015378715
18191,0.010094614
18192,0.0440777
18193,0.013326232
18194,0.008171387
18195,0.069421396
18196,0.064167865
18197,0.004200095
18198,0.0038887348
18199,0.26365122
18200,0.018819338
18201,0.025597129
18202,0.016783694
18203,0.02842169
18204,0.0053019766
18205,0.015978452
18206,0.019826083
18207,0.059442636
18208,0.023859363
18209,0.017210832
18210,0.032399077
18211,0.03540641
18212,0.010111389
18213,0.013687532
18214,0.033436324
18215,0.118129775
18216,0.1635609
18217,0.018434599
18218,0.09541313
18219,0.019641336
18220,0.010153399
18221,0.036409892
18222,0.048460916
18223,0.124835886
18224,0.030312365
18225,0.03770699
18226,0.09712148
18227,0.04073857
18228,0.027302831
18229,0.10889323
18230,0.03701797
18231,0.06311066
18232,0.038369756
18233,0.12700322
18234,0.34481695
18235,0.042807724
18236,0.13961236
18237,0.061059743
18238,0.26597586
18239,0.083891645
18240,0.11758765
18241,0.01786245
18242,0.083799146
18243,0.037972264
18244,0.016154476
18245,0.24757169
18246,0.030450445
18247,0.5732978
18248,0.25071615
18249,0.04373427
18250,0.12503734
18251,0.050075047
18252,0.013350526
18253,0.029669667
18254,0.025757045
18255,0.04937679
18256,0.03422944
18257,0.01883493
18258,0.016884418
18259,0.09981706
18260,0.25422156
18261,0.40421382
18262,0.3899746
18263,0.05997855
18264,0.25337455
18265,0.022198055
18266,0.058324285
18267,0.041203666
18268,0.065315604
18269,0.07283981
18270,0.41156498
18271,0.114893235
18272,0.1278637
18273,0.37859052
18274,0.10582243
18275,0.02192987
18276,0.41663665
18277,0.06496566
18278,0.33751526
18279,0.053700205
18280,0.055622004
18281,0.042117123
18282,0.058437876
18283,0.0870344
18284,0.21377787
18285,0.076092646
18286,0.03270748
18287,0.035499774
18288,0.054805283
18289,0.26825482
18290,0.045812298
18291,0.031884696
18292,0.061385673
18293,0.06340355
18294,0.07704747
18295,0.045673985
18296,0.037460245
18297,0.10092208
18298,0.055921726
18299,0.12909123
18300,0.25823432
18301,0.04851951
18302,0.04457619
18303,0.024861218
18304,0.018379679
18305,0.37868816
18306,0.10900884
18307,0.060230684
18308,0.27414957
18309,0.29726863
18310,0.083683476
18311,0.06030966
18312,0.019565038
18313,0.023961453
18314,0.017446285
18315,0.0079216305
18316,0.006005352
18317,0.1017574
18318,0.011596734
18319,0.059818923
18320,0.06561149
18321,0.08961562
18322,0.16910332
18323,0.35939056
18324,0.017989682
18325,0.12017678
18326,0.04716829
18327,0.008248455
18328,0.031378496
18329,0.028624529
18330,0.18588153
18331,0.05466017
18332,0.012647014
18333,0.044947132
18334,0.03807097
18335,0.029469177
18336,0.12600636
18337,0.36825085
18338,0.055251196
18339,0.07754261
18340,0.020692091
18341,0.023805836
18342,0.053947113
18343,0.07409756
18344,0.013286799
18345,0.033287313
18346,0.015247433
18347,0.11964648
18348,0.16641381
18349,0.10164944
18350,0.12173859
18351,0.07657255
18352,0.035681568
18353,0.038154352
18354,0.0346075
18355,0.04516693
18356,0.09888192
18357,0.06512167
18358,0.23946513
18359,0.019186387
18360,0.04740628
18361,0.03674998
18362,0.023679977
18363,0.022449045
18364,0.029170398
18365,0.056856997
18366,0.025629623
18367,0.078102484
18368,0.26438808
18369,0.23875846
18370,0.043820627
18371,0.04768887
18372,0.04268926
18373,0.103972934
18374,0.06302898
18375,0.016622854
18376,0.06793841
18377,0.1514666
18378,0.034917254
18379,0.027346361
18380,0.03799705
18381,0.006643707
18382,0.15623623
18383,0.08185514
18384,0.2692132
18385,0.2485699
18386,0.23683205
18387,0.07371298
18388,0.05597668
18389,0.023615079
18390,0.06690822
18391,0.058383938
18392,0.010966141
18393,0.13010246
18394,0.05509456
18395,0.4778807
18396,0.121893935
18397,0.023435865
18398,0.12012512
18399,0.061130583
18400,0.04981119
18401,0.020188909
18402,0.066166334
18403,0.028905235
18404,0.025751079
18405,0.026367346
18406,0.098387785
18407,0.056102376
18408,0.19455807
18409,0.08353846
18410,0.12260397
18411,0.25291294
18412,0.4250201
18413,0.07927778
18414,0.028893853
18415,0.09465173
18416,0.022055432
18417,0.049684495
18418,0.006804861
18419,0.026238883
18420,0.009825114
18421,0.08873464
18422,0.06261084
18423,0.12009235
18424,0.04266965
18425,0.10800646
18426,0.04397432
18427,0.06574915
18428,0.03527556
18429,0.13854876
18430,0.031376157
18431,0.0759828
18432,0.03402515
18433,0.028827239
18434,0.042687256
18435,0.070716284
18436,0.08886269
18437,0.14802021
18438,0.11520589
18439,0.27341223
18440,0.13756053
18441,0.14596397
18442,0.015006637
18443,0.11807469
18444,0.014580509
18445,0.0647258
18446,0.009949458
18447,0.044762544
18448,0.09293869
18449,0.024641005
18450,0.056468766
18451,0.040705435
18452,0.015889645
18453,0.057645515
18454,0.08333821
18455,0.032518554
18456,0.06679315
18457,0.024292553
18458,0.08507128
18459,0.017275257
18460,0.04654304
18461,0.100495815
18462,0.07318251
18463,0.15748815
18464,0.2920739
18465,0.11842794
18466,0.1223357
18467,0.073402494
18468,0.087166905
18469,0.0908595
18470,0.11130671
18471,0.068871684
18472,0.012900582
18473,0.022862926
18474,0.19497034
18475,0.07555306
18476,0.08018993
18477,0.06465077
18478,0.08102168
18479,0.025237188
18480,0.020856714
18481,0.027896827
18482,0.050816778
18483,0.28938824
18484,0.070562385
18485,0.06416891
18486,0.1300293
18487,0.8555894
18488,0.12717526
18489,0.01960488
18490,0.2444821
18491,0.07173324
18492,0.27165252
18493,0.1842384
18494,0.08381057
18495,0.021129947
18496,0.057321426
18497,0.10103218
18498,0.044532567
18499,0.10393294
18500,0.16136119
18501,0.045373
18502,0.2762891
18503,0.08310015
18504,0.091893986
18505,0.016702779
18506,0.02010244
18507,0.025700057
18508,0.07085319
18509,0.08742516
18510,0.018888216
18511,0.1350977
18512,0.15738282
18513,0.25345287
18514,0.08707167
18515,0.037826877
18516,0.12319694
18517,0.16927515
18518,0.4058635
18519,0.076522775
18520,0.060044482
18521,0.026172517
18522,0.009905842
18523,0.0718023
18524,0.5141378
18525,0.04024724
18526,0.11397808
18527,0.42711848
18528,0.15629724
18529,0.0197106
18530,0.012408431
18531,0.011423914
18532,0.061733324
18533,0.06370159
18534,0.26161417
18535,0.26742268
18536,0.10274605
18537,0.10352481
18538,0.16041219
18539,0.14958075
18540,0.17115483
18541,0.19149637
18542,0.37209034
18543,0.102626294
18544,0.020495065
18545,0.057171393
18546,0.08680475
18547,0.064553335
18548,0.3442218
18549,0.96397704
18550,0.005973414
18551,0.052664474
18552,0.39080122
18553,0.054373346
18554,0.41413313
18555,0.061489854
18556,0.09350205
18557,0.020195587
18558,0.05211417
18559,0.40780708
18560,0.050174475
18561,0.09059172
18562,0.27195343
18563,0.15010944
18564,0.26992854
18565,0.42652997
18566,0.2000756
18567,0.030789947
18568,0.2667231
18569,0.23326704
18570,0.12176702
18571,0.85944307
18572,0.29075077
18573,0.41990644
18574,0.024928303
18575,0.14020412
18576,0.06393616
18577,0.03321693
18578,0.02085815
18579,0.008360986
18580,0.011635042
18581,0.07042493
18582,0.008233129
18583,0.009581668
18584,0.029407138
18585,0.15622985
18586,0.11397182
18587,0.11759879
18588,0.13006182
18589,0.098245695
18590,0.2602308
18591,0.25687563
18592,0.03004686
18593,0.10947302
18594,0.28513983
18595,0.06584457
18596,0.98099536
18597,0.99386317
18598,0.6537948
18599,0.034107246
18600,0.08806016
18601,0.37795806
18602,0.085556306
18603,0.019003091
18604,0.067883566
18605,0.016577274
18606,0.06668242
18607,0.106204845
18608,0.079731904
18609,0.013571236
18610,0.39540082
18611,0.020294178
18612,0.038446702
18613,0.1383871
18614,0.12257542
18615,0.069303274
18616,0.05483666
18617,0.2410122
18618,0.089983284
18619,0.027308049
18620,0.122412756
18621,0.103075154
18622,0.21181765
18623,0.95766306
18624,0.95903045
18625,0.60741806
18626,0.01929762
18627,0.06720641
18628,0.028186873
18629,0.29546452
18630,0.091120176
18631,0.26891044
18632,0.095267646
18633,0.028723426
18634,0.09767451
18635,0.12832995
18636,0.14926144
18637,0.15300034
18638,0.4614909
18639,0.40283227
18640,0.2541951
18641,0.14601453
18642,0.09380281
18643,0.07206002
18644,0.12905374
18645,0.053536788
18646,0.041566662
18647,0.1259062
18648,0.13588959
18649,0.06754365
18650,0.09557382
18651,0.024969805
18652,0.9613857
18653,0.9782659
18654,1.037506
18655,0.10003911
18656,0.044534143
18657,0.130282
18658,0.3824689
18659,0.031125072
18660,0.023778431
18661,0.025094371
18662,0.048666775
18663,0.11617242
18664,0.060122073
18665,0.4040206
18666,1.0036358
18667,0.07831523
18668,0.12245799
18669,0.111836396
18670,0.17837635
18671,0.07952799
18672,0.31436735
18673,0.22802122
18674,0.035234377
18675,0.0950041
18676,0.12166436
18677,0.11166367
18678,0.04438893
18679,0.02719935
18680,0.29422817
18681,0.28503942
18682,0.16252546
18683,0.07058663
18684,0.03119693
18685,0.11657142
18686,0.078080386
18687,0.2818396
18688,0.035006218
18689,0.05239522
18690,0.052711617
18691,0.024564127
18692,0.024605036
18693,0.050870128
18694,0.052371126
18695,0.4271889
18696,0.8362901
18697,0.27338153
18698,0.19229886
18699,0.13356534
18700,0.17632633
18701,0.15919393
18702,0.50751376
18703,0.09579118
18704,0.029989325
18705,0.04117097
18706,0.035079975
18707,0.14287086
18708,0.1648182
18709,0.12029496
18710,0.466437
18711,0.2631053
18712,0.26145637
18713,0.95703554
18714,0.14832667
18715,0.01955967
18716,0.14230168
18717,0.27082536
18718,0.022663713
18719,0.060140606
18720,0.3821855
18721,0.07396524
18722,0.044308927
18723,0.044524822
18724,0.05410763
18725,0.25719574
18726,0.2934543
18727,0.46603715
18728,0.49012
18729,0.42782453
18730,0.15867469
18731,0.16232884
18732,0.41420293
18733,0.16302209
18734,0.08828995
18735,0.05420949
18736,0.43621263
18737,0.27100694
18738,0.061066326
18739,0.013356977
18740,0.52117807
18741,0.2851283
18742,0.00760921
18743,0.08464236
18744,0.116263926
18745,0.08233045
18746,0.04661142
18747,0.014400277
18748,0.011424254
18749,0.017967591
18750,0.035357196
18751,0.073267534
18752,0.09375541
18753,0.11284951
18754,0.14413148
18755,0.32240385
18756,0.8254715
18757,0.4025358
18758,0.42010385
18759,0.5746814
18760,0.11649183
18761,0.019158533
18762,0.07303074
18763,0.07086687
18764,0.15143353
18765,0.1827254
18766,0.082409725
18767,0.02679275
18768,0.06625763
18769,0.12787104
18770,0.019259585
18771,0.0052034757
18772,0.05021089
18773,0.109921135
18774,0.023618236
18775,0.019184317
18776,0.04075895
18777,0.020219991
18778,0.012795867
18779,0.03939026
18780,0.07662047
18781,0.062236905
18782,0.09651047
18783,0.1972261
18784,0.16525617
18785,0.12967364
18786,0.7889389
18787,0.636243
18788,0.28342494
18789,0.13005063
18790,0.048160046
18791,0.022017693
18792,0.059572387
18793,0.10996424
18794,0.018388743
18795,0.009900156
18796,0.032941975
18797,0.95491976
18798,0.05341993
18799,0.019380562
18800,0.06932141
18801,0.054254763
18802,0.11904479
18803,0.04178274
18804,0.054964475
18805,0.046049207
18806,0.01895218
18807,0.016998954
18808,0.035937298
18809,0.09570797
18810,0.1328445
18811,0.54822224
18812,0.43863055
18813,0.2444837
18814,0.9268542
18815,0.42458305
18816,0.39482638
18817,0.2603757
18818,0.007966311
18819,0.043178536
18820,0.030512474
18821,0.036372483
18822,0.055575863
18823,0.05235071
18824,0.016692927
18825,0.0408648
18826,0.06650175
18827,0.3962889
18828,0.09412646
18829,0.40751684
18830,0.031276632
18831,0.10720619
18832,0.12069936
18833,0.13537836
18834,0.16272277
18835,0.04860075
18836,0.030405585
18837,0.04923853
18838,0.14927314
18839,0.76953816
18840,0.47337815
18841,0.6375107
18842,0.2725964
18843,0.3876153
18844,0.17309622
18845,0.115251474
18846,0.038391057
18847,0.011670107
18848,0.038350396
18849,0.02946963
18850,0.12627392
18851,0.13762476
18852,0.06798301
18853,0.2822566
18854,0.02879209
18855,0.07725606
18856,0.011544546
18857,0.27892277
18858,0.045003608
18859,0.015048091
18860,0.014108188
18861,0.123677656
18862,0.24795508
18863,0.033806633
18864,0.0056441664
18865,0.14148624
18866,0.27148277
18867,0.09070419
18868,0.12765487
18869,0.03273594
18870,0.09509679
18871,0.08143851
18872,0.046298802
18873,0.12517925
18874,0.11950371
18875,0.043416798
18876,0.010824103
18877,0.23403679
18878,0.096292384
18879,0.039834183
18880,0.13786565
18881,0.046005074
18882,0.055264175
18883,0.010396695
18884,0.05352039
18885,0.20610285
18886,0.4227427
18887,0.5558429
18888,0.09377899
18889,0.019259589
18890,0.029011048
18891,0.05798214
18892,0.07435404
18893,0.1596141
18894,0.015884735
18895,0.029690009
18896,0.01725782
18897,0.020167736
18898,0.013233739
18899,0.030252587
18900,0.096303955
18901,0.11016533
18902,0.43778855
18903,0.01669367
18904,0.020538196
18905,0.11594912
18906,0.0918216
18907,0.1113533
18908,0.41035336
18909,0.11181035
18910,0.011983871
18911,0.011756929
18912,0.24515484
18913,0.039088763
18914,0.017183354
18915,0.08550597
18916,0.13912722
18917,0.05801963
18918,0.020056425
18919,0.20949718
18920,0.016878735
18921,0.029480617
18922,0.14750113
18923,0.07610336
18924,0.05009666
18925,0.031865135
18926,0.0849304
18927,0.27997705
18928,0.04239918
18929,0.022786459
18930,0.036062244
18931,0.04774935
18932,0.068575576
18933,0.15971167
18934,0.072472624
18935,0.2748112
18936,0.101995304
18937,0.034037955
18938,0.016606579
18939,0.0528035
18940,0.0528059
18941,0.02948409
18942,0.26805896
18943,0.14509635
18944,0.02061461
18945,0.11211455
18946,0.060107816
18947,0.012544242
18948,0.3753633
18949,0.77319616
18950,0.12699103
18951,0.115009196
18952,0.016604243
18953,0.097085014
18954,0.05232296
18955,0.044879228
18956,0.10967876
18957,0.09682122
18958,0.10184325
18959,0.9041924
18960,0.07942179
18961,0.017440088
18962,0.08349499
18963,0.082029164
18964,0.02025477
18965,0.13654374
18966,0.31310973
18967,0.07525706
18968,0.14634673
18969,0.050539237
18970,0.02793087
18971,0.105993606
18972,0.037075836
18973,0.028119372
18974,0.0057469457
18975,0.070049934
18976,0.0731232
18977,0.03161833
18978,0.021878652
18979,0.063204184
18980,0.018473
18981,0.16287884
18982,0.04363373
18983,0.035221685
18984,0.08371744
18985,0.11027688
18986,0.021817917
18987,0.058602557
18988,0.9770855
18989,0.06399795
18990,0.123102315
18991,0.050680924
18992,0.042014793
18993,0.056744553
18994,0.05918078
18995,0.018093817
18996,0.021377593
18997,0.34036174
18998,0.03405342
18999,0.0060604373
19000,0.0046018474
19001,0.00816809
19002,0.016531562
19003,0.010265931
19004,0.056124706
19005,0.11702046
19006,0.02103426
19007,0.00987015
19008,0.12035296
19009,0.046875667
19010,0.007089769
19011,0.05796099
19012,0.28181112
19013,0.027875803
19014,0.008769725
19015,0.02162654
19016,0.0145455785
19017,0.05699353
19018,0.010137939
19019,0.03717211
19020,0.0051220427
19021,0.15174796
19022,0.079800874
19023,0.006681166
19024,0.014474572
19025,0.01704862
19026,0.0174787
19027,0.06802475
19028,0.1635362
19029,0.09784498
19030,0.07744454
19031,0.07015959
19032,0.031169895
19033,0.058606427
19034,0.15195309
19035,0.26830584
19036,0.23935708
19037,0.0076144165
19038,0.034649067
19039,0.018740946
19040,0.015623203
19041,0.018544642
19042,0.018993152
19043,0.022626808
19044,0.010808718
19045,0.019838482
19046,0.017152334
19047,0.010767106
19048,0.025996141
19049,0.056120813
19050,0.057798713
19051,0.11911584
19052,0.00633763
19053,0.0100991335
19054,0.12674204
19055,0.010177948
19056,0.25912282
19057,0.009957994
19058,0.032132607
19059,0.017418854
19060,0.013523139
19061,0.023607776
19062,0.027838638
19063,0.019110188
19064,0.029254949
19065,0.013811324
19066,0.06577788
19067,0.028394828
19068,0.039953124
19069,0.015573405
19070,0.050704237
19071,0.016917573
19072,0.021831227
19073,0.012356631
19074,0.10189613
19075,0.03350843
19076,0.056162074
19077,0.030815315
19078,0.009754997
19079,0.017764006
19080,0.10685052
19081,0.015024685
19082,0.011489462
19083,0.011336885
19084,0.26769054
19085,0.06741177
19086,0.06780833
19087,0.06115845
19088,0.0145367365
19089,0.09380873
19090,0.028914342
19091,0.015444517
19092,0.093579784
19093,0.019141542
19094,0.091491446
19095,0.15391208
19096,0.016208196
19097,0.032401204
19098,0.037240688
19099,0.02888704
19100,0.02895269
19101,0.015494416
19102,0.009807181
19103,0.014569988
19104,0.040348455
19105,0.014784347
19106,0.017055377
19107,0.06903133
19108,0.06878531
19109,0.16164462
19110,0.02380849
19111,0.005257728
19112,0.022393264
19113,0.060552813
19114,0.02299261
19115,0.031903338
19116,0.016310215
19117,0.03631605
19118,0.012303885
19119,0.11760455
19120,0.15285996
19121,0.09475469
19122,0.020283958
19123,0.012128154
19124,0.032075357
19125,0.02485766
19126,0.043779112
19127,0.050572235
19128,0.032308497
19129,0.040202476
19130,0.038507335
19131,0.09854073
19132,0.04232097
19133,0.008248549
19134,0.10140301
19135,0.06122291
19136,0.040023632
19137,0.12769112
19138,0.10776166
19139,0.2455916
19140,0.0574974
19141,0.1930866
19142,0.09069485
19143,0.24113038
19144,0.05051296
19145,0.08486891
19146,0.032136466
19147,0.017298006
19148,0.11714369
19149,0.029656557
19150,0.62355787
19151,0.25486806
19152,0.010310287
19153,0.1260749
19154,0.02952508
19155,0.04971086
19156,0.03313408
19157,0.018316245
19158,0.015464132
19159,0.102102146
19160,0.25008342
19161,0.31680608
19162,0.43408793
19163,0.0624869
19164,0.10809097
19165,0.14254032
19166,0.02178304
19167,0.056128997
19168,0.040625922
19169,0.0646166
19170,0.07535316
19171,0.033775646
19172,0.35424212
19173,0.11751342
19174,0.12415992
19175,0.37393284
19176,0.02083678
19177,0.40769437
19178,0.017606061
19179,0.06926103
19180,0.5115078
19181,0.05192267
19182,0.055215627
19183,0.043722577
19184,0.056489747
19185,0.08775761
19186,0.08921914
19187,0.07669392
19188,0.032713998
19189,0.02983756
19190,0.056309205
19191,0.2752123
19192,0.04545552
19193,0.03240841
19194,0.059393913
19195,0.06127403
19196,0.07506959
19197,0.031444207
19198,0.094871625
19199,0.05143044
19200,0.1483241
19201,0.15210803
19202,0.0189499
19203,0.04535557
19204,0.01647248
19205,0.015669368
19206,0.34753704
19207,0.10183213
19208,0.05699628
19209,0.2121145
19210,0.38058156
19211,0.09295388
19212,0.058073528
19213,0.013090224
19214,0.01981149
19215,0.017473873
19216,0.0067281816
19217,0.042899717
19218,0.011577421
19219,0.057648405
19220,0.06533509
19221,0.08546326
19222,0.15065673
19223,0.36178574
19224,0.018006336
19225,0.11936581
19226,0.04701094
19227,0.005293697
19228,0.032125816
19229,0.027811134
19230,0.03431137
19231,0.27867034
19232,0.02209895
19233,0.052222677
19234,0.050427753
19235,0.03831791
19236,0.030817466
19237,0.24951665
19238,0.41530704
19239,0.060825504
19240,0.07609213
19241,0.020859465
19242,0.023163047
19243,0.050256923
19244,0.06813941
19245,0.033649456
19246,0.11543705
19247,0.16646828
19248,0.09910305
19249,0.118394956
19250,0.0734055
19251,0.035689913
19252,0.038265407
19253,0.03425688
19254,0.04385128
19255,0.09960457
19256,0.06578313
19257,0.23903792
19258,0.014737609
19259,0.04861252
19260,0.036236987
19261,0.024260832
19262,0.022962807
19263,0.028553711
19264,0.05448755
19265,0.024658117
19266,0.07968278
19267,0.28455153
19268,0.37372065
19269,0.043685056
19270,0.051361907
19271,0.038592976
19272,0.10548227
19273,0.0642815
19274,0.017498238
19275,0.068516046
19276,0.02990051
19277,0.14085782
19278,0.033883337
19279,0.028764473
19280,0.036240105
19281,0.0071819075
19282,0.15400468
19283,0.08338927
19284,0.2665961
19285,0.25022036
19286,0.23920523
19287,0.07670444
19288,0.052111134
19289,0.023473784
19290,0.06580678
19291,0.06081306
19292,0.010251689
19293,0.13311236
19294,0.05379762
19295,0.47475266
19296,0.12436311
19297,0.023118164
19298,0.121132806
19299,0.06009117
19300,0.021028502
19301,0.010339627
19302,0.06608375
19303,0.029006163
19304,0.012583493
19305,0.02418722
19306,0.02457539
19307,0.10098098
19308,0.055003002
19309,0.18730673
19310,0.078315035
19311,0.13139069
19312,0.25005662
19313,0.41123468
19314,0.07435546
19315,0.028627338
19316,0.09109802
19317,0.02234003
19318,0.049573515
19319,0.006906313
19320,0.025876215
19321,0.008023205
19322,0.085310936
19323,0.06283054
19324,0.12151164
19325,0.043427907
19326,0.10309758
19327,0.043809958
19328,0.06430977
19329,0.031044252
19330,0.13675869
19331,0.011026356
19332,0.074056335
19333,0.034481622
19334,0.012041121
19335,0.026559494
19336,0.04402456
19337,0.070462644
19338,0.08880214
19339,0.13868804
19340,0.12205911
19341,0.2709365
19342,0.13539772
19343,0.15027288
19344,0.015547618
19345,0.11280585
19346,0.06399009
19347,0.044880174
19348,0.09108009
19349,0.025646525
19350,0.05633933
19351,0.03350214
19352,0.05712764
19353,0.08257803
19354,0.030402932
19355,0.06555294
19356,0.025598591
19357,0.032147054
19358,0.086923346
19359,0.01970229
19360,0.04362719
19361,0.09950734
19362,0.071312845
19363,0.1452936
19364,0.34955063
19365,0.11865046
19366,0.2517569
19367,0.07272148
19368,0.0854902
19369,0.09216443
19370,0.11086986
19371,0.071856506
19372,0.01270214
19373,0.024013396
19374,0.2782414
19375,0.07075447
19376,0.08267742
19377,0.063688025
19378,0.08108457
19379,0.018920636
19380,0.026970072
19381,0.050103635
19382,0.2846524
19383,0.07235468
19384,0.057512265
19385,0.11991211
19386,0.77936786
19387,0.11115785
19388,0.020618433
19389,0.22535545
19390,0.069720395
19391,0.2679221
19392,0.18495297
19393,0.08873879
19394,0.020222878
19395,0.05411681
19396,0.043102335
19397,0.105788395
19398,0.17189927
19399,0.045391656
19400,0.16596149
19401,0.0837653
19402,0.08759386
19403,0.020969007
19404,0.024357501
19405,0.07217867
19406,0.090629995
19407,0.018726433
19408,0.13847785
19409,0.16740571
19410,0.15519191
19411,0.08706066
19412,0.036098763
19413,0.12042862
19414,0.17484483
19415,0.37690762
19416,0.07688264
19417,0.009602646
19418,0.0642688
19419,0.024783809
19420,0.00939453
19421,0.06824135
19422,0.53306794
19423,0.039786644
19424,0.11204699
19425,0.43323827
19426,0.26847893
19427,0.01311819
19428,0.010349563
19429,0.056930862
19430,0.06418416
19431,0.26667416
19432,0.1838922
19433,0.098654695
19434,0.10062186
19435,0.25499824
19436,0.1601085
19437,0.14840068
19438,0.26539582
19439,0.3806758
19440,0.10081284
19441,0.05602194
19442,0.088088706
19443,0.06493274
19444,0.2721609
19445,0.8408358
19446,0.051654313
19447,0.30366614
19448,0.05326964
19449,0.19411764
19450,0.060960755
19451,0.09540906
19452,0.02375384
19453,0.054634377
19454,0.006140744
19455,0.44177696
19456,0.13134338
19457,0.09333023
19458,0.27318823
19459,0.15622893
19460,0.27663368
19461,0.28599226
19462,0.34689033
19463,0.031565145
19464,0.16066128
19465,0.23032607
19466,0.12481146
19467,0.91132295
19468,0.4184589
19469,0.32556346
19470,0.024523051
19471,0.24958068
19472,0.064041294
19473,0.021825284
19474,0.012418191
19475,0.073026255
19476,0.011862222
19477,0.02848599
19478,0.070769645
19479,0.1099707
19480,0.11057339
19481,0.13386959
19482,0.09586932
19483,0.30748037
19484,0.22254811
19485,0.030004522
19486,0.11194555
19487,0.17456727
19488,0.01962048
19489,0.06440491
19490,0.9342479
19491,0.9453774
19492,0.61821014
19493,0.0064280247
19494,0.015408567
19495,0.08449575
19496,0.37839264
19497,0.086106926
19498,0.018377205
19499,0.06623416
19500,0.007621593
19501,0.013703735
19502,0.06432892
19503,0.070406675
19504,0.06991718
19505,0.012421258
19506,0.21514808
19507,0.017932756
19508,0.03594256
19509,0.13474254
19510,0.119596966
19511,0.06524434
19512,0.054958135
19513,0.34840128
19514,0.20715351
19515,0.02629154
19516,0.11969823
19517,0.10617478
19518,0.1066667
19519,0.9436921
19520,0.9340009
19521,0.6501603
19522,0.06753078
19523,0.028284753
19524,0.010348537
19525,0.29939365
19526,0.087480664
19527,0.19688304
19528,0.05024441
19529,0.09911403
19530,0.022258265
19531,0.09599857
19532,0.12044872
19533,0.16022228
19534,0.13741292
19535,0.5023299
19536,0.40624005
19537,0.26285356
19538,0.16985247
19539,0.093248606
19540,0.069575764
19541,0.12772836
19542,0.051869832
19543,0.04059044
19544,0.02663885
19545,0.13178939
19546,0.13955513
19547,0.065828174
19548,0.09478774
19549,0.025528982
19550,0.9808994
19551,0.92563105
19552,0.87488097
19553,0.10079845
19554,0.043691292
19555,0.24167843
19556,0.011830074
19557,0.39940444
19558,0.03233268
19559,0.02094245
19560,0.022255097
19561,0.04495769
19562,0.11403385
19563,0.058741122
19564,0.3961061
19565,0.93519133
19566,0.080754854
19567,0.12140989
19568,0.109748006
19569,0.15417127
19570,0.07734945
19571,0.29563266
19572,0.23719668
19573,0.034081105
19574,0.09477633
19575,0.11407212
19576,0.11281362
19577,0.047501348
19578,0.025882227
19579,0.29230285
19580,0.27526078
19581,0.16767088
19582,0.070806675
19583,0.11504738
19584,0.068810366
19585,0.2830703
19586,0.032552913
19587,0.05039276
19588,0.050985307
19589,0.022265539
19590,0.024743196
19591,0.05341962
19592,0.05040922
19593,0.18512002
19594,0.84524363
19595,0.26466253
19596,0.17127067
19597,0.13873743
19598,0.18069538
19599,0.1666909
19600,0.5603309
19601,0.101912975
19602,0.030998133
19603,0.040866133
19604,0.03467365
19605,0.1469088
19606,0.14946553
19607,0.23199849
19608,0.47640073
19609,0.23102987
19610,0.1519402
19611,0.9254623
19612,0.14338979
19613,0.01909912
19614,0.13859415
19615,0.266399
19616,0.022368295
19617,0.055536788
19618,0.2891763
19619,0.06997124
19620,0.043102276
19621,0.044734392
19622,0.05510601
19623,0.25644293
19624,0.39587593
19625,0.27009436
19626,0.47431773
19627,0.45130304
19628,0.1558838
19629,0.13227174
19630,0.38934678
19631,0.025618484
19632,0.1660646
19633,0.08995057
19634,0.056298297
19635,0.4526938
19636,0.276594
19637,0.059409603
19638,0.50284594
19639,0.4402797
19640,0.08677692
19641,0.11226922
19642,0.08104013
19643,0.046999097
19644,0.013993552
19645,0.015806345
19646,0.037276085
19647,0.07163668
19648,0.09507981
19649,0.11166961
19650,0.14786105
19651,0.31785643
19652,0.92500615
19653,0.41430998
19654,0.41100663
19655,0.5768514
19656,0.11959098
19657,0.07425926
19658,0.07302453
19659,0.15477449
19660,0.28139192
19661,0.078944616
19662,0.028421946
19663,0.06387581
19664,0.12582855
19665,0.020134324
19666,0.0048759943
19667,0.051840257
19668,0.105319105
19669,0.022214418
19670,0.017283594
19671,0.040984396
19672,0.01957476
19673,0.0133260265
19674,0.03721242
19675,0.07976045
19676,0.06332852
19677,0.101416625
19678,0.26616475
19679,0.17070061
19680,0.24261805
19681,0.76456076
19682,0.6668272
19683,0.2824446
19684,0.11471137
19685,0.04667631
19686,0.023908554
19687,0.058002654
19688,0.11180154
19689,0.017886842
19690,0.009504585
19691,0.9409139
19692,0.055279575
19693,0.019801432
19694,0.067003734
19695,0.0544441
19696,0.11255745
19697,0.04275612
19698,0.053278357
19699,0.042248335
19700,0.020135997
19701,0.020484895
19702,0.035554398
19703,0.0967564
19704,0.1315454
19705,0.5143787
19706,0.41437715
19707,0.24331866
19708,0.9027518
19709,0.44895247
19710,0.46588358
19711,0.26267803
19712,0.04325177
19713,0.031475864
19714,0.037800565
19715,0.05398777
19716,0.05198687
19717,0.041166298
19718,0.06557636
19719,0.44897127
19720,0.097942926
19721,0.3691748
19722,0.033723563
19723,0.105606526
19724,0.12179506
19725,0.13476644
19726,0.17432839
19727,0.047665104
19728,0.034050535
19729,0.011295563
19730,0.050578043
19731,0.15234964
19732,0.8219677
19733,0.45084244
19734,0.55211085
19735,0.17238657
19736,0.26467112
19737,0.15921997
19738,0.112037286
19739,0.039531745
19740,0.022987003
19741,0.010963961
19742,0.040853776
19743,0.031063324
19744,0.12505448
19745,0.13391773
19746,0.066429295
19747,0.2810202
19748,0.02814226
19749,0.076361746
19750,0.28208798
19751,0.044821143
19752,0.014350638
19753,0.014892214
19754,0.121979676
19755,0.25574487
19756,0.03205759
19757,0.0043168417
19758,0.24809824
19759,0.2727547
19760,0.08852376
19761,0.13669156
19762,0.0318126
19763,0.09230905
19764,0.081273496
19765,0.041905783
19766,0.12592407
19767,0.11846174
19768,0.043128543
19769,0.025359854
19770,0.22965385
19771,0.017073918
19772,0.09481367
19773,0.03934351
19774,0.14156134
19775,0.04486726
19776,0.056355637
19777,0.010941103
19778,0.053363994
19779,0.19908097
19780,0.33596963
19781,0.5449572
19782,0.09210751
19783,0.01900944
19784,0.028048418
19785,0.056523915
19786,0.015893716
19787,0.07308596
19788,0.16514243
19789,0.014920441
19790,0.02655466
19791,0.01629359
19792,0.019476447
19793,0.014244306
19794,0.030237118
19795,0.09215667
19796,0.10491223
19797,0.42702293
19798,0.016981352
19799,0.019972023
19800,0.037311062
19801,0.09191384
19802,0.10977927
19803,0.40406284
19804,0.108500026
19805,0.13657531
19806,0.039464567
19807,0.08462596
19808,0.14221707
19809,0.05432351
19810,0.01866039
19811,0.009147816
19812,0.26818094
19813,0.01088452
19814,0.030524917
19815,0.14800124
19816,0.07551037
19817,0.048418507
19818,0.024738437
19819,0.035704516
19820,0.08234931
19821,0.28213128
19822,0.039318394
19823,0.022515554
19824,0.0347678
19825,0.046138614
19826,0.06611874
19827,0.1685504
19828,0.0735595
19829,0.2742143
19830,0.094845
19831,0.03067101
19832,0.050137814
19833,0.054837648
19834,0.031659033
19835,0.2641979
19836,0.14061545
19837,0.021965817
19838,0.1136479
19839,0.058149874
19840,0.009574375
19841,0.011447413
19842,0.3942603
19843,0.70537376
19844,0.23747362
19845,0.11348473
19846,0.09247579
19847,0.054221753
19848,0.044301894
19849,0.11381399
19850,0.09816989
19851,0.13514963
19852,0.9122502
19853,0.019434176
19854,0.079002686
19855,0.017840646
19856,0.08891069
19857,0.08091143
19858,0.020243522
19859,0.04264469
19860,0.14501573
19861,0.31403008
19862,0.0765228
19863,0.13654429
19864,0.024744883
19865,0.05090405
19866,0.012684457
19867,0.027777579
19868,0.102620706
19869,0.035466667
19870,0.027258344
19871,0.0049264794
19872,0.06835088
19873,0.061752222
19874,0.027198302
19875,0.017835723
19876,0.06423261
19877,0.018145002
19878,0.159503
19879,0.042945318
19880,0.035184532
19881,0.084397875
19882,0.110503405
19883,0.021254783
19884,0.05851959
19885,0.88474786
19886,0.06604183
19887,0.12915789
19888,0.051956493
19889,0.043013558
19890,0.057735294
19891,0.053146478
19892,0.016577363
19893,0.022641592
19894,0.2931106
19895,0.03311424
19896,0.0069887554
19897,0.018578088
19898,0.010293607
19899,0.054021444
19900,0.12475337
19901,0.022506133
19902,0.006179441
19903,0.12223102
19904,0.042613313
19905,0.025109436
19906,0.0057843337
19907,0.053799484
19908,0.19345617
19909,0.028658293
19910,0.0060747955
19911,0.020910766
19912,0.01583505
19913,0.05263724
19914,0.033201
19915,0.15496966
19916,0.076253474
19917,0.018517418
19918,0.01712406
19919,0.06461096
19920,0.25693512
19921,0.09700385
19922,0.078499794
19923,0.072464384
19924,0.03035319
19925,0.058098465
19926,0.017459247
19927,0.15200076
19928,0.1754631
19929,0.31472957
19930,0.0062655048
19931,0.012701271
19932,0.017692331
19933,0.011750712
19934,0.018815394
19935,0.016524646
19936,0.021274103
19937,0.010431859
19938,0.018114572
19939,0.017424585
19940,0.024562098
19941,0.056104567
19942,0.058201008
19943,0.11781709
19944,0.13197781
19945,0.25980476
19946,0.029618034
19947,0.017051045
19948,0.025056554
19949,0.02707009
19950,0.0093323095
19951,0.021043366
19952,0.029152395
19953,0.013555356
19954,0.012199602
19955,0.007552668
19956,0.007293878
19957,0.06890351
19958,0.02488498
19959,0.03998166
19960,0.015786935
19961,0.050583165
19962,0.016042134
19963,0.016611611
19964,0.010827186
19965,0.10523223
19966,0.03194938
19967,0.057940472
19968,0.011432672
19969,0.03234053
19970,0.010770344
19971,0.018148858
19972,0.10728027
19973,0.010325877
19974,0.2670565
19975,0.06332359
19976,0.06488062
19977,0.065329015
19978,0.09423175
19979,0.02474059
19980,0.015696736
19981,0.09147394
19982,0.019625543
19983,0.0916269
19984,0.15411147
19985,0.019200444
19986,0.024148172
19987,0.033777542
19988,0.03707288
19989,0.030232761
19990,0.013445978
19991,0.006927432
19992,0.016354525
19993,0.014775421
19994,0.010881812
19995,0.04129018
19996,0.012952083
19997,0.0671042
19998,0.06270486
19999,0.1539346
20000,0.01933903
20001,0.0058068098
20002,0.015635822
20003,0.019178353
20004,0.060165323
20005,0.021907138
20006,0.017709052
20007,0.03269449
20008,0.034399375
20009,0.01032158
20010,0.03134129
20011,0.118660726
20012,0.15764888
20013,0.008892946
20014,0.09319018
20015,0.020185381
20016,0.031182569
20017,0.048618663
20018,0.025238024
20019,0.037696805
20020,0.052835338
20021,0.040194467
20022,0.095977955
20023,0.033152077
20024,0.02899438
20025,0.10443916
20026,0.036224365
20027,0.062873244
20028,0.043255564
20029,0.12837847
20030,0.22079232
20031,0.25165337
20032,0.42184576
20033,0.08177851
20034,0.2452156
20035,0.05300903
20036,0.07765196
20037,0.03603654
20038,0.016636139
20039,0.11968988
20040,0.031033758
20041,0.60134435
20042,0.1376174
20043,0.036730096
20044,0.12798251
20045,0.050406933
20046,0.012990394
20047,0.05120414
20048,0.035609633
20049,0.018370265
20050,0.09556846
20051,0.11718803
20052,0.430965
20053,0.4211379
20054,0.04066923
20055,0.116868906
20056,0.24643044
20057,0.021038515
20058,0.0554449
20059,0.043391574
20060,0.06862464
20061,0.07526118
20062,0.39538237
20063,0.116608344
20064,0.13025258
20065,0.3865639
20066,0.3669809
20067,0.06425514
20068,0.3077454
20069,0.047884464
20070,0.05687027
20071,0.039798122
20072,0.054399606
20073,0.08709394
20074,0.09183681
20075,0.032913778
20076,0.03482958
20077,0.05735157
20078,0.40985116
20079,0.048419442
20080,0.033191502
20081,0.061411705
20082,0.058907475
20083,0.07696541
20084,0.031109601
20085,0.10134052
20086,0.028710533
20087,0.057824783
20088,0.25033543
20089,0.14741722
20090,0.02082196
20091,0.04655603
20092,0.01615228
20093,0.016151177
20094,0.015430382
20095,0.33872244
20096,0.10924438
20097,0.059394214
20098,0.27628472
20099,0.46193984
20100,0.006826477
20101,0.091311306
20102,0.05755326
20103,0.013777291
20104,0.019121869
20105,0.017936071
20106,0.044574093
20107,0.01107932
20108,0.05509696
20109,0.06498167
20110,0.09097734
20111,0.24337465
20112,0.42622116
20113,0.11315493
20114,0.04771891
20115,0.007623081
20116,0.030013755
20117,0.036442667
20118,0.28010172
20119,0.052418727
20120,0.047177825
20121,0.04122011
20122,0.2518277
20123,0.2791881
20124,0.057418186
20125,0.07533848
20126,0.02055395
20127,0.02269905
20128,0.052935466
20129,0.068321094
20130,0.029866043
20131,0.11750962
20132,0.16368203
20133,0.10042587
20134,0.11430672
20135,0.07400074
20136,0.034298383
20137,0.03613773
20138,0.035923045
20139,0.04604967
20140,0.094127975
20141,0.06464752
20142,0.23578262
20143,0.018521672
20144,0.04564218
20145,0.036569297
20146,0.025142575
20147,0.022537269
20148,0.027898915
20149,0.056771643
20150,0.016802471
20151,0.07775017
20152,0.17859896
20153,0.25927377
20154,0.046899986
20155,0.048547324
20156,0.040424775
20157,0.10121655
20158,0.06344243
20159,0.066713065
20160,0.031913683
20161,0.14853515
20162,0.034616448
20163,0.027945809
20164,0.037573934
20165,0.005565952
20166,0.06952784
20167,0.08367491
20168,0.26902086
20169,0.24806845
20170,0.23477253
20171,0.076168284
20172,0.051167015
20173,0.022232767
20174,0.0636815
20175,0.057900805
20176,0.010818403
20177,0.12945943
20178,0.05411064
20179,0.5227565
20180,0.12079241
20181,0.023870073
20182,0.118088454
20183,0.057795346
20184,0.048451986
20185,0.020283332
20186,0.02021298
20187,0.010040072
20188,0.06741398
20189,0.02415974
20190,0.022313563
20191,0.09445668
20192,0.05287545
20193,0.09458166
20194,0.07775984
20195,0.13030669
20196,0.35248348
20197,0.42067343
20198,0.16193627
20199,0.029694926
20200,0.08987788
20201,0.021917362
20202,0.051348567
20203,0.026012735
20204,0.00974857
20205,0.0827387
20206,0.06091562
20207,0.123627685
20208,0.042759478
20209,0.10804286
20210,0.044397518
20211,0.065438144
20212,0.03119969
20213,0.019261278
20214,0.02178132
20215,0.13778411
20216,0.012007311
20217,0.031607047
20218,0.076074906
20219,0.035709802
20220,0.011286732
20221,0.027240522
20222,0.043977547
20223,0.07017573
20224,0.08752911
20225,0.13426727
20226,0.11200962
20227,0.16924551
20228,0.24265802
20229,0.2532461
20230,0.016458381
20231,0.111517414
20232,0.06306163
20233,0.010161854
20234,0.04609849
20235,0.09152902
20236,0.057977132
20237,0.03900699
20238,0.055119965
20239,0.086736225
20240,0.033953328
20241,0.06676511
20242,0.02350218
20243,0.02741163
20244,0.084131636
20245,0.020553108
20246,0.04706364
20247,0.10463462
20248,0.07412024
20249,0.14423071
20250,0.32611436
20251,0.11562095
20252,0.2468395
20253,0.07106398
20254,0.08458246
20255,0.0882429
20256,0.10684485
20257,0.07006585
20258,0.022365302
20259,0.27494714
20260,0.07337814
20261,0.08285042
20262,0.06584205
20263,0.07677987
20264,0.019370308
20265,0.01940818
20266,0.027488837
20267,0.04870307
20268,0.28427354
20269,0.06942106
20270,0.058105938
20271,0.118510745
20272,0.76294214
20273,0.12798592
20274,0.019013222
20275,0.122776926
20276,0.0712433
20277,0.26866996
20278,0.2129308
20279,0.089164816
20280,0.010574574
20281,0.021273836
20282,0.055633545
20283,0.043169554
20284,0.10636004
20285,0.15643592
20286,0.044737596
20287,0.26914212
20288,0.08239737
20289,0.004205814
20290,0.08862868
20291,0.019603966
20292,0.06603791
20293,0.090052664
20294,0.019108761
20295,0.13891195
20296,0.15030868
20297,0.2568849
20298,0.08713693
20299,0.031887874
20300,0.12659617
20301,0.27171987
20302,0.19017436
20303,0.07481814
20304,0.059730206
20305,0.023638735
20306,0.009536343
20307,0.06489349
20308,0.46748862
20309,0.04065037
20310,0.107536554
20311,0.40109715
20312,0.27123258
20313,0.011214405
20314,0.01831536
20315,0.010952632
20316,0.054375786
20317,0.061882198
20318,0.26181448
20319,0.45580482
20320,0.10291577
20321,0.10099464
20322,0.26914608
20323,0.15616018
20324,0.1422718
20325,0.25877312
20326,0.37494627
20327,0.09531374
20328,0.057166353
20329,0.088339224
20330,0.068664275
20331,0.27382457
20332,0.90473056
20333,0.008337759
20334,0.054982714
20335,0.3030415
20336,0.05172572
20337,0.23437232
20338,0.021030968
20339,0.060617033
20340,0.08995482
20341,0.019861188
20342,0.055994265
20343,0.3082344
20344,0.12756044
20345,0.09441468
20346,0.1657314
20347,0.14902386
20348,0.26336497
20349,0.4301283
20350,0.20271598
20351,0.029396541
20352,0.16260578
20353,0.23443736
20354,0.12357139
20355,0.8306933
20356,0.45997027
20357,0.4098822
20358,0.0062521445
20359,0.026497085
20360,0.25098866
20361,0.063902564
20362,0.03187614
20363,0.020112252
20364,0.07214774
20365,0.005822621
20366,0.008943231
20367,0.012481924
20368,0.028610634
20369,0.067877226
20370,0.10268477
20371,0.108576976
20372,0.12632982
20373,0.093712844
20374,0.35621297
20375,0.23652613
20376,0.030158844
20377,0.10852448
20378,0.19328442
20379,0.019248031
20380,0.06620978
20381,0.91601
20382,1.0062909
20383,0.6332978
20384,0.028207049
20385,0.0862075
20386,0.43873388
20387,0.08210164
20388,0.019875897
20389,0.06489881
20390,0.014262577
20391,0.06536042
20392,0.07564271
20393,0.070215076
20394,0.015102646
20395,0.2193428
20396,0.020031631
20397,0.037499167
20398,0.12115837
20399,0.12092229
20400,0.06439018
20401,0.056054734
20402,0.35373956
20403,0.23360538
20404,0.028250514
20405,0.12594344
20406,0.10292848
20407,0.10897108
20408,0.965026
20409,0.98030365
20410,0.66583794
20411,0.019083025
20412,0.063908264
20413,0.031607494
20414,0.282432
20415,0.08457229
20416,0.26787898
20417,0.04380802
20418,0.1000636
20419,0.026050223
20420,0.09698108
20421,0.124944955
20422,0.15564628
20423,0.13685302
20424,0.49322876
20425,0.4206744
20426,0.25677335
20427,0.15031065
20428,0.094732314
20429,0.070695475
20430,0.12587455
20431,0.052801486
20432,0.041951556
20433,0.13235837
20434,0.14084448
20435,0.06880454
20436,0.2081995
20437,0.025901817
20438,0.92328507
20439,1.016834
20440,0.95821536
20441,0.10217489
20442,0.04526328
20443,0.24472927
20444,0.011887464
20445,0.42203844
20446,0.030607805
20447,0.021539131
20448,0.023562524
20449,0.048847266
20450,0.11484518
20451,0.059357055
20452,0.41582832
20453,0.92083204
20454,0.0786772
20455,0.11508838
20456,0.10594182
20457,0.25727075
20458,0.079712726
20459,0.14926155
20460,0.22972517
20461,0.032852657
20462,0.0885553
20463,0.117217034
20464,0.1038495
20465,0.04690061
20466,0.026376378
20467,0.2963761
20468,0.27031893
20469,0.15977196
20470,0.06965609
20471,0.029506203
20472,0.11286537
20473,0.07930436
20474,0.19246975
20475,0.032414593
20476,0.04931946
20477,0.052161485
20478,0.022116331
20479,0.022825241
20480,0.05428982
20481,0.0498796
20482,0.47522232
20483,0.83462745
20484,0.38406214
20485,0.2795644
20486,0.12953204
20487,0.16824006
20488,0.16764359
20489,0.5160235
20490,0.08354913
20491,0.040971022
20492,0.033356994
20493,0.16392377
20494,0.15611961
20495,0.11741094
20496,0.29634157
20497,0.42781878
20498,0.15756053
20499,0.9976119
20500,0.1434155
20501,0.019639423
20502,0.13440633
20503,0.27989143
20504,0.024857141
20505,0.06075341
20506,0.29388693
20507,0.072732106
20508,0.043085825
20509,0.043881003
20510,0.058253247
20511,0.15069105
20512,0.39975393
20513,0.27019328
20514,0.50930667
20515,0.29282406
20516,0.15192074
20517,0.15166661
20518,0.38205943
20519,0.26166296
20520,0.08826113
20521,0.054079972
20522,0.31217197
20523,0.18072054
20524,0.060428858
20525,0.56131184
20526,0.27392146
20527,0.0070909965
20528,0.085817575
20529,0.114488184
20530,0.081271954
20531,0.048619732
20532,0.015466228
20533,0.03192662
20534,0.07395288
20535,0.093024425
20536,0.110516265
20537,0.14775215
20538,0.42234853
20539,0.87269074
20540,0.43265378
20541,0.40957484
20542,0.49914593
20543,0.13265873
20544,0.07663576
20545,0.07136605
20546,0.15214235
20547,0.17876624
20548,0.079302505
20549,0.029136283
20550,0.06364148
20551,0.12884308
20552,0.019654706
20553,0.004714644
20554,0.049512416
20555,0.10790299
20556,0.021006484
20557,0.041053236
20558,0.014379899
20559,0.036880575
20560,0.08075999
20561,0.064597234
20562,0.10011925
20563,0.45041832
20564,0.2778547
20565,0.1352622
20566,0.6956816
20567,0.65283424
20568,0.27701053
20569,0.10755136
20570,0.04827905
20571,0.020829607
20572,0.056764096
20573,0.111172505
20574,0.010668388
20575,0.009915641
20576,0.031990215
20577,0.9674339
20578,0.054241166
20579,0.017918304
20580,0.06437393
20581,0.05431406
20582,0.11429622
20583,0.04365683
20584,0.05276671
20585,0.01867106
20586,0.046830423
20587,0.019436933
20588,0.019606458
20589,0.035762873
20590,0.08678228
20591,0.1272639
20592,0.5480439
20593,0.39445993
20594,0.25324824
20595,0.93707424
20596,0.41841584
20597,0.5111168
20598,0.2581392
20599,0.030435627
20600,0.037043016
20601,0.054780953
20602,0.051943142
20603,0.016514832
20604,0.040704273
20605,0.06689438
20606,0.4772333
20607,0.09245418
20608,0.20545794
20609,0.03254046
20610,0.104397066
20611,0.117719494
20612,0.13161662
20613,0.16759856
20614,0.051523883
20615,0.00986574
20616,0.050190434
20617,0.15814804
20618,0.78980774
20619,0.1682524
20620,0.5900276
20621,0.2661896
20622,0.27209738
20623,0.17015633
20624,0.11127025
20625,0.041787963
20626,0.011435778
20627,0.04133216
20628,0.031568132
20629,0.126079
20630,0.1344445
20631,0.06323739
20632,0.20043838
20633,0.027768057
20634,0.07842813
20635,0.010846035
20636,0.42496258
20637,0.04329
20638,0.010603663
20639,0.01302852
20640,0.123718
20641,0.31836733
20642,0.035445068
20643,0.0045746667
20644,0.24490705
20645,0.26787418
20646,0.08883577
20647,0.113678865
20648,0.03404943
20649,0.09496414
20650,0.0828045
20651,0.042861104
20652,0.12775248
20653,0.12088924
20654,0.04198587
20655,0.020986918
20656,0.010639562
20657,0.12059001
20658,0.016768025
20659,0.092427306
20660,0.007044796
20661,0.039557714
20662,0.14021069
20663,0.04559679
20664,0.051602278
20665,0.010097815
20666,0.052879952
20667,0.15606055
20668,0.42227972
20669,0.5663633
20670,0.088441014
20671,0.01138268
20672,0.028708842
20673,0.059292387
20674,0.017079387
20675,0.07330641
20676,0.14861214
20677,0.015582347
20678,0.025830768
20679,0.017425187
20680,0.033630952
20681,0.019823331
20682,0.028876629
20683,0.090110004
20684,0.10710593
20685,0.4201689
20686,0.015252047
20687,0.019311497
20688,0.118774
20689,0.093537346
20690,0.115382224
20691,0.41312802
20692,0.10882802
20693,0.014776489
20694,0.13979633
20695,0.039142977
20696,0.01649321
20697,0.08441815
20698,0.14222579
20699,0.05777094
20700,0.01870704
20701,0.009424881
20702,0.25777835
20703,0.02846915
20704,0.017603425
20705,0.030097878
20706,0.14214575
20707,0.0774292
20708,0.049024448
20709,0.025398776
20710,0.031998742
20711,0.08694521
20712,0.27968866
20713,0.041309033
20714,0.0054426664
20715,0.022044413
20716,0.03513278
20717,0.04749569
20718,0.06718787
20719,0.27082846
20720,0.07264862
20721,0.2788258
20722,0.09382039
20723,0.032826785
20724,0.017786004
20725,0.05407313
20726,0.055505004
20727,0.03364047
20728,0.17086914
20729,0.017339975
20730,0.15009975
20731,0.019239822
20732,0.11031678
20733,0.060016036
20734,0.010896852
20735,0.41625735
20736,0.7407286
20737,0.12739693
20738,0.092746094
20739,0.017622134
20740,0.10041139
20741,0.05140745
20742,0.045963153
20743,0.1072924
20744,0.09142039
20745,0.09817949
20746,0.9166449
20747,0.020778112
20748,0.080711186
20749,0.08256374
20750,0.08045621
20751,0.019803079
20752,0.04198724
20753,0.14017776
20754,0.49913797
20755,0.07659601
20756,0.13836068
20757,0.021266714
20758,0.054038852
20759,0.011537205
20760,0.026586317
20761,0.10065182
20762,0.035348646
20763,0.027973486
20764,0.06991788
20765,0.059889268
20766,0.029786054
20767,0.06273077
20768,0.01581618
20769,0.0183964
20770,0.16184434
20771,0.046175074
20772,0.044703607
20773,0.016703121
20774,0.03756767
20775,0.08252819
20776,0.1106488
20777,0.022835977
20778,0.05643963
20779,0.96061814
20780,0.067204334
20781,0.117222846
20782,0.043273088
20783,0.055343702
20784,0.053848717
20785,0.016832104
20786,0.022068249
20787,0.42328605
20788,0.032998398
20789,0.008904085
20790,0.01591226
20791,0.055114828
20792,0.117828034
20793,0.022318557
20794,0.010330767
20795,0.11773408
20796,0.04607099
20797,0.025026353
20798,0.055626642
20799,0.21034281
20800,0.029831687
20801,0.023012001
20802,0.020988446
20803,0.015591665
20804,0.05429601
20805,0.036092263
20806,0.16117999
20807,0.07554404
20808,0.016968312
20809,0.017322902
20810,0.0070138
20811,0.06542054
20812,0.25559634
20813,0.10083887
20814,0.07792084
20815,0.06933553
20816,0.03131034
20817,0.055641506
20818,0.018419446
20819,0.1524408
20820,0.26373735
20821,0.12936105
20822,0.010321179
20823,0.01697455
20824,0.015187225
20825,0.016140547
20826,0.02141713
20827,0.011867202
20828,0.007961267
20829,0.018633718
20830,0.009500754
20831,0.009438635
20832,0.022555124
20833,0.05487575
20834,0.056381878
20835,0.11471357
20836,0.014573695
20837,0.13114153
20838,0.009981631
20839,0.26790646
20840,0.008748668
20841,0.013834885
20842,0.029721789
20843,0.019691877
20844,0.025166528
20845,0.027020857
20846,0.019128833
20847,0.029649166
20848,0.06590673
20849,0.028527979
20850,0.03991698
20851,0.05263279
20852,0.01584641
20853,0.008818478
20854,0.018964203
20855,0.011363216
20856,0.10059084
20857,0.033087023
20858,0.056426905
20859,0.013302799
20860,0.032891296
20861,0.01861358
20862,0.1036764
20863,0.010950667
20864,0.01184091
20865,0.38332728
20866,0.063640736
20867,0.06267043
20868,0.09347754
20869,0.025995614
20870,0.01575732
20871,0.09200636
20872,0.019601215
20873,0.09123265
20874,0.14260946
20875,0.018484931
20876,0.026663704
20877,0.035390213
20878,0.03693583
20879,0.029033687
20880,0.02796269
20881,0.014557051
20882,0.010659518
20883,0.03881284
20884,0.014298907
20885,0.06951947
20886,0.06335774
20887,0.029271914
20888,0.006813179
20889,0.16206428
20890,0.020620815
20891,0.025418308
20892,0.029458947
20893,0.015336265
20894,0.019389858
20895,0.063362524
20896,0.023939647
20897,0.012024955
20898,0.032167986
20899,0.033706445
20900,0.03222405
20901,0.13435441
20902,0.1526542
20903,0.02130473
20904,0.09687849
20905,0.022189474
20906,0.037460066
20907,0.055532366
20908,0.029138844
20909,0.030068083
20910,0.030780192
20911,0.03938803
20912,0.096312426
20913,0.039352693
20914,0.10176646
20915,0.037290655
20916,0.05995335
20917,0.03865787
20918,0.24513279
20919,0.32273784
20920,0.15504023
20921,0.054022785
20922,0.2671899
20923,0.084860556
20924,0.23518059
20925,0.051739097
20926,0.017389935
20927,0.0786092
20928,0.013524739
20929,0.03773582
20930,0.016554028
20931,0.102755256
20932,0.03279741
20933,0.60051763
20934,0.12213898
20935,0.12524599
20936,0.05182705
20937,0.013130934
20938,0.029818226
20939,0.052804094
20940,0.030543648
20941,0.031016799
20942,0.09805703
20943,0.11390275
20944,0.3763681
20945,0.44268683
20946,0.04051698
20947,0.05804558
20948,0.10641055
20949,0.43616804
20950,0.055990364
20951,0.04211987
20952,0.0656605
20953,0.03195715
20954,0.37481567
20955,0.11416087
20956,0.114052586
20957,0.4200293
20958,0.105177656
20959,0.4365281
20960,0.06593613
20961,0.49098405
20962,0.047953606
20963,0.05855766
20964,0.039812777
20965,0.053671148
20966,0.083892144
20967,0.09206446
20968,0.08376116
20969,0.031870168
20970,0.056022253
20971,0.48526546
20972,0.04410602
20973,0.030513141
20974,0.06517345
20975,0.061229564
20976,0.07665326
20977,0.028970964
20978,0.03476909
20979,0.085450724
20980,0.028078374
20981,0.054843366
20982,0.24533993
20983,0.053093582
20984,0.1525006
20985,0.019505706
20986,0.046797957
20987,0.03921262
20988,0.016654324
20989,0.37511462
20990,0.10456787
20991,0.06401621
20992,0.20153044
20993,0.45730698
20994,0.08951721
20995,0.058477174
20996,0.013547197
20997,0.01849847
20998,0.01632603
20999,0.005766895
21000,0.040414494
21001,0.009265281
21002,0.05692009
21003,0.064113796
21004,0.09104562
21005,0.16415818
21006,0.28361014
21007,0.11350445
21008,0.0451621
21009,0.02752219
21010,0.027946776
21011,0.035095528
21012,0.27566954
21013,0.023026947
21014,0.052170515
21015,0.0484367
21016,0.036557324
21017,0.029640913
21018,0.11405956
21019,0.3269979
21020,0.055625692
21021,0.07548979
21022,0.019426757
21023,0.022840336
21024,0.051029354
21025,0.06894228
21026,0.029377852
21027,0.01720644
21028,0.11689966
21029,0.16133666
21030,0.09959051
21031,0.11714277
21032,0.06932338
21033,0.009569004
21034,0.032538507
21035,0.034519423
21036,0.034588944
21037,0.042956974
21038,0.09757192
21039,0.06502156
21040,0.23499057
21041,0.015541466
21042,0.04215986
21043,0.034006618
21044,0.020962432
21045,0.020923624
21046,0.027417267
21047,0.05422142
21048,0.02423863
21049,0.07541896
21050,0.16759117
21051,0.22756411
21052,0.044031784
21053,0.046271224
21054,0.041565146
21055,0.10043405
21056,0.06060768
21057,0.015403133
21058,0.06674934
21059,0.0307553
21060,0.14883922
21061,0.03219139
21062,0.029433427
21063,0.034145534
21064,0.0062043406
21065,0.1509683
21066,0.082220525
21067,0.264214
21068,0.24075118
21069,0.31541103
21070,0.07662487
21071,0.05013922
21072,0.022608118
21073,0.06293353
21074,0.05282905
21075,0.009584231
21076,0.13663279
21077,0.054658648
21078,0.617603
21079,0.11546998
21080,0.022809368
21081,0.11586462
21082,0.05538011
21083,0.04705006
21084,0.020335749
21085,0.018070437
21086,0.009638735
21087,0.0129320705
21088,0.06539007
21089,0.023823548
21090,0.021939952
21091,0.10042657
21092,0.053223446
21093,0.09127065
21094,0.075530685
21095,0.12596105
21096,0.24973571
21097,0.42059207
21098,0.07475216
21099,0.02808294
21100,0.09239182
21101,0.017592592
21102,0.050539937
21103,0.024200596
21104,0.009249576
21105,0.08396865
21106,0.061440967
21107,0.12829635
21108,0.04324404
21109,0.1036069
21110,0.04299142
21111,0.06431984
21112,0.029787766
21113,0.01775281
21114,0.018524066
21115,0.24422145
21116,0.011389193
21117,0.030236423
21118,0.07564815
21119,0.032627687
21120,0.024553685
21121,0.040622395
21122,0.06760678
21123,0.09101081
21124,0.13399939
21125,0.11174077
21126,0.2761279
21127,0.24577622
21128,0.1470864
21129,0.014989795
21130,0.1208526
21131,0.06524699
21132,0.008442612
21133,0.044888668
21134,0.081003144
21135,0.02263337
21136,0.054557584
21137,0.035431772
21138,0.05480304
21139,0.08467262
21140,0.03514576
21141,0.066102155
21142,0.02375889
21143,0.017110843
21144,0.08466142
21145,0.016560795
21146,0.049121365
21147,0.10781124
21148,0.069288515
21149,0.15313214
21150,0.55363595
21151,0.11055089
21152,0.13317911
21153,0.06904051
21154,0.08053457
21155,0.08489058
21156,0.1108701
21157,0.066993535
21158,0.022480732
21159,0.19537371
21160,0.07426482
21161,0.079070546
21162,0.06876087
21163,0.080558605
21164,0.018814389
21165,0.027040917
21166,0.01873201
21167,0.023612427
21168,0.048457332
21169,0.2865071
21170,0.068995535
21171,0.05594442
21172,0.12008521
21173,0.82196254
21174,0.11974698
21175,0.020261556
21176,0.25215372
21177,0.07148905
21178,0.26702636
21179,0.26317254
21180,0.08408955
21181,0.05520168
21182,0.04310375
21183,0.104816236
21184,0.1583188
21185,0.043689508
21186,0.2691028
21187,0.08097983
21188,0.08746555
21189,0.018128878
21190,0.023376113
21191,0.07019923
21192,0.08606227
21193,0.016697552
21194,0.12942049
21195,0.15578185
21196,0.15211445
21197,0.08580486
21198,0.03620583
21199,0.12411207
21200,0.16557808
21201,0.3864885
21202,0.07774151
21203,0.010799276
21204,0.059802312
21205,0.02343248
21206,0.010048001
21207,0.06517406
21208,0.6811728
21209,0.039882038
21210,0.1212542
21211,0.41427958
21212,0.26597658
21213,0.014602424
21214,0.00996897
21215,0.054579254
21216,0.06053742
21217,0.25381294
21218,0.38545474
21219,0.010218807
21220,0.103589974
21221,0.0984471
21222,0.26331356
21223,0.1519011
21224,0.13365638
21225,0.1712689
21226,0.24617834
21227,0.107539766
21228,0.05707983
21229,0.08776031
21230,0.06395217
21231,0.2734992
21232,0.88681585
21233,0.006409096
21234,0.051063783
21235,0.3869035
21236,0.021588754
21237,0.051037915
21238,0.18643607
21239,0.058152556
21240,0.09270999
21241,0.01810365
21242,0.053904712
21243,0.007161155
21244,0.4202438
21245,0.12700891
21246,0.098098904
21247,0.26718834
21248,0.16236995
21249,0.26554513
21250,0.3889143
21251,0.31046322
21252,0.033468675
21253,0.16070165
21254,0.23346388
21255,0.12038236
21256,0.8753072
21257,0.31449667
21258,0.3957517
21259,0.0057149674
21260,0.02082213
21261,0.25026065
21262,0.065568104
21263,0.018960368
21264,0.013598007
21265,0.07214186
21266,0.004447292
21267,0.012280231
21268,0.027769992
21269,0.06906535
21270,0.10950835
21271,0.11985908
21272,0.1414891
21273,0.09498605
21274,0.32915425
21275,0.25029495
21276,0.029724248
21277,0.10678974
21278,0.27752727
21279,0.01856532
21280,0.06568258
21281,1.0113362
21282,0.9555602
21283,0.65893954
21284,0.029633274
21285,0.017688185
21286,0.08348607
21287,0.45364016
21288,0.08194671
21289,0.017523812
21290,0.065443836
21291,0.013631984
21292,0.062144704
21293,0.10297492
21294,0.06767331
21295,0.011486312
21296,0.40949506
21297,0.018496104
21298,0.035017353
21299,0.2429204
21300,0.11839085
21301,0.063300006
21302,0.054864388
21303,0.29461744
21304,0.17568167
21305,0.025421353
21306,0.11740792
21307,0.10258375
21308,0.10411103
21309,0.91729647
21310,0.9375405
21311,0.71739155
21312,0.016977394
21313,0.06886987
21314,0.030393874
21315,0.42141938
21316,0.08841376
21317,0.36222285
21318,0.052408863
21319,0.09667591
21320,0.024889244
21321,0.09487772
21322,0.11906482
21323,0.1603493
21324,0.15138324
21325,0.54433537
21326,0.3267521
21327,0.2548004
21328,0.14789018
21329,0.094350286
21330,0.06858879
21331,0.1269093
21332,0.05024954
21333,0.11467944
21334,0.24765421
21335,0.13538785
21336,0.06786712
21337,0.093304984
21338,0.02582268
21339,1.0071516
21340,0.8905889
21341,0.9339907
21342,0.09953762
21343,0.04406672
21344,0.23671168
21345,0.28074974
21346,0.023133246
21347,0.046005215
21348,0.108859025
21349,0.055461556
21350,0.39975503
21351,0.9930043
21352,0.07378581
21353,0.111291006
21354,0.1077892
21355,0.16219549
21356,0.07986142
21357,0.30567864
21358,0.2308914
21359,0.032490633
21360,0.0947773
21361,0.122146145
21362,0.1068963
21363,0.04662281
21364,0.026616119
21365,0.30275136
21366,0.27981877
21367,0.16143149
21368,0.06694167
21369,0.112902865
21370,0.07853739
21371,0.28185353
21372,0.0306498
21373,0.04923643
21374,0.04943917
21375,0.021207066
21376,0.050368868
21377,0.04857556
21378,0.37337837
21379,0.7673069
21380,0.3697224
21381,0.27621034
21382,0.12930635
21383,0.16128123
21384,0.14973591
21385,0.528165
21386,0.10623744
21387,0.04201402
21388,0.034110058
21389,0.14609486
21390,0.15622902
21391,0.118425
21392,0.29021108
21393,0.2614076
21394,0.25655544
21395,1.0020014
21396,0.24324
21397,0.017281288
21398,0.1371416
21399,0.2701884
21400,0.02227796
21401,0.05747814
21402,0.42852974
21403,0.069194674
21404,0.042227097
21405,0.041542172
21406,0.053471625
21407,0.15468374
21408,0.38170248
21409,0.40338016
21410,0.5005639
21411,0.28438747
21412,0.15154715
21413,0.15053594
21414,0.41844347
21415,0.023866227
21416,0.26666188
21417,0.08823013
21418,0.057685323
21419,0.42575008
21420,0.26738673
21421,0.05404168
21422,0.53984797
21423,0.27535024
21424,0.006894871
21425,0.08421518
21426,0.12091266
21427,0.08187414
21428,0.012816488
21429,0.014635736
21430,0.03146343
21431,0.06588814
21432,0.093218535
21433,0.10748101
21434,0.1475956
21435,0.32959154
21436,0.84955704
21437,0.40991905
21438,0.2018577
21439,0.56513995
21440,0.12602215
21441,0.018443365
21442,0.071567334
21443,0.06751704
21444,0.15047075
21445,0.2656749
21446,0.08545856
21447,0.027872492
21448,0.070884675
21449,0.124626756
21450,0.0038959996
21451,0.050889514
21452,0.10519592
21453,0.021116346
21454,0.01729734
21455,0.04083136
21456,0.020608915
21457,0.0119160125
21458,0.03486416
21459,0.0764902
21460,0.059583478
21461,0.09988735
21462,0.43824428
21463,0.17243683
21464,0.19998202
21465,0.7619757
21466,0.6856411
21467,0.32884306
21468,0.12448532
21469,0.046773363
21470,0.020434089
21471,0.057193596
21472,0.10947003
21473,0.01774509
21474,0.008880126
21475,0.029361777
21476,0.965458
21477,0.054791074
21478,0.018180914
21479,0.06650552
21480,0.05415664
21481,0.22770463
21482,0.051858336
21483,0.016554382
21484,0.044023722
21485,0.016544417
21486,0.009941323
21487,0.032579277
21488,0.09593672
21489,0.12673941
21490,0.5132793
21491,0.4161144
21492,0.24350913
21493,0.9098482
21494,0.41700366
21495,0.50009876
21496,0.26146352
21497,0.042132314
21498,0.035182133
21499,0.052060492
21500,0.05081191
21501,0.039198432
21502,0.06172554
21503,0.41576397
21504,0.19737309
21505,0.37517688
21506,0.029388748
21507,0.10850474
21508,0.118339814
21509,0.13420449
21510,0.16790809
21511,0.048817102
21512,0.029428255
21513,0.009418513
21514,0.045163907
21515,0.15768726
21516,0.7401125
21517,0.38543764
21518,0.53231734
21519,0.2653769
21520,0.27123895
21521,0.26241094
21522,0.110208385
21523,0.035721913
21524,0.013416164
21525,0.03970981
21526,0.030789504
21527,0.12227706
21528,0.13006526
21529,0.06353118
21530,0.27865997
21531,0.02687075
21532,0.07692098
21533,0.010499441
21534,0.19798742
21535,0.043456208
21536,0.012322672
21537,0.012450589
21538,0.12652265
21539,0.2458904
21540,0.031151861
21541,0.0055278745
21542,0.24804322
21543,0.15875968
21544,0.0889168
21545,0.1126797
21546,0.030873058
21547,0.09525995
21548,0.08043494
21549,0.03855354
21550,0.12694877
21551,0.116854325
21552,0.04059604
21553,0.024425017
21554,0.11706501
21555,0.01007475
21556,0.018114405
21557,0.09610034
21558,0.036437258
21559,0.15827024
21560,0.03655326
21561,0.051470265
21562,0.010785375
21563,0.054479625
21564,0.25704068
21565,0.42931613
21566,0.5639069
21567,0.09364373
21568,0.053773317
21569,0.0722985
21570,0.143177
21571,0.016646331
21572,0.026917556
21573,0.015912075
21574,0.030958842
21575,0.09354934
21576,0.10228277
21577,0.37594125
21578,0.014102173
21579,0.015924096
21580,0.11439475
21581,0.09110732
21582,0.10799884
21583,0.4088663
21584,0.109067015
21585,0.015230012
21586,0.14886191
21587,0.03389088
21588,0.016337907
21589,0.08016773
21590,0.14320867
21591,0.055094298
21592,0.011615479
21593,0.01989802
21594,0.009367267
21595,0.2642196
21596,0.01545539
21597,0.027146636
21598,0.14578182
21599,0.08649134
21600,0.047546327
21601,0.02219128
21602,0.03228455
21603,0.0816574
21604,0.28231308
21605,0.037942432
21606,0.02003829
21607,0.03370542
21608,0.042856596
21609,0.06736842
21610,0.27061754
21611,0.07975056
21612,0.18217728
21613,0.08747851
21614,0.0292677
21615,0.05075398
21616,0.054039612
21617,0.033415165
21618,0.2613548
21619,0.016424958
21620,0.13525562
21621,0.020226194
21622,0.111527294
21623,0.057246454
21624,0.010506376
21625,0.0121633755
21626,0.42797753
21627,0.7966216
21628,0.23885615
21629,0.11161863
21630,0.015186021
21631,0.09364288
21632,0.04928499
21633,0.04343695
21634,0.11410099
21635,0.095907725
21636,0.111918814
21637,0.9942823
21638,0.07861933
21639,0.01702653
21640,0.088825405
21641,0.07356706
21642,0.017712507
21643,0.041057855
21644,0.13862637
21645,0.42892918
21646,0.07501892
21647,0.1387728
21648,0.049953915
21649,0.011965921
21650,0.096890055
21651,0.03409736
21652,0.026837574
21653,0.06494711
21654,0.075432606
21655,0.027615951
21656,0.06399629
21657,0.017323095
21658,0.15686326
21659,0.0412983
21660,0.038528502
21661,0.016460903
21662,0.032896057
21663,0.08301057
21664,0.10405515
21665,0.022543574
21666,0.025455674
21667,0.055788253
21668,0.92031753
21669,0.061865192
21670,0.24567497
21671,0.05102456
21672,0.04470169
21673,0.053416573
21674,0.051536463
21675,0.015431135
21676,0.018441152
21677,0.28093264
21678,0.030258536
21679,0.0061793616
21680,0.016889812
21681,0.010087212
21682,0.054893304
21683,0.22979225
21684,0.020638997
21685,0.00864387
21686,0.11549164
21687,0.040498838
21688,0.025199996
21689,0.054395426
21690,0.41418448
21691,0.029985959
21692,0.020548046
21693,0.049958996
21694,0.03393518
21695,0.1575634
21696,0.07500968
21697,0.016350728
21698,0.016738724
21699,0.006646265
21700,0.06419267
21701,0.15421247
21702,0.099725045
21703,0.07659245
21704,0.06952812
21705,0.02787744
21706,0.056047373
21707,0.019036027
21708,0.14992991
21709,0.16368227
21710,0.22875561
21711,0.009489339
21712,0.032396678
21713,0.016376099
21714,0.016019603
21715,0.016681498
21716,0.0151504
21717,0.018498223
21718,0.017636841
21719,0.017849024
21720,0.022133924
21721,0.05404685
21722,0.057932753
21723,0.11445509
21724,0.0143868495
21725,0.008496634
21726,0.12691247
21727,0.37666056
21728,0.008727321
21729,0.009241998
21730,0.020686455
21731,0.012612506
21732,0.028268905
21733,0.011852536
21734,0.02166578
21735,0.024612434
21736,0.0066416403
21737,0.017751474
21738,0.031016223
21739,0.0129302675
21740,0.014138319
21741,0.06710095
21742,0.02753457
21743,0.048872493
21744,0.016218249
21745,0.008901175
21746,0.016063409
21747,0.010010394
21748,0.10133545
21749,0.030794112
21750,0.05507272
21751,0.011118413
21752,0.030863428
21753,0.017535968
21754,0.10687795
21755,0.0137508
21756,0.013492372
21757,0.012407876
21758,0.38113394
21759,0.06511523
21760,0.06534036
21761,0.06314126
21762,0.09189917
21763,0.024226632
21764,0.089225665
21765,0.015258177
21766,0.09087677
21767,0.0075479625
21768,0.1585725
21769,0.014394231
21770,0.025698997
21771,0.03402452
21772,0.035499103
21773,0.026442202
21774,0.009609248
21775,0.015631594
21776,0.015185602
21777,0.039120875
21778,0.012087234
21779,0.012828524
21780,0.066979885
21781,0.06982131
21782,0.007133186
21783,0.15891138
21784,0.018105984
21785,0.023454843
21786,0.025806753
21787,0.013536058
21788,0.018641857
21789,0.05875175
21790,0.020451536
21791,0.01658668
21792,0.02782298
21793,0.029364722
21794,0.010809031
21795,0.029694015
21796,0.113485314
21797,0.1525264
21798,0.09361614
21799,0.0077609383
21800,0.016705971
21801,0.048021734
21802,0.03308369
21803,0.05561833
21804,0.045734614
21805,0.039972972
21806,0.09109248
21807,0.03994443
21808,0.03558844
21809,0.02513378
21810,0.02952597
21811,0.10171604
21812,0.036063604
21813,0.06185201
21814,0.24617413
21815,0.10669825
21816,0.020280503
21817,0.03901772
21818,0.1622533
21819,0.055732958
21820,0.25841686
21821,0.08326188
21822,0.24503416
21823,0.017302811
21824,0.081866145
21825,0.03782147
21826,0.016976753
21827,0.2477389
21828,0.031678084
21829,0.5851446
21830,0.1326093
21831,0.12228141
21832,0.04998724
21833,0.027880032
21834,0.09887863
21835,0.11916541
21836,0.39531553
21837,0.41512695
21838,0.041591827
21839,0.056829587
21840,0.12788743
21841,0.153002
21842,0.054606497
21843,0.040314727
21844,0.06704376
21845,0.07332225
21846,0.03602141
21847,0.39860624
21848,0.11954824
21849,0.25346217
21850,0.39429712
21851,0.10602203
21852,0.44343626
21853,0.067194566
21854,0.32136893
21855,0.04787476
21856,0.053085912
21857,0.03820757
21858,0.051189832
21859,0.21908122
21860,0.09841544
21861,0.03395856
21862,0.032399062
21863,0.060148995
21864,0.4453728
21865,0.048416343
21866,0.062199723
21867,0.059944674
21868,0.07759698
21869,0.029907389
21870,0.04123892
21871,0.08666303
21872,0.028966451
21873,0.05912957
21874,0.25209367
21875,0.048039954
21876,0.14002478
21877,0.021133203
21878,0.044232395
21879,0.023329962
21880,0.016453635
21881,0.31827974
21882,0.09855915
21883,0.012044492
21884,0.062567204
21885,0.25763175
21886,0.39836174
21887,0.089492075
21888,0.056519043
21889,0.015232758
21890,0.019712161
21891,0.017934669
21892,0.0060164765
21893,0.041305073
21894,0.056399792
21895,0.06482898
21896,0.08832313
21897,0.23843755
21898,0.27368715
21899,0.011012724
21900,0.11052483
21901,0.044009548
21902,0.008364753
21903,0.02835312
21904,0.028702755
21905,0.03364365
21906,0.27342734
21907,0.020244744
21908,0.051277906
21909,0.046539083
21910,0.0407852
21911,0.030690808
21912,0.120841265
21913,0.44978583
21914,0.054042254
21915,0.074148454
21916,0.020801375
21917,0.01874081
21918,0.045429897
21919,0.06845551
21920,0.030104645
21921,0.116569884
21922,0.1649904
21923,0.09785033
21924,0.11399292
21925,0.07726834
21926,0.03563167
21927,0.037230663
21928,0.036286924
21929,0.04297241
21930,0.09750645
21931,0.06265692
21932,0.23486689
21933,0.015004774
21934,0.046387628
21935,0.03592873
21936,0.019253848
21937,0.023021411
21938,0.028990105
21939,0.05391601
21940,0.025151366
21941,0.07457258
21942,0.3052479
21943,0.26052144
21944,0.044556122
21945,0.04581991
21946,0.040610783
21947,0.10068846
21948,0.0589603
21949,0.017820016
21950,0.06581693
21951,0.028488526
21952,0.25251433
21953,0.032264017
21954,0.026595253
21955,0.03903423
21956,0.0057245693
21957,0.14928477
21958,0.07670429
21959,0.3208077
21960,0.2491805
21961,0.23494573
21962,0.07480395
21963,0.05217435
21964,0.02162201
21965,0.06410809
21966,0.054872897
21967,0.009190002
21968,0.13271996
21969,0.05429146
21970,0.58330035
21971,0.119403325
21972,0.022862589
21973,0.12004256
21974,0.057708208
21975,0.04741375
21976,0.020065935
21977,0.018366745
21978,0.06582688
21979,0.022122947
21980,0.02429683
21981,0.096446685
21982,0.053716592
21983,0.19564894
21984,0.0763205
21985,0.12064695
21986,0.1443329
21987,0.4220545
21988,0.07133925
21989,0.0273286
21990,0.086036935
21991,0.050909262
21992,0.08353603
21993,0.062372968
21994,0.1211421
21995,0.04183453
21996,0.10138788
21997,0.044887375
21998,0.06291298
21999,0.030707465
22000,0.14055671
22001,0.07231815
22002,0.033494364
22003,0.011304304
22004,0.026444482
22005,0.042203363
22006,0.07055858
22007,0.08933105
22008,0.1300618
22009,0.11882798
22010,0.2685056
22011,0.2360783
22012,0.25511315
22013,0.016553108
22014,0.12497853
22015,0.0134926
22016,0.06256849
22017,0.08795654
22018,0.029849986
22019,0.022554765
22020,0.056626465
22021,0.037139434
22022,0.015868317
22023,0.055661276
22024,0.0842986
22025,0.031951122
22026,0.064477645
22027,0.022321137
22028,0.028596088
22029,0.08670909
22030,0.046082526
22031,0.10543607
22032,0.07221807
22033,0.14647713
22034,0.57308334
22035,0.12628914
22036,0.123302065
22037,0.07162034
22038,0.08426314
22039,0.091298334
22040,0.10947462
22041,0.06909407
22042,0.021828065
22043,0.20706762
22044,0.072919644
22045,0.081596375
22046,0.061299488
22047,0.07769407
22048,0.027188027
22049,0.02343182
22050,0.04893342
22051,0.2170112
22052,0.072318874
22053,0.06148467
22054,0.11765565
22055,0.8045941
22056,0.11586694
22057,0.016985422
22058,0.24331403
22059,0.07127279
22060,0.18843225
22061,0.2682813
22062,0.078742534
22063,0.005683757
22064,0.02103579
22065,0.05390848
22066,0.04121014
22067,0.10500594
22068,0.16177794
22069,0.04355939
22070,0.26807216
22071,0.0823899
22072,0.09272625
22073,0.01747092
22074,0.020275453
22075,0.023267359
22076,0.06655792
22077,0.08640949
22078,0.01977021
22079,0.13072614
22080,0.1584706
22081,0.15701985
22082,0.08715841
22083,0.036080852
22084,0.12671039
22085,0.16754544
22086,0.19982891
22087,0.077835135
22088,0.009420288
22089,0.0612178
22090,0.009095959
22091,0.06278029
22092,0.5658145
22093,0.03903962
22094,0.12224869
22095,0.39068133
22096,0.26479995
22097,0.014784038
22098,0.054745346
22099,0.061649375
22100,0.2566636
22101,0.44504192
22102,0.009101162
22103,0.09514551
22104,0.10001089
22105,0.15435626
22106,0.14707485
22107,0.14528613
22108,0.20820436
22109,0.3822485
22110,0.099394456
22111,0.057582002
22112,0.08464122
22113,0.06288438
22114,0.27452588
22115,0.8610269
22116,0.005312269
22117,0.052017115
22118,0.41158783
22119,0.017190559
22120,0.0497254
22121,0.27183965
22122,0.059262116
22123,0.08828886
22124,0.020857247
22125,0.05264458
22126,0.0073115528
22127,0.40820983
22128,0.12081097
22129,0.09570435
22130,0.2690396
22131,0.14637229
22132,0.17546703
22133,0.39535502
22134,0.33776638
22135,0.031041726
22136,0.17328031
22137,0.23279814
22138,0.11931445
22139,0.8426291
22140,0.28001508
22141,0.43874064
22142,0.005516674
22143,0.024581712
22144,0.14716135
22145,0.06364905
22146,0.021495556
22147,0.014558695
22148,0.06638442
22149,0.006498143
22150,0.008276886
22151,0.011990731
22152,0.027940204
22153,0.15571152
22154,0.11055058
22155,0.1131739
22156,0.1288776
22157,0.094573535
22158,0.15169966
22159,0.25215515
22160,0.1102977
22161,0.27958786
22162,0.01973277
22163,0.065139554
22164,1.0173461
22165,0.9509178
22166,0.6054251
22167,0.018530466
22168,0.08823112
22169,0.42873362
22170,0.083313726
22171,0.017149894
22172,0.0657276
22173,0.064061016
22174,0.07648384
22175,0.0674231
22176,0.012317038
22177,0.38883603
22178,0.018066337
22179,0.036994025
22180,0.24695233
22181,0.12119465
22182,0.06324758
22183,0.0546503
22184,0.3481608
22185,0.18006712
22186,0.026133748
22187,0.11734734
22188,0.10393779
22189,0.105068825
22190,0.96896726
22191,0.9680442
22192,0.6780796
22193,0.017699068
22194,0.06922388
22195,0.009943794
22196,0.414913
22197,0.08884668
22198,0.26772997
22199,0.048204575
22200,0.09537471
22201,0.025079204
22202,0.09619293
22203,0.119468965
22204,0.15766647
22205,0.14804243
22206,0.49658847
22207,0.4139309
22208,0.2554406
22209,0.15680912
22210,0.09355466
22211,0.069216736
22212,0.12663563
22213,0.050564803
22214,0.039284647
22215,0.025807777
22216,0.12811
22217,0.13726486
22218,0.066887796
22219,0.09501651
22220,1.0255758
22221,0.92036206
22222,0.946238
22223,0.09590393
22224,0.04598636
22225,0.24403751
22226,0.012340606
22227,0.34682992
22228,0.021765921
22229,0.04571155
22230,0.11159436
22231,0.058765844
22232,0.39644203
22233,0.98995245
22234,0.07795694
22235,0.1293082
22236,0.1070367
22237,0.15667047
22238,0.0816436
22239,0.26521546
22240,0.23121203
22241,0.033060115
22242,0.097119816
22243,0.1185617
22244,0.11245883
22245,0.045674615
22246,0.026231283
22247,0.5040324
22248,0.36921796
22249,0.266111
22250,0.07156651
22251,0.030751107
22252,0.10922361
22253,0.07763075
22254,0.1855986
22255,0.031600058
22256,0.047885332
22257,0.049723458
22258,0.047993585
22259,0.047354765
22260,0.46945477
22261,0.76221305
22262,0.2703209
22263,0.27766734
22264,0.1290083
22265,0.17385375
22266,0.26368466
22267,0.5739952
22268,0.081871904
22269,0.041562032
22270,0.032233454
22271,0.14368497
22272,0.15843959
22273,0.122598745
22274,0.29604137
22275,0.26818955
22276,0.14853153
22277,1.0175399
22278,0.14396276
22279,0.01868308
22280,0.13633268
22281,0.16365206
22282,0.02375745
22283,0.056234222
22284,0.26445165
22285,0.06787016
22286,0.041764144
22287,0.04244793
22288,0.05498357
22289,0.14653218
22290,0.39650154
22291,0.27180475
22292,0.47419629
22293,0.28575048
22294,0.1522574
22295,0.16122566
22296,0.39908943
22297,0.01389623
22298,0.024885122
22299,0.2605697
22300,0.0880945
22301,0.05362612
22302,0.45913386
22303,0.26987255
22304,0.059846733
22305,0.5240775
22306,0.43333426
22307,0.085265
22308,0.11251097
22309,0.07978136
22310,0.049923666
22311,0.013095153
22312,0.014382183
22313,0.03262895
22314,0.06404763
22315,0.09317591
22316,0.11029536
22317,0.13923277
22318,0.3242566
22319,0.8914978
22320,0.42873633
22321,0.2092992
22322,0.51476413
22323,0.115537174
22324,0.075190954
22325,0.071588606
22326,0.1509309
22327,0.26747677
22328,0.08197624
22329,0.028887797
22330,0.06671817
22331,0.12981628
22332,0.051513787
22333,0.1051753
22334,0.02124785
22335,0.017624842
22336,0.041231208
22337,0.019856922
22338,0.096276805
22339,0.012095498
22340,0.036373824
22341,0.07548324
22342,0.061035678
22343,0.09716121
22344,0.2706883
22345,0.27260372
22346,0.25705206
22347,0.736067
22348,0.6653644
22349,0.28293404
22350,0.12776676
22351,0.01737618
22352,0.05797463
22353,0.1081458
22354,0.017613351
22355,0.03250008
22356,0.96216387
22357,0.053661812
22358,0.017894894
22359,0.06656812
22360,0.05443896
22361,0.11189227
22362,0.04280759
22363,0.05274979
22364,0.047534775
22365,0.017260382
22366,0.019895969
22367,0.034103602
22368,0.09491356
22369,0.13164914
22370,0.5416849
22371,0.298207
22372,0.24349144
22373,0.93534845
22374,0.3063891
22375,0.46681896
22376,0.25994357
22377,0.042293247
22378,0.030145133
22379,0.036060993
22380,0.05290442
22381,0.05202697
22382,0.03750637
22383,0.06356342
22384,0.4465532
22385,0.09394315
22386,0.39753783
22387,0.029613942
22388,0.10399163
22389,0.121555746
22390,0.13220662
22391,0.27495524
22392,0.047544982
22393,0.031419102
22394,0.047544837
22395,0.14672327
22396,0.8798746
22397,0.48523644
22398,0.61911356
22399,0.26284328
22400,0.268162
22401,0.15936793
22402,0.10736226
22403,0.035450913
22404,0.012842121
22405,0.02258875
22406,0.04229979
22407,0.02905689
22408,0.12196828
22409,0.13152456
22410,0.07472495
22411,0.2770725
22412,0.025732862
22413,0.073612526
22414,0.27724692
22415,0.041901633
22416,0.12087923
22417,0.24904896
22418,0.032408874
22419,0.24027833
22420,0.17776637
22421,0.09113557
22422,0.118001886
22423,0.029915566
22424,0.093834884
22425,0.079866484
22426,0.124081
22427,0.1180019
22428,0.040533584
22429,0.009514156
22430,0.22906868
22431,0.012254746
22432,0.09600604
22433,0.039496545
22434,0.03967286
22435,0.1354224
22436,0.0429712
22437,0.053343467
22438,0.050867617
22439,0.16673547
22440,0.4039552
22441,0.57731295
22442,0.092632115
22443,0.0140521005
22444,0.015567479
22445,0.028398734
22446,0.057901222
22447,0.072909795
22448,0.17007464
22449,0.019112298
22450,0.025661783
22451,0.016885815
22452,0.03137678
22453,0.018607464
22454,0.013868256
22455,0.09105893
22456,0.11250348
22457,0.3427446
22458,0.015309555
22459,0.019081349
22460,0.11792761
22461,0.08979922
22462,0.11145049
22463,0.43026108
22464,0.10842639
22465,0.01430766
22466,0.24776512
22467,0.012800768
22468,0.037571177
22469,0.018241594
22470,0.08598574
22471,0.14057626
22472,0.05742444
22473,0.018759726
22474,0.009273406
22475,0.26472807
22476,0.031633444
22477,0.015852042
22478,0.027157648
22479,0.15097512
22480,0.074964814
22481,0.04610654
22482,0.02022889
22483,0.029283147
22484,0.0769923
22485,0.27874166
22486,0.03749312
22487,0.020483548
22488,0.034837507
22489,0.045057483
22490,0.06720258
22491,0.26474625
22492,0.07318932
22493,0.27662998
22494,0.09671836
22495,0.030879196
22496,0.05056117
22497,0.053269185
22498,0.03288262
22499,0.2725865
22500,0.015972976
22501,0.14278027
22502,0.018149786
22503,0.10920641
22504,0.05495429
22505,0.013505382
22506,0.30899358
22507,0.7746323
22508,0.23933616
22509,0.111531325
22510,0.014636089
22511,0.095479846
22512,0.052527085
22513,0.043398272
22514,0.110790506
22515,0.094722845
22516,0.100724235
22517,1.0170022
22518,0.06802647
22519,0.019477881
22520,0.0875721
22521,0.08326727
22522,0.019560697
22523,0.040428966
22524,0.13970266
22525,0.3205111
22526,0.07408709
22527,0.14539821
22528,0.023780748
22529,0.053085934
22530,0.10514764
22531,0.036329407
22532,0.025969299
22533,0.06554208
22534,0.073837884
22535,0.028082417
22536,0.019962067
22537,0.06335261
22538,0.01900589
22539,0.1555039
22540,0.04400284
22541,0.041556902
22542,0.018440314
22543,0.03455965
22544,0.08310081
22545,0.10837913
22546,0.02104337
22547,0.024769872
22548,0.05648702
22549,0.9343975
22550,0.064524814
22551,0.11990269
22552,0.049263958
22553,0.039996307
22554,0.054371275
22555,0.052560236
22556,0.0155883115
22557,0.020268464
22558,0.28101447
22559,0.029970812
22560,0.016656822
22561,0.053418968
22562,0.119871
22563,0.018961027
22564,0.009028132
22565,0.11655633
22566,0.042100664
22567,0.02561751
22568,0.053756885
22569,0.39121565
22570,0.0276816
22571,0.02255686
22572,0.019549854
22573,0.01575667
22574,0.052221883
22575,0.036931213
22576,0.004979217
22577,0.15307534
22578,0.074733324
22579,0.01658502
22580,0.008085287
22581,0.068176046
22582,0.14137316
22583,0.09669469
22584,0.0818045
22585,0.06837042
22586,0.031787254
22587,0.018518748
22588,0.15201268
22589,0.27942303
22590,0.23418655
22591,0.0074467333
22592,0.014706008
22593,0.03523672
22594,0.016485935
22595,0.01790551
22596,0.017009411
22597,0.015806075
22598,0.018036792
22599,0.01371951
22600,0.0101259
22601,0.017194081
22602,0.011245173
22603,0.024743957
22604,0.051519122
22605,0.056374546
22606,0.11361197
22607,0.12859754
22608,0.17249422
22609,0.010536704
22610,0.01435905
22611,0.028360846
22612,0.014859109
22613,0.013022964
22614,0.020923195
22615,0.025605373
22616,0.016245114
22617,0.028747128
22618,0.0135782
22619,0.015300941
22620,0.008969135
22621,0.065861605
22622,0.026967455
22623,0.040176835
22624,0.015023373
22625,0.053693503
22626,0.017465124
22627,0.009515735
22628,0.015959473
22629,0.010197266
22630,0.101458624
22631,0.056218803
22632,0.008453909
22633,0.030912053
22634,0.018158006
22635,0.105433315
22636,0.0107380925
22637,0.1829222
22638,0.06370058
22639,0.067129865
22640,0.06643617
22641,0.012249574
22642,0.09374502
22643,0.028516382
22644,0.09182206
22645,0.09394726
22646,0.0073587676
22647,0.15113506
22648,0.018277107
22649,0.03055006
22650,0.034909826
22651,0.007019506
22652,0.015371558
22653,0.012803167
22654,0.041313034
22655,0.014460361
22656,0.01268756
22657,0.069878034
22658,0.06228093
22659,0.004496857
22660,0.15782267
22661,0.01490375
22662,0.02344413
22663,0.016287073
22664,0.026335645
22665,0.01506257
22666,0.018720048
22667,0.05865451
22668,0.019542612
22669,0.016914902
22670,0.030867295
22671,0.032658774
22672,0.0103940265
22673,0.0108553255
22674,0.015232807
22675,0.025272632
22676,0.11437597
22677,0.16140746
22678,0.020061566
22679,0.09381085
22680,0.019291922
22681,0.0348227
22682,0.049530182
22683,0.035224214
22684,0.054326
22685,0.09476858
22686,0.027337166
22687,0.10621593
22688,0.03787716
22689,0.0653768
22690,0.036184862
22691,0.2531204
22692,0.29243705
22693,0.04019058
22694,0.16026233
22695,0.2673269
22696,0.091939665
22697,0.12275326
22698,0.017086552
22699,0.07170225
22700,0.013138027
22701,0.03710531
22702,0.017059328
22703,0.24787267
22704,0.028950213
22705,0.617103
22706,0.2571977
22707,0.031116122
22708,0.12399173
22709,0.05173104
22710,0.048923004
22711,0.033009958
22712,0.014260588
22713,0.03304537
22714,0.094751686
22715,0.25075898
22716,0.39836618
22717,0.48184714
22718,0.038669728
22719,0.060785644
22720,0.11974648
22721,0.24517137
22722,0.02229262
22723,0.054642834
22724,0.04093798
22725,0.066325404
22726,0.034913864
22727,0.40358835
22728,0.10936128
22729,0.12000782
22730,0.38372144
22731,0.11705904
22732,0.41257438
22733,0.06286376
22734,0.31513816
22735,0.053316433
22736,0.039919913
22737,0.049736355
22738,0.08934204
22739,0.094865456
22740,0.031112954
22741,0.031942118
22742,0.04940026
22743,0.2604895
22744,0.042574376
22745,0.03165666
22746,0.06131399
22747,0.059254233
22748,0.07681971
22749,0.03151168
22750,0.041015755
22751,0.09298295
22752,0.05663192
22753,0.13967732
22754,0.046101853
22755,0.14844596
22756,0.044780076
22757,0.022584204
22758,0.31635624
22759,0.107946135
22760,0.056358777
22761,0.26905555
22762,0.30644336
22763,0.009186887
22764,0.005342436
22765,0.089968935
22766,0.054573018
22767,0.01342764
22768,0.016660811
22769,0.04224511
22770,0.0637571
22771,0.090992786
22772,0.16382085
22773,0.28443912
22774,0.010117304
22775,0.01919005
22776,0.1200404
22777,0.0449286
22778,0.009871537
22779,0.028368387
22780,0.028240679
22781,0.035955478
22782,0.27571526
22783,0.019686501
22784,0.049779676
22785,0.047648005
22786,0.038299784
22787,0.12761502
22788,0.45527452
22789,0.05467228
22790,0.07556971
22791,0.019666942
22792,0.02396455
22793,0.051233977
22794,0.07071674
22795,0.018005911
22796,0.032643937
22797,0.12381889
22798,0.16435754
22799,0.101780504
22800,0.11655123
22801,0.06896945
22802,0.011686091
22803,0.033263966
22804,0.034848463
22805,0.033212923
22806,0.04426913
22807,0.0047050198
22808,0.09723348
22809,0.060056303
22810,0.23515448
22811,0.01822788
22812,0.045016713
22813,0.034240115
22814,0.019658135
22815,0.028968662
22816,0.04920135
22817,0.023743078
22818,0.07547652
22819,0.17589442
22820,0.3947963
22821,0.045258492
22822,0.045380577
22823,0.035773005
22824,0.10139436
22825,0.06355423
22826,0.0153989345
22827,0.066401236
22828,0.019855559
22829,0.029597225
22830,0.26129922
22831,0.033120494
22832,0.028994886
22833,0.034703698
22834,0.005179618
22835,0.15243606
22836,0.07555707
22837,0.2593592
22838,0.26969653
22839,0.1498117
22840,0.07044753
22841,0.050532244
22842,0.021250367
22843,0.064133
22844,0.05520541
22845,0.13349865
22846,0.052045647
22847,0.58255446
22848,0.12093964
22849,0.022889776
22850,0.12267121
22851,0.057135753
22852,0.047968894
22853,0.021204567
22854,0.01104435
22855,0.06276009
22856,0.02053307
22857,0.023129905
22858,0.022354923
22859,0.10040988
22860,0.05275293
22861,0.19384405
22862,0.07380577
22863,0.122584224
22864,0.3691232
22865,0.4256818
22866,0.07250921
22867,0.028654749
22868,0.09118151
22869,0.018387472
22870,0.050618157
22871,0.08176372
22872,0.06071117
22873,0.124658406
22874,0.041893512
22875,0.105697975
22876,0.04301985
22877,0.05798132
22878,0.031616926
22879,0.13793038
22880,0.010671326
22881,0.07746581
22882,0.03372685
22883,0.010742271
22884,0.025203489
22885,0.040770162
22886,0.06708088
22887,0.0949611
22888,0.13022302
22889,0.1166489
22890,0.26815748
22891,0.14395884
22892,0.24994953
22893,0.014214125
22894,0.104278006
22895,0.013636271
22896,0.06289022
22897,0.043791402
22898,0.09167134
22899,0.033404946
22900,0.022261748
22901,0.05419541
22902,0.037869
22903,0.05345184
22904,0.08254013
22905,0.03271226
22906,0.066152446
22907,0.022108547
22908,0.027615447
22909,0.0847188
22910,0.016665606
22911,0.04673084
22912,0.101305835
22913,0.07021127
22914,0.14210813
22915,0.33328032
22916,0.11287024
22917,0.13005537
22918,0.07148304
22919,0.085370526
22920,0.08419514
22921,0.11408381
22922,0.06676176
22923,0.011391074
22924,0.34583354
22925,0.07312742
22926,0.080075644
22927,0.064593814
22928,0.0794247
22929,0.025775993
22930,0.019326428
22931,0.024480237
22932,0.049800888
22933,0.20374349
22934,0.06704234
22935,0.059050977
22936,0.11836089
22937,0.81839573
22938,0.10611424
22939,0.019325608
22940,0.2045637
22941,0.070169434
22942,0.17397696
22943,0.18388905
22944,0.08090341
22945,0.020170199
22946,0.05486341
22947,0.043425586
22948,0.1044308
22949,0.15922746
22950,0.042608857
22951,0.169549
22952,0.08783167
22953,0.09303269
22954,0.022060355
22955,0.065204136
22956,0.08589872
22957,0.013802691
22958,0.13210548
22959,0.15617669
22960,0.2505041
22961,0.085782126
22962,0.03609592
22963,0.1274672
22964,0.16607685
22965,0.20432536
22966,0.06794078
22967,0.061083943
22968,0.0647065
22969,0.60120344
22970,0.041042574
22971,0.11297123
22972,0.2977054
22973,0.14298487
22974,0.012731759
22975,0.019925514
22976,0.010529638
22977,0.0515473
22978,0.0637026
22979,0.26252574
22980,0.2637071
22981,0.010167856
22982,0.09845553
22983,0.1001737
22984,0.16293238
22985,0.14409038
22986,0.14723401
22987,0.16537888
22988,0.23964505
22989,0.10052411
22990,0.057008218
22991,0.086469576
22992,0.06002013
22993,0.1857653
22994,0.89733034
22995,0.005047825
22996,0.05232634
22997,0.39173272
22998,0.018986009
22999,0.053583458
23000,0.25479606
23001,0.016557071
23002,0.016613496
23003,0.05905828
23004,0.092602275
23005,0.0184075
23006,0.051665895
23007,0.004903205
23008,0.41559106
23009,0.12714492
23010,0.09375039
23011,0.2685577
23012,0.15440604
23013,0.21275666
23014,0.3587625
23015,0.38264737
23016,0.16626374
23017,0.12262035
23018,0.23355824
23019,0.8539236
23020,0.29264054
23021,0.29249248
23022,0.024955146
23023,0.25533172
23024,0.06609376
23025,0.03041868
23026,0.020201497
23027,0.06843508
23028,0.009995703
23029,0.011581415
23030,0.027719473
23031,0.07065531
23032,0.10720049
23033,0.112518564
23034,0.1312199
23035,0.09442088
23036,0.25430268
23037,0.22250119
23038,0.028478928
23039,0.109066196
23040,0.27978408
23041,0.01964155
23042,0.065635934
23043,0.95523
23044,0.9857528
23045,0.6401546
23046,0.005429138
23047,0.028752292
23048,0.08838676
23049,0.42927018
23050,0.0813421
23051,0.01957696
23052,0.066119544
23053,0.027523877
23054,0.006381636
23055,0.06249924
23056,0.07098682
23057,0.06736351
23058,0.0129888775
23059,0.39187586
23060,0.018953793
23061,0.03834512
23062,0.24749489
23063,0.11849348
23064,0.05960326
23065,0.054634597
23066,0.34451425
23067,0.17677994
23068,0.025954636
23069,0.121799625
23070,0.10403159
23071,0.10563941
23072,0.94933754
23073,1.0085918
23074,0.6157308
23075,0.01930638
23076,0.06997819
23077,0.028346391
23078,0.43976036
23079,0.08853518
23080,0.27069607
23081,0.04775542
23082,0.09653067
23083,0.02514728
23084,0.09565129
23085,0.12051593
23086,0.15802555
23087,0.14727585
23088,0.51129925
23089,0.44347882
23090,0.25320566
23091,0.16121696
23092,0.08594302
23093,0.06911381
23094,0.121307485
23095,0.050017636
23096,0.11962266
23097,0.12753709
23098,0.13966377
23099,0.066242106
23100,0.0933555
23101,0.025129866
23102,0.94800496
23103,0.9648743
23104,0.9421083
23105,0.09943363
23106,0.043770157
23107,0.24516286
23108,0.40437865
23109,0.028335169
23110,0.046788745
23111,0.1093653
23112,0.05785041
23113,0.27013066
23114,1.0368553
23115,0.079656675
23116,0.13240157
23117,0.10878319
23118,0.1516674
23119,0.07964464
23120,0.30472118
23121,0.23351565
23122,0.03301202
23123,0.0932317
23124,0.116678126
23125,0.11017278
23126,0.04088439
23127,0.0241451
23128,0.2903374
23129,0.2803313
23130,0.15519278
23131,0.07124302
23132,0.029377354
23133,0.11406736
23134,0.07703052
23135,0.18882543
23136,0.031702794
23137,0.04728489
23138,0.051971592
23139,0.020576997
23140,0.023503713
23141,0.050853852
23142,0.05181389
23143,0.4989653
23144,0.7477635
23145,0.26772684
23146,0.27654067
23147,0.13152844
23148,0.16101085
23149,0.15852576
23150,0.5729504
23151,0.0956322
23152,0.04035285
23153,0.033006337
23154,0.15196063
23155,0.16487996
23156,0.12173946
23157,0.2897178
23158,0.2656397
23159,0.15119539
23160,0.89786726
23161,0.14299235
23162,0.01871892
23163,0.13695839
23164,0.2752293
23165,0.023230735
23166,0.058446225
23167,0.2830619
23168,0.06827229
23169,0.041157138
23170,0.040835377
23171,0.054617293
23172,0.15011264
23173,0.26117876
23174,0.17654634
23175,0.4681943
23176,0.2956247
23177,0.1536512
23178,0.15806541
23179,0.26794016
23180,0.024628814
23181,0.16182214
23182,0.08881102
23183,0.0549987
23184,0.42465112
23185,0.26545146
23186,0.057242304
23187,0.5120039
23188,0.27614322
23189,0.0045104437
23190,0.08203257
23191,0.110915326
23192,0.08357571
23193,0.046064608
23194,0.01312316
23195,0.010806828
23196,0.033231415
23197,0.07543006
23198,0.09259115
23199,0.105677836
23200,0.13715494
23201,0.41462535
23202,0.8330453
23203,0.31495047
23204,0.4292789
23205,0.63586175
23206,0.11062844
23207,0.019077737
23208,0.0750715
23209,0.07040509
23210,0.2536926
23211,0.2666677
23212,0.08041999
23213,0.027280739
23214,0.064930424
23215,0.12684883
23216,0.020605162
23217,0.04919761
23218,0.10933569
23219,0.021298274
23220,0.042940244
23221,0.0193349
23222,0.10007599
23223,0.011118476
23224,0.03614682
23225,0.07454891
23226,0.059703372
23227,0.089057505
23228,0.2672276
23229,0.2748674
23230,0.28586048
23231,0.7743006
23232,0.6639996
23233,0.2853367
23234,0.21566767
23235,0.048270945
23236,0.055786647
23237,0.10994973
23238,0.016554914
23239,0.02989004
23240,0.9481162
23241,0.0515992
23242,0.017529892
23243,0.066784464
23244,0.053825703
23245,0.11267962
23246,0.039098334
23247,0.05186581
23248,0.016796932
23249,0.048288662
23250,0.014161988
23251,0.020380594
23252,0.03236464
23253,0.09342054
23254,0.12633544
23255,0.5560794
23256,0.38329437
23257,0.24507314
23258,0.909074
23259,0.29965675
23260,0.44663346
23261,0.26632452
23262,0.04559316
23263,0.029838623
23264,0.03602428
23265,0.052352045
23266,0.05147875
23267,0.03928233
23268,0.06438651
23269,0.44112355
23270,0.20093505
23271,0.27335352
23272,0.029540386
23273,0.10476506
23274,0.12031933
23275,0.12802334
23276,0.2685566
23277,0.045954548
23278,0.0042832894
23279,0.029774893
23280,0.008793283
23281,0.047795676
23282,0.14972025
23283,0.814664
23284,0.451487
23285,0.6059239
23286,0.2641294
23287,0.2683979
23288,0.18176714
23289,0.22265722
23290,0.03620171
23291,0.0120421015
23292,0.021606948
23293,0.010994531
23294,0.029954204
23295,0.11695912
23296,0.12970242
23297,0.06625301
23298,0.19815473
23299,0.026285397
23300,0.07777511
23301,0.010588493
23302,0.19348443
23303,0.04222216
23304,0.12526523
23305,0.24700943
23306,0.03244547
23307,0.24362879
23308,0.17261393
23309,0.083697684
23310,0.14166264
23311,0.030077897
23312,0.09165956
23313,0.07982861
23314,0.040227067
23315,0.1222878
23316,0.118001275
23317,0.04290145
23318,0.025900725
23319,0.11217159
23320,0.011420835
23321,0.010727163
23322,0.016102763
23323,0.09427883
23324,0.036032703
23325,0.15049116
23326,0.04272466
23327,0.05255788
23328,0.011876659
23329,0.053046238
23330,0.15998009
23331,0.2937296
23332,0.56209606
23333,0.090364784
23334,0.053763483
23335,0.016319068
23336,0.07304354
23337,0.148988
23338,0.015261999
23339,0.02876884
23340,0.016625267
23341,0.030830124
23342,0.018977815
23343,0.013693819
23344,0.026584022
23345,0.091132626
23346,0.10817737
23347,0.42391086
23348,0.013784698
23349,0.018210962
23350,0.034365714
23351,0.09166958
23352,0.10805999
23353,0.40515786
23354,0.10815435
23355,0.25274953
23356,0.037136104
23357,0.015970442
23358,0.08525943
23359,0.14750697
23360,0.055153508
23361,0.01052769
23362,0.019240947
23363,0.0110697765
23364,0.2603946
23365,0.029414047
23366,0.010062901
23367,0.01656893
23368,0.02735915
23369,0.14518969
23370,0.075963184
23371,0.04685785
23372,0.016903123
23373,0.030287446
23374,0.07771733
23375,0.37221342
23376,0.03741807
23377,0.021510659
23378,0.0342401
23379,0.043776672
23380,0.06688687
23381,0.27227277
23382,0.07302394
23383,0.18255039
23384,0.09692608
23385,0.033218913
23386,0.017919641
23387,0.04944992
23388,0.05424978
23389,0.033897668
23390,0.34229144
23391,0.26293662
23392,0.018899707
23393,0.11439768
23394,0.056935463
23395,0.010954915
23396,0.012087561
23397,0.44502705
23398,0.826492
23399,0.24033627
23400,0.11135447
23401,0.090736374
23402,0.052253503
23403,0.043132793
23404,0.10817167
23405,0.09732406
23406,0.11962079
23407,0.9355439
23408,0.08043575
23409,0.018571649
23410,0.081114076
23411,0.080622934
23412,0.020016281
23413,0.04013271
23414,0.13785517
23415,0.4969622
23416,0.0773102
23417,0.14125527
23418,0.023328874
23419,0.050880626
23420,0.10333492
23421,0.034495987
23422,0.028204737
23423,0.068331376
23424,0.06701433
23425,0.025090361
23426,0.01854243
23427,0.063698865
23428,0.01764248
23429,0.14342768
23430,0.044648092
23431,0.04127772
23432,0.017406508
23433,0.03472889
23434,0.08282272
23435,0.108358
23436,0.020121036
23437,0.055577192
23438,0.9273547
23439,0.062467203
23440,0.12553464
23441,0.050273538
23442,0.042351916
23443,0.055551182
23444,0.04987198
23445,0.016852492
23446,0.02006377
23447,0.1938782
23448,0.030830398
23449,0.016666178
23450,0.053605698
23451,0.1207211
23452,0.020144451
23453,0.117569044
23454,0.041499782
23455,0.02279228
23456,0.052660126
23457,0.42342636
23458,0.022012722
23459,0.019789798
23460,0.054187294
23461,0.034199093
23462,0.15697365
23463,0.07311801
23464,0.012938461
23465,0.00319562
23466,0.06701571
23467,0.1455601
23468,0.0948553
23469,0.07756392
23470,0.06925565
23471,0.02825054
23472,0.056087703
23473,0.018146202
23474,0.15178576
23475,0.16323091
23476,0.2292254
23477,0.008120371
23478,0.030861009
23479,0.015236968
23480,0.013693787
23481,0.017806655
23482,0.019877095
23483,0.010083317
23484,0.01709146
23485,0.009926661
23486,0.016077092
23487,0.017232498
23488,0.024864158
23489,0.05419187
23490,0.058464132
23491,0.11214429
23492,0.009727366
23493,0.23646992
23494,0.17103374
23495,0.0105789
23496,0.013851409
23497,0.028122678
23498,0.016262919
23499,0.013124032
23500,0.024998458
23501,0.01970091
23502,0.029326584
23503,0.013526736
23504,0.012653678
23505,0.007921228
23506,0.007063324
23507,0.066982545
23508,0.02647094
23509,0.03853782
23510,0.015273647
23511,0.015756259
23512,0.011991538
23513,0.106460616
23514,0.033700064
23515,0.054499228
23516,0.009041864
23517,0.011432556
23518,0.02821909
23519,0.10650057
23520,0.013998252
23521,0.010109442
23522,0.35486788
23523,0.062339924
23524,0.06586125
23525,0.06295386
23526,0.014804467
23527,0.008324667
23528,0.09337153
23529,0.02214367
23530,0.08777582
23531,0.09361409
23532,0.15228997
23533,0.019221738
23534,0.026435241
23535,0.030009806
23536,0.035203125
23537,0.0068473103
23538,0.0142440135
23539,0.014400065
23540,0.036479555
23541,0.013535466
23542,0.013474036
23543,0.06684837
23544,0.06617635
23545,0.27273467
23546,0.014031429
23547,0.018150378
23548,0.02343894
23549,0.013105795
23550,0.0175846
23551,0.060237963
23552,0.023673307
23553,0.015288263
23554,0.03136606
23555,0.033204164
23556,0.010271801
23557,0.009786892
23558,0.014509969
23559,0.03241671
23560,0.120280586
23561,0.14937723
23562,0.018583557
23563,0.092634454
23564,0.021257114
23565,0.03284264
23566,0.04906135
23567,0.048373833
23568,0.055895463
23569,0.029259998
23570,0.030611556
23571,0.031160438
23572,0.09025861
23573,0.04114233
23574,0.0317245
23575,0.029476846
23576,0.10766963
23577,0.035292275
23578,0.062579304
23579,0.2538072
23580,0.22138639
23581,0.04390016
23582,0.15081084
23583,0.060384773
23584,0.3941041
23585,0.081366956
23586,0.11542119
23587,0.051589377
23588,0.072964706
23589,0.03519558
23590,0.010422098
23591,0.11790008
23592,0.028458023
23593,0.71274847
23594,0.13885482
23595,0.041038573
23596,0.03125351
23597,0.12677197
23598,0.054072533
23599,0.027870733
23600,0.05063341
23601,0.028067019
23602,0.096009575
23603,0.259342
23604,0.43293387
23605,0.4240007
23606,0.057165917
23607,0.109716564
23608,0.24777634
23609,0.02025964
23610,0.055633966
23611,0.040362135
23612,0.067545466
23613,0.076206565
23614,0.031643398
23615,0.38165358
23616,0.118134625
23617,0.12600555
23618,0.43644616
23619,0.11273694
23620,0.40609515
23621,0.018024866
23622,0.06351237
23623,0.30268085
23624,0.054246306
23625,0.055068485
23626,0.038354024
23627,0.05477788
23628,0.07159389
23629,0.100384936
23630,0.07927167
23631,0.033333447
23632,0.044118937
23633,0.15821247
23634,0.04519835
23635,0.030134054
23636,0.060520753
23637,0.06257556
23638,0.07947025
23639,0.030246861
23640,0.04486806
23641,0.0371291
23642,0.070591964
23643,0.02820258
23644,0.05445772
23645,0.13976836
23646,0.053129315
23647,0.24587691
23648,0.020859042
23649,0.045971654
23650,0.043398123
23651,0.015904892
23652,0.4393238
23653,0.10415546
23654,0.061205816
23655,0.27067313
23656,0.4354556
23657,0.009216148
23658,0.0052177366
23659,0.09338169
23660,0.056137774
23661,0.0131960595
23662,0.012535267
23663,0.06665779
23664,0.09218399
23665,0.1554843
23666,0.27868956
23667,0.016591866
23668,0.09722543
23669,0.04619574
23670,0.028332425
23671,0.035470363
23672,0.3601161
23673,0.020375866
23674,0.049605735
23675,0.048793904
23676,0.037567705
23677,0.12589498
23678,0.39439914
23679,0.06482786
23680,0.07769456
23681,0.02492227
23682,0.05289659
23683,0.068174444
23684,0.012191624
23685,0.018962743
23686,0.031160861
23687,0.012803168
23688,0.117582366
23689,0.16331321
23690,0.10000195
23691,0.10940302
23692,0.07100825
23693,0.009891251
23694,0.03462052
23695,0.036220957
23696,0.03345441
23697,0.04316162
23698,0.004843615
23699,0.098067425
23700,0.06490566
23701,0.23351395
23702,0.016939193
23703,0.045093883
23704,0.035095617
23705,0.023824202
23706,0.0143680945
23707,0.030050393
23708,0.052697144
23709,0.019587865
23710,0.026585704
23711,0.07669675
23712,0.1798394
23713,0.19831544
23714,0.043496545
23715,0.046380337
23716,0.040586412
23717,0.10212512
23718,0.062316053
23719,0.06508727
23720,0.013309336
23721,0.033101887
23722,0.2594802
23723,0.032579
23724,0.031510163
23725,0.035646684
23726,0.0059052436
23727,0.15050922
23728,0.07605971
23729,0.26278645
23730,0.24726856
23731,0.2551894
23732,0.07558553
23733,0.050850887
23734,0.020059591
23735,0.05900777
23736,0.05673392
23737,0.12941259
23738,0.052347247
23739,0.57466835
23740,0.11708009
23741,0.12003577
23742,0.059212714
23743,0.01775937
23744,0.010437338
23745,0.011746933
23746,0.06610298
23747,0.027026884
23748,0.02047134
23749,0.020992873
23750,0.02546016
23751,0.09807377
23752,0.05085375
23753,0.09232408
23754,0.07920857
23755,0.1247011
23756,0.15141952
23757,0.35545596
23758,0.073114656
23759,0.028517345
23760,0.09035392
23761,0.01852387
23762,0.05090106
23763,0.025325375
23764,0.0101008
23765,0.081692144
23766,0.06442506
23767,0.123737976
23768,0.044510614
23769,0.1043688
23770,0.0439554
23771,0.06308542
23772,0.027100476
23773,0.01860567
23774,0.14108531
23775,0.01261675
23776,0.073828936
23777,0.03387905
23778,0.011623555
23779,0.023321902
23780,0.041475628
23781,0.062985055
23782,0.0871639
23783,0.12797734
23784,0.11277145
23785,0.26524824
23786,0.23881905
23787,0.16554394
23788,0.015242546
23789,0.11324459
23790,0.016093018
23791,0.063503444
23792,0.042822063
23793,0.09046992
23794,0.034147825
23795,0.023687195
23796,0.053884655
23797,0.03798855
23798,0.016831858
23799,0.055423185
23800,0.08327411
23801,0.03217821
23802,0.06500709
23803,0.02419579
23804,0.032000996
23805,0.01679947
23806,0.013998271
23807,0.08337836
23808,0.014666701
23809,0.046561003
23810,0.10496528
23811,0.06993984
23812,0.14814697
23813,0.29816324
23814,0.119683295
23815,0.12738909
23816,0.07173385
23817,0.08584287
23818,0.085243344
23819,0.109513015
23820,0.06348829
23821,0.011442188
23822,0.016289253
23823,0.18675096
23824,0.07298911
23825,0.0801803
23826,0.06682126
23827,0.07873739
23828,0.018551826
23829,0.027444324
23830,0.019785106
23831,0.02405063
23832,0.047952455
23833,0.2894799
23834,0.07135522
23835,0.05624649
23836,0.12828583
23837,0.8115021
23838,0.10588735
23839,0.01773219
23840,0.12210489
23841,0.06796519
23842,0.16957116
23843,0.25707906
23844,0.08454494
23845,0.01963734
23846,0.054714713
23847,0.04383665
23848,0.09639994
23849,0.15934764
23850,0.041594293
23851,0.16226387
23852,0.08630569
23853,0.0942156
23854,0.014607163
23855,0.023883097
23856,0.0674614
23857,0.08585415
23858,0.017055416
23859,0.12542057
23860,0.1546237
23861,0.25572583
23862,0.087193884
23863,0.035433073
23864,0.11646101
23865,0.16824745
23866,0.18767048
23867,0.06668023
23868,0.009284691
23869,0.060370147
23870,0.023550333
23871,0.009478531
23872,0.06503934
23873,0.5621787
23874,0.039230768
23875,0.12033991
23876,0.31229693
23877,0.14639558
23878,0.020311583
23879,0.05570299
23880,0.062974066
23881,0.26528478
23882,0.26401314
23883,0.010182702
23884,0.09763295
23885,0.099993855
23886,0.15804555
23887,0.25121957
23888,0.14420503
23889,0.17005636
23890,0.4165492
23891,0.098219484
23892,0.019942533
23893,0.057379782
23894,0.08838633
23895,0.061513767
23896,0.19861174
23897,0.9419258
23898,0.05151522
23899,0.4291611
23900,0.019041311
23901,0.049506653
23902,0.26341236
23903,0.015733913
23904,0.060610805
23905,0.09022944
23906,0.018777458
23907,0.053822316
23908,0.0026194116
23909,0.31536683
23910,0.12730795
23911,0.09346188
23912,0.26596048
23913,0.1537381
23914,0.18352863
23915,0.29160655
23916,0.33792394
23917,0.27197954
23918,0.23830938
23919,0.124040686
23920,0.91487557
23921,0.28785193
23922,0.33829582
23923,0.0053174756
23924,0.026179768
23925,0.15661547
23926,0.0623463
23927,0.030959656
23928,0.019284554
23929,0.06345726
23930,0.007869328
23931,0.013433484
23932,0.02410392
23933,0.06969651
23934,0.10783771
23935,0.108229406
23936,0.13273995
23937,0.09313341
23938,0.2519482
23939,0.21593295
23940,0.02933766
23941,0.10467255
23942,0.2772235
23943,0.019012677
23944,0.066110596
23945,0.9135116
23946,0.96995103
23947,0.6770033
23948,0.029516883
23949,0.08697233
23950,0.43733075
23951,0.08429696
23952,0.018440833
23953,0.06411985
23954,0.0072796964
23955,0.06319459
23956,0.08880946
23957,0.06317425
23958,0.013258536
23959,0.40086278
23960,0.02100532
23961,0.033766504
23962,0.13530432
23963,0.122387365
23964,0.06052995
23965,0.054079846
23966,0.35682848
23967,0.08634742
23968,0.026157593
23969,0.121315144
23970,0.106151015
23971,0.11217082
23972,0.9495418
23973,0.96243507
23974,0.6031831
23975,0.017039822
23976,0.15963289
23977,0.03151111
23978,0.41721916
23979,0.09056886
23980,0.26463112
23981,0.048679292
23982,0.096925266
23983,0.025311619
23984,0.09605527
23985,0.12090029
23986,0.15506169
23987,0.13606901
23988,0.53548473
23989,0.36047274
23990,0.3297567
23991,0.15237221
23992,0.09181501
23993,0.071600154
23994,0.11995593
23995,0.049834374
23996,0.039772086
23997,0.13718785
23998,0.14217211
23999,0.06767933
24000,0.09482518
24001,0.024911316
24002,0.97359884
24003,0.95953816
24004,0.96523136
24005,0.098533995
24006,0.04534411
24007,0.24277648
24008,0.38038588
24009,0.030384889
24010,0.008549818
24011,0.020862807
24012,0.045516867
24013,0.108349144
24014,0.05677225
24015,0.266078
24016,0.95011747
24017,0.07483744
24018,0.11351777
24019,0.102335215
24020,0.17319046
24021,0.07821569
24022,0.28231502
24023,0.23765711
24024,0.032920394
24025,0.09353793
24026,0.1128963
24027,0.10938535
24028,0.046487994
24029,0.027271373
24030,0.29349998
24031,0.28611496
24032,0.26836964
24033,0.065833576
24034,0.114153124
24035,0.01132672
24036,0.07804533
24037,0.18258305
24038,0.032748703
24039,0.048991352
24040,0.04865345
24041,0.022279333
24042,0.04981355
24043,0.050664622
24044,0.1719832
24045,0.69037706
24046,0.26725534
24047,0.27686337
24048,0.12889428
24049,0.16962843
24050,0.26995987
24051,0.51791704
24052,0.09885357
24053,0.030104922
24054,0.04061393
24055,0.035587277
24056,0.15020455
24057,0.15990587
24058,0.23760541
24059,0.4569991
24060,0.26142263
24061,0.1515622
24062,0.95920825
24063,0.15203057
24064,0.015552132
24065,0.23743588
24066,0.26992914
24067,0.023903796
24068,0.0565679
24069,0.49735805
24070,0.07079596
24071,0.04011713
24072,0.042078953
24073,0.051648244
24074,0.156022
24075,0.38994035
24076,0.26672405
24077,0.48878685
24078,0.29319277
24079,0.14865631
24080,0.15234314
24081,0.25942752
24082,0.025632791
24083,0.16092573
24084,0.08647723
24085,0.056534216
24086,0.33866304
24087,0.27146098
24088,0.05318303
24089,0.5632097
24090,0.27117044
24091,0.0052965702
24092,0.08423529
24093,0.114561506
24094,0.08016878
24095,0.013120463
24096,0.034742497
24097,0.06832614
24098,0.09953961
24099,0.11284179
24100,0.14073527
24101,0.33049473
24102,0.8988539
24103,0.3519015
24104,0.4084338
24105,0.6421923
24106,0.11523802
24107,0.07552128
24108,0.06954997
24109,0.14737797
24110,0.1792512
24111,0.0757637
24112,0.027940158
24113,0.06496279
24114,0.12973866
24115,0.018596243
24116,0.003985556
24117,0.050859686
24118,0.10594325
24119,0.022335323
24120,0.016765373
24121,0.04306744
24122,0.019074444
24123,0.014014942
24124,0.03458231
24125,0.081032075
24126,0.059804134
24127,0.09754972
24128,0.26647538
24129,0.1593992
24130,0.2468383
24131,0.71207786
24132,0.6540683
24133,0.2686607
24134,0.21643236
24135,0.058928456
24136,0.10789474
24137,0.017788325
24138,0.008423854
24139,0.9888301
24140,0.053692386
24141,0.019149864
24142,0.06672931
24143,0.052680105
24144,0.11393251
24145,0.041494973
24146,0.0522301
24147,0.016389864
24148,0.04899097
24149,0.005129542
24150,0.016978743
24151,0.019863307
24152,0.034069728
24153,0.09581316
24154,0.122237876
24155,0.53105724
24156,0.40072748
24157,0.24529062
24158,0.98126066
24159,0.39928743
24160,0.4488175
24161,0.25912088
24162,0.042678453
24163,0.03330158
24164,0.051746827
24165,0.049250282
24166,0.017563798
24167,0.040191285
24168,0.06259029
24169,0.4636693
24170,0.19419874
24171,0.41258284
24172,0.028499423
24173,0.10535743
24174,0.1208109
24175,0.13328043
24176,0.2692692
24177,0.048544157
24178,0.04816244
24179,0.15344895
24180,0.8219023
24181,0.46543977
24182,0.6104727
24183,0.26892546
24184,0.26920834
24185,0.15776893
24186,0.11438763
24187,0.039387655
24188,0.02148428
24189,0.030475115
24190,0.1235738
24191,0.13347918
24192,0.064383715
24193,0.19841927
24194,0.023336513
24195,0.07630641
24196,0.010577983
24197,0.28250176
24198,0.04392165
24199,0.013176222
24200,0.1302123
24201,0.2510639
24202,0.032753892
24203,0.24888763
24204,0.15926394
24205,0.07639516
24206,0.12198007
24207,0.031799138
24208,0.08934555
24209,0.08250986
24210,0.039797388
24211,0.124575086
24212,0.11944956
24213,0.04088848
24214,0.01020263
24215,0.11356787
24216,0.011307961
24217,0.20303196
24218,0.0057179974
24219,0.03723457
24220,0.13410364
24221,0.043092795
24222,0.050402604
24223,0.04883485
24224,0.15664038
24225,0.3381918
24226,0.5426386
24227,0.088515274
24228,0.013583056
24229,0.017446574
24230,0.029007444
24231,0.05664623
24232,0.07394887
24233,0.15691641
24234,0.016154332
24235,0.026748445
24236,0.017600536
24237,0.032074217
24238,0.019345568
24239,0.016193042
24240,0.026233058
24241,0.007203193
24242,0.086687386
24243,0.10521155
24244,0.34134555
24245,0.015512479
24246,0.018769475
24247,0.03434305
24248,0.089726016
24249,0.109541565
24250,0.42957285
24251,0.10498609
24252,0.017083904
24253,0.010540262
24254,0.24823757
24255,0.012950058
24256,0.035126794
24257,0.016809616
24258,0.08436147
24259,0.25267366
24260,0.05780499
24261,0.010686046
24262,0.011419564
24263,0.2615165
24264,0.029631753
24265,0.016893623
24266,0.026990363
24267,0.14366814
24268,0.07371225
24269,0.046537578
24270,0.02347558
24271,0.03193028
24272,0.07758857
24273,0.4062046
24274,0.036460232
24275,0.021047935
24276,0.030747645
24277,0.043900345
24278,0.06601335
24279,0.27003178
24280,0.07364454
24281,0.27370647
24282,0.099141285
24283,0.032075282
24284,0.051211882
24285,0.053995617
24286,0.033774637
24287,0.264734
24288,0.15736051
24289,0.019213298
24290,0.11584196
24291,0.058220387
24292,0.012469657
24293,0.3137073
24294,0.8121213
24295,0.2377761
24296,0.11200001
24297,0.015929485
24298,0.09478415
24299,0.05075167
24300,0.04264135
24301,0.11054379
24302,0.09920667
24303,0.10955421
24304,0.94316524
24305,0.019383196
24306,0.080013245
24307,0.01704312
24308,0.08599936
24309,0.071792714
24310,0.020463366
24311,0.041222587
24312,0.14249279
24313,0.32277787
24314,0.07555011
24315,0.25529405
24316,0.02287369
24317,0.052449312
24318,0.10297409
24319,0.0357451
24320,0.028177803
24321,0.06291021
24322,0.07234924
24323,0.028988067
24324,0.02087059
24325,0.06257596
24326,0.017952906
24327,0.15280628
24328,0.041718762
24329,0.04201554
24330,0.037168395
24331,0.08265412
24332,0.10717532
24333,0.019581236
24334,0.059622794
24335,0.972266
24336,0.065382674
24337,0.12219341
24338,0.049752776
24339,0.041197907
24340,0.055754427
24341,0.05051468
24342,0.017373
24343,0.1984382
24344,0.030663868
24345,0.015910344
24346,0.052716702
24347,0.24209498
24348,0.020450927
24349,0.009475342
24350,0.23085323
24351,0.041186277
24352,0.05333432
24353,0.38141245
24354,0.027038988
24355,0.023635231
24356,0.005149549
24357,0.019888839
24358,0.013280592
24359,0.05025268
24360,0.03418685
24361,0.15353744
24362,0.079617605
24363,0.0075531155
24364,0.06388498
24365,0.14770281
24366,0.09807267
24367,0.07693572
24368,0.07248178
24369,0.05551755
24370,0.017317435
24371,0.15229326
24372,0.18122002
24373,0.23074643
24374,0.009554026
24375,0.033401527
24376,0.017811071
24377,0.014699333
24378,0.018612066
24379,0.016478166
24380,0.020403784
24381,0.0176477
24382,0.00912105
24383,0.015915839
24384,0.016949598
24385,0.008257382
24386,0.02732884
24387,0.055431824
24388,0.05637976
24389,0.11625809
24390,0.005431644
24391,0.12668957
24392,0.010291095
24393,0.2625998
24394,0.021067638
24395,0.028657464
24396,0.016218564
24397,0.022819035
24398,0.029040799
24399,0.014871196
24400,0.0035973892
24401,0.013727049
24402,0.014394933
24403,0.009338017
24404,0.0075862734
24405,0.067091875
24406,0.026798755
24407,0.04111754
24408,0.015310727
24409,0.05169233
24410,0.015906224
24411,0.008101707
24412,0.016613508
24413,0.01257228
24414,0.104392596
24415,0.029818071
24416,0.054354206
24417,0.011702975
24418,0.011164068
24419,0.031073362
24420,0.01044197
24421,0.017152824
24422,0.10610737
24423,0.014039305
24424,0.012784186
24425,0.0107144145
24426,0.010586709
24427,0.4130311
24428,0.06420836
24429,0.06680856
24430,0.065886274
24431,0.0053632976
24432,0.09412557
24433,0.026367595
24434,0.08507247
24435,0.091759115
24436,0.14832525
24437,0.020571006
24438,0.024831284
24439,0.03012215
24440,0.034314327
24441,0.028627617
24442,0.026801927
24443,0.016189346
24444,0.038994096
24445,0.012987158
24446,0.014637945
24447,0.06711918
24448,0.067067325
24449,0.028303692
24450,0.15942293
24451,0.013331563
24452,0.023351362
24453,0.01617518
24454,0.018013965
24455,0.05875477
24456,0.015871497
24457,0.02938375
24458,0.032992356
24459,0.009982907
24460,0.032966282
24461,0.2611565
24462,0.15331252
24463,0.02046906
24464,0.09398484
24465,0.019759929
24466,0.032718766
24467,0.051978037
24468,0.03803285
24469,0.055910897
24470,0.04266238
24471,0.008442221
24472,0.11404076
24473,0.03966072
24474,0.068160474
24475,0.12170473
24476,0.22134829
24477,0.042595718
24478,0.013490992
24479,0.24939632
24480,0.06146753
24481,0.26353538
24482,0.08552236
24483,0.1127494
24484,0.027992172
24485,0.018434064
24486,0.0889113
24487,0.0139333345
24488,0.03861934
24489,0.016866785
24490,0.11357941
24491,0.03327272
24492,0.6567146
24493,0.25972128
24494,0.036788486
24495,0.13045612
24496,0.055070024
24497,0.05128519
24498,0.018152485
24499,0.014173162
24500,0.03823304
24501,0.09390848
24502,0.36578926
24503,0.44556138
24504,0.4493189
24505,0.039984837
24506,0.064497024
24507,0.11480174
24508,0.1474968
24509,0.009568239
24510,0.021488365
24511,0.06148626
24512,0.04247872
24513,0.06980305
24514,0.07848572
24515,0.031369142
24516,0.3806325
24517,0.11479224
24518,0.12604663
24519,0.38113376
24520,0.10094416
24521,0.02141048
24522,0.384622
24523,0.018098105
24524,0.067277685
24525,0.263381
24526,0.056025807
24527,0.056117952
24528,0.039868113
24529,0.05905647
24530,0.08580635
24531,0.08946633
24532,0.08442941
24533,0.032536693
24534,0.032657944
24535,0.062393688
24536,0.14876927
24537,0.045665085
24538,0.030119877
24539,0.0665426
24540,0.06468993
24541,0.078303955
24542,0.029343504
24543,0.043344006
24544,0.037218217
24545,0.09492329
24546,0.029203951
24547,0.060069922
24548,0.1482633
24549,0.061733525
24550,0.2514148
24551,0.050307143
24552,0.04012555
24553,0.023723176
24554,0.016153265
24555,0.016128896
24556,0.015832629
24557,0.40459022
24558,0.10703378
24559,0.065040626
24560,0.22398861
24561,0.1403402
24562,0.09277372
24563,0.060789034
24564,0.041752137
24565,0.059546478
24566,0.06737564
24567,0.17598695
24568,0.2604456
24569,0.018466787
24570,0.019994695
24571,0.046777286
24572,0.008696637
24573,0.034687746
24574,0.27807856
24575,0.022868173
24576,0.051770598
24577,0.010258552
24578,0.05575973
24579,0.038483124
24580,0.030663285
24581,0.12544098
24582,0.47648448
24583,0.06313694
24584,0.083770655
24585,0.021302141
24586,0.022824233
24587,0.05207472
24588,0.072905466
24589,0.013190985
24590,0.029724367
24591,0.0124486275
24592,0.12036928
24593,0.16935824
24594,0.101793684
24595,0.11815881
24596,0.07315434
24597,0.0104831895
24598,0.035259638
24599,0.03588425
24600,0.037373655
24601,0.043644585
24602,0.10033746
24603,0.06661636
24604,0.18677817
24605,0.016554495
24606,0.045278616
24607,0.034755353
24608,0.022148356
24609,0.02264222
24610,0.027885772
24611,0.05636852
24612,0.020440053
24613,0.024905562
24614,0.0728867
24615,0.25416136
24616,0.21583669
24617,0.046220697
24618,0.046454325
24619,0.04121725
24620,0.10191259
24621,0.0673021
24622,0.06642989
24623,0.015586566
24624,0.0075183418
24625,0.02795994
24626,0.262682
24627,0.033347253
24628,0.03160971
24629,0.035332777
24630,0.008146825
24631,0.14935279
24632,0.07627992
24633,0.36043775
24634,0.2841401
24635,0.14799717
24636,0.07715956
24637,0.048475236
24638,0.022027845
24639,0.06367892
24640,0.05589412
24641,0.14089775
24642,0.056178905
24643,0.6184329
24644,0.1198591
24645,0.023285834
24646,0.12125532
24647,0.058539532
24648,0.049502503
24649,0.017286263
24650,0.011048895
24651,0.012230876
24652,0.06803511
24653,0.027591586
24654,0.02101864
24655,0.013637375
24656,0.027404565
24657,0.023123832
24658,0.100450166
24659,0.05359879
24660,0.09906966
24661,0.079368174
24662,0.12404475
24663,0.15487681
24664,0.3243656
24665,0.07193976
24666,0.027137995
24667,0.09092313
24668,0.019762842
24669,0.048064835
24670,0.024477782
24671,0.08420357
24672,0.064763755
24673,0.124169275
24674,0.04008684
24675,0.106640205
24676,0.04449082
24677,0.06604413
24678,0.03084975
24679,0.017913666
24680,0.14835885
24681,0.031042326
24682,0.07750562
24683,0.032337975
24684,0.010507976
24685,0.026565976
24686,0.042315263
24687,0.069628865
24688,0.09148059
24689,0.15431783
24690,0.110113494
24691,0.39455536
24692,0.24272865
24693,0.2542026
24694,0.014366667
24695,0.10849198
24696,0.013086898
24697,0.06109212
24698,0.045308672
24699,0.09238589
24700,0.03351353
24701,0.022707779
24702,0.05691663
24703,0.037973456
24704,0.0147934435
24705,0.05706618
24706,0.08665428
24707,0.03360819
24708,0.06901961
24709,0.03145091
24710,0.014209846
24711,0.08632776
24712,0.019588415
24713,0.048896074
24714,0.10476098
24715,0.07198282
24716,0.14162196
24717,0.35386467
24718,0.12522331
24719,0.12264628
24720,0.073124066
24721,0.16203247
24722,0.0895316
24723,0.108201645
24724,0.06709154
24725,0.011001959
24726,0.008681024
24727,0.021629805
24728,0.28880042
24729,0.078688174
24730,0.0851427
24731,0.07019361
24732,0.0826608
24733,0.019475538
24734,0.028188609
24735,0.025251616
24736,0.04615602
24737,0.28622016
24738,0.07123758
24739,0.059699345
24740,0.12192607
24741,0.7682735
24742,0.11007286
24743,0.020110412
24744,0.20507327
24745,0.07408385
24746,0.27123743
24747,0.2696914
24748,0.08207443
24749,0.06257543
24750,0.047243204
24751,0.10694744
24752,0.1637863
24753,0.043523654
24754,0.16548866
24755,0.08413683
24756,0.0059489785
24757,0.08629717
24758,0.023414673
24759,0.06206758
24760,0.083477266
24761,0.018464958
24762,0.13118835
24763,0.15092525
24764,0.25383827
24765,0.08977443
24766,0.03399914
24767,0.118159436
24768,0.1608135
24769,0.19003613
24770,0.07305126
24771,0.009342643
24772,0.06244495
24773,0.022960097
24774,0.00945111
24775,0.06948804
24776,0.54502994
24777,0.03937805
24778,0.12513298
24779,0.46397638
24780,0.14474583
24781,0.019044163
24782,0.01285217
24783,0.05604872
24784,0.06506947
24785,0.26002583
24786,0.47888127
24787,0.009070368
24788,0.19935012
24789,0.10688042
24790,0.26472208
24791,0.24739332
24792,0.1431698
24793,0.17845519
24794,0.35950682
24795,0.09812851
24796,0.057641648
24797,0.091824405
24798,0.06076691
24799,0.27423757
24800,0.9632959
24801,0.0061915494
24802,0.05238188
24803,0.42381722
24804,0.018332563
24805,0.054322105
24806,0.19079098
24807,0.018972505
24808,0.06530278
24809,0.0934487
24810,0.019447481
24811,0.052676253
24812,0.006805049
24813,0.43760064
24814,0.047583245
24815,0.096841626
24816,0.27443558
24817,0.14138886
24818,0.2708141
24819,0.4003791
24820,0.27925476
24821,0.028448902
24822,0.26663044
24823,0.23321941
24824,0.12185382
24825,0.9983314
24826,0.2784805
24827,0.29323244
24828,0.007856375
24829,0.024378058
24830,0.24879643
24831,0.06315624
24832,0.031978875
24833,0.020711476
24834,0.01364081
24835,0.07214308
24836,0.0089561585
24837,0.012040004
24838,0.027440982
24839,0.15887679
24840,0.10848372
24841,0.108567
24842,0.12816682
24843,0.095234364
24844,0.29582888
24845,0.25372863
24846,0.03122641
24847,0.11150148
24848,0.27568662
24849,0.019131688
24850,0.066577174
24851,0.9759014
24852,0.99434674
24853,0.6195177
24854,0.030954383
24855,0.020940982
24856,0.08933719
24857,0.44392255
24858,0.09170378
24859,0.06897462
24860,0.061141614
24861,0.072785966
24862,0.06919019
24863,0.013421301
24864,0.43179044
24865,0.022986036
24866,0.03708558
24867,0.1231756
24868,0.119502686
24869,0.06609126
24870,0.055847343
24871,0.1425801
24872,0.08828163
24873,0.025394794
24874,0.12276598
24875,0.10696676
24876,0.10584236
24877,0.95563954
24878,0.94538414
24879,0.65717477
24880,0.16436249
24881,0.03402974
24882,0.011728119
24883,0.27820387
24884,0.09126959
24885,0.26972902
24886,0.050370194
24887,0.10017865
24888,0.024067726
24889,0.09850534
24890,0.1198155
24891,0.15544902
24892,0.14254831
24893,0.50645214
24894,0.41476458
24895,0.34444174
24896,0.14066334
24897,0.0941207
24898,0.070948616
24899,0.1253818
24900,0.05145689
24901,0.038315672
24902,0.023977235
24903,0.1291936
24904,0.14339247
24905,0.073807105
24906,0.097580895
24907,0.025673037
24908,1.0081183
24909,0.98452395
24910,1.0005718
24911,0.09739766
24912,0.04830414
24913,0.24476692
24914,0.39088878
24915,0.030357946
24916,0.011195835
24917,0.019387567
24918,0.027182994
24919,0.045155436
24920,0.10897927
24921,0.060002804
24922,0.4109541
24923,0.9896737
24924,0.079046704
24925,0.1190007
24926,0.104837805
24927,0.15769094
24928,0.07776137
24929,0.299637
24930,0.12261389
24931,0.032465372
24932,0.09697812
24933,0.11529232
24934,0.11411694
24935,0.04714933
24936,0.024221348
24937,0.28244597
24938,0.27149916
24939,0.15958151
24940,0.07302522
24941,0.029271651
24942,0.114633664
24943,0.07907004
24944,0.28411543
24945,0.03329584
24946,0.048589528
24947,0.04871252
24948,0.025183901
24949,0.050112523
24950,0.052003857
24951,0.4563707
24952,0.6940151
24953,0.3971772
24954,0.17266665
24955,0.12977523
24956,0.18301228
24957,0.15136044
24958,0.58395135
24959,0.10127782
24960,0.040905718
24961,0.03174862
24962,0.25211152
24963,0.1582701
24964,0.33018786
24965,0.4854984
24966,0.40825015
24967,0.25662947
24968,0.9046267
24969,0.14677654
24970,0.01837449
24971,0.23523045
24972,0.26962873
24973,0.022951938
24974,0.06145798
24975,0.27563924
24976,0.069986895
24977,0.04306686
24978,0.04115907
24979,0.05203417
24980,0.15091172
24981,0.41358614
24982,0.26754647
24983,0.49622053
24984,0.28743097
24985,0.16078646
24986,0.15092516
24987,0.3981618
24988,0.026499288
24989,0.15389521
24990,0.08882412
24991,0.05599147
24992,0.46019545
24993,0.26690862
24994,0.062479835
24995,0.54772705
24996,0.27412495
24997,0.0058549773
24998,0.08693785
24999,0.11428
25000,0.08694089
25001,0.013248247
25002,0.011791388
25003,0.009026668
25004,0.03246481
25005,0.06793651
25006,0.09366059
25007,0.10734791
25008,0.13068554
25009,0.43339565
25010,0.97678787
25011,0.415089
25012,0.39801803
25013,0.6893858
25014,0.11455916
25015,0.07823824
25016,0.07129864
25017,0.14783032
25018,0.16679351
25019,0.07710602
25020,0.027691806
25021,0.004306782
25022,0.070682816
25023,0.13105144
25024,0.020408489
25025,0.0499789
25026,0.10794761
25027,0.018076
25028,0.039204195
25029,0.020221952
25030,0.022885136
25031,0.01280977
25032,0.036746368
25033,0.07679384
25034,0.06372902
25035,0.09633919
25036,0.19602834
25037,0.27046618
25038,0.26002154
25039,0.7739418
25040,0.686923
25041,0.41853595
25042,0.21864125
25043,0.04742931
25044,0.022934264
25045,0.060047783
25046,0.11007992
25047,0.01666054
25048,0.030564649
25049,0.9680933
25050,0.05586453
25051,0.018045705
25052,0.06727237
25053,0.054789938
25054,0.11730064
25055,0.041209664
25056,0.054785226
25057,0.017702525
25058,0.04967087
25059,0.017186526
25060,0.018769521
25061,0.033580936
25062,0.09456251
25063,0.12454015
25064,0.55313396
25065,0.41346774
25066,0.24186121
25067,0.96453846
25068,0.3935428
25069,0.50826055
25070,0.26463735
25071,0.045062356
25072,0.028233532
25073,0.053249933
25074,0.050117955
25075,0.039230127
25076,0.06873127
25077,0.43654123
25078,0.20157462
25079,0.2026009
25080,0.030112296
25081,0.1036072
25082,0.120385855
25083,0.14704818
25084,0.27054095
25085,0.12379972
25086,0.030968903
25087,0.05031754
25088,0.14803338
25089,0.8347386
25090,0.18730865
25091,0.6196045
25092,0.17689276
25093,0.26946735
25094,0.18183373
25095,0.22824012
25096,0.036261287
25097,0.021754744
25098,0.011783254
25099,0.013345994
25100,0.039117135
25101,0.02908144
25102,0.118337624
25103,0.13227688
25104,0.06727224
25105,0.28306246
25106,0.027712155
25107,0.082354024
25108,0.011756082
25109,0.3332896
25110,0.042482242
25111,0.014748868
25112,0.11896118
25113,0.25130475
25114,0.032894198
25115,0.00480629
25116,0.24248485
25117,0.16755933
25118,0.08551297
25119,0.12948674
25120,0.030165156
25121,0.09264144
25122,0.08350811
25123,0.04159122
25124,0.12556912
25125,0.12009477
25126,0.043113634
25127,0.024261583
25128,0.011116804
25129,0.23114188
25130,0.013214735
25131,0.10201525
25132,0.037581366
25133,0.03625146
25134,0.13325103
25135,0.04168558
25136,0.05371984
25137,0.010467208
25138,0.052525554
25139,0.16336508
25140,0.43843704
25141,0.59763354
25142,0.09355549
25143,0.014472258
25144,0.018902611
25145,0.01926183
25146,0.028586026
25147,0.05812367
25148,0.016549408
25149,0.073904894
25150,0.2441038
25151,0.016082274
25152,0.02761935
25153,0.017355124
25154,0.01806153
25155,0.01484421
25156,0.025483336
25157,0.09407902
25158,0.1056665
25159,0.44293097
25160,0.016007196
25161,0.015765304
25162,0.03692508
25163,0.089185275
25164,0.11217319
25165,0.42591032
25166,0.115068726
25167,0.01572044
25168,0.24925466
25169,0.013369019
25170,0.03820201
25171,0.0863203
25172,0.14727283
25173,0.060565583
25174,0.011006096
25175,0.020965498
25176,0.010363749
25177,0.25988147
25178,0.031252254
25179,0.018082533
25180,0.028204529
25181,0.1487117
25182,0.07763781
25183,0.047302272
25184,0.023959428
25185,0.03223629
25186,0.07593481
25187,0.35439563
25188,0.041442942
25189,0.0209661
25190,0.031657044
25191,0.04280557
25192,0.06913223
25193,0.26809064
25194,0.076295555
25195,0.27493608
25196,0.09651322
25197,0.030403016
25198,0.0528401
25199,0.055032678
25200,0.031153038
25201,0.27022293
25202,0.015926914
25203,0.13974614
25204,0.020022977
25205,0.114226244
25206,0.059137117
25207,0.011247701
25208,0.45052043
25209,0.7936665
25210,0.14066571
25211,0.11617106
25212,0.098798625
25213,0.05303303
25214,0.046272844
25215,0.21897043
25216,0.094669685
25217,0.10558515
25218,1.0209488
25219,0.020364039
25220,0.08298323
25221,0.017498234
25222,0.08596939
25223,0.08410427
25224,0.020995231
25225,0.041602895
25226,0.13983478
25227,0.5014082
25228,0.08209359
25229,0.270999
25230,0.023578884
25231,0.061298754
25232,0.027965678
25233,0.099965304
25234,0.035590637
25235,0.027984349
25236,0.065574154
25237,0.072219215
25238,0.026818259
25239,0.021140775
25240,0.06600411
25241,0.016697327
25242,0.16298342
25243,0.043428406
25244,0.04349625
25245,0.016870992
25246,0.035125185
25247,0.084460035
25248,0.10936112
25249,0.021440003
25250,0.05827135
25251,1.0019908
25252,0.06883264
25253,0.119678736
25254,0.052538525
25255,0.03754173
25256,0.053550366
25257,0.049654413
25258,0.016793402
25259,0.024018086
25260,0.2812849
25261,0.030702965
25262,0.0058032805
25263,0.054522455
25264,0.118635476
25265,0.02164023
25266,0.010219973
25267,0.13180469
25268,0.042801093
25269,0.024780279
25270,0.05610538
25271,0.42300257
25272,0.031081395
25273,0.023802329
25274,0.006628947
25275,0.0068337787
25276,0.018705314
25277,0.050146557
25278,0.008188058
25279,0.035069443
25280,0.2558747
25281,0.07976864
25282,0.013632182
25283,0.016265305
25284,0.07308729
25285,0.15048392
25286,0.098601215
25287,0.08113871
25288,0.07131219
25289,0.02807996
25290,0.057090323
25291,0.01715276
25292,0.06728976
25293,0.27476862
25294,0.23338526
25295,0.010019951
25296,0.034688342
25297,0.015327179
25298,0.013722403
25299,0.017606216
25300,0.015711216
25301,0.020329472
25302,0.009658228
25303,0.01754686
25304,0.009152396
25305,0.01801531
25306,0.01870411
25307,0.011783121
25308,0.024940858
25309,0.05839034
25310,0.058743346
25311,0.11382336
25312,0.0066391225
25313,0.010836122
25314,0.12848058
25315,0.17914662
25316,0.029459324
25317,0.014547587
25318,0.012088361
25319,0.026331745
25320,0.0075954436
25321,0.028244618
25322,0.015045246
25323,0.013597271
25324,0.009264326
25325,0.07008987
25326,0.026772661
25327,0.039977293
25328,0.014386532
25329,0.051214766
25330,0.016625421
25331,0.008258274
25332,0.019342313
25333,0.011126697
25334,0.1041712
25335,0.03137634
25336,0.055046763
25337,0.011779714
25338,0.012404795
25339,0.0309635
25340,0.011585576
25341,0.017929895
25342,0.10485874
25343,0.013080672
25344,0.18727627
25345,0.07063946
25346,0.068066366
25347,0.066686235
25348,0.094069526
25349,0.026029475
25350,0.013672192
25351,0.007417532
25352,0.09366023
25353,0.016881475
25354,0.0951434
25355,0.15410806
25356,0.018208776
25357,0.030308014
25358,0.034802172
25359,0.030012762
25360,0.028385812
25361,0.01381869
25362,0.040101238
25363,0.012663985
25364,0.018480405
25365,0.0070261825
25366,0.076313
25367,0.06785925
25368,0.029452363
25369,0.16177006
25370,0.019059539
25371,0.027141241
25372,0.005358318
25373,0.015337718
25374,0.0187901
25375,0.06323615
25376,0.021204855
25377,0.01787068
25378,0.032252558
25379,0.032730255
25380,0.010716526
25381,0.01606797
25382,0.029957367
25383,0.25697175
25384,0.25273222
25385,0.018775731
25386,0.20117441
25387,0.021050382
25388,0.058318365
25389,0.040066753
25390,0.059813123
25391,0.013857999
25392,0.032373033
25393,0.032829255
25394,0.038131516
25395,0.09153651
25396,0.04245316
25397,0.034871276
25398,0.030347146
25399,0.11482093
25400,0.03700451
25401,0.0688546
25402,0.040542576
25403,0.1185376
25404,0.22347522
25405,0.11388011
25406,0.044496085
25407,0.24396457
25408,0.059609905
25409,0.2567322
25410,0.07839023
25411,0.24315731
25412,0.06089703
25413,0.025350567
25414,0.018975386
25415,0.09111882
25416,0.011607262
25417,0.25355327
25418,0.6763696
25419,0.12957251
25420,0.03387686
25421,0.12745784
25422,0.056734845
25423,0.030712143
25424,0.056013588
25425,0.034165427
25426,0.01959853
25427,0.03538488
25428,0.2560353
25429,0.39949083
25430,0.41196162
25431,0.43445888
25432,0.043474663
25433,0.062999465
25434,0.11734788
25435,0.13946664
25436,0.00995144
25437,0.05987419
25438,0.0411866
25439,0.07147693
25440,0.078807496
25441,0.03373656
25442,0.39856195
25443,0.11485659
25444,0.26273626
25445,0.40273526
25446,0.11210896
25447,0.022114862
25448,0.42395148
25449,0.06689981
25450,0.30083403
25451,0.05618572
25452,0.059797846
25453,0.04076479
25454,0.09073122
25455,0.094505705
25456,0.087533705
25457,0.032896128
25458,0.040105116
25459,0.06391258
25460,0.26968408
25461,0.04479502
25462,0.027522767
25463,0.06609935
25464,0.066382214
25465,0.081591174
25466,0.04170641
25467,0.037467644
25468,0.028625352
25469,0.058356434
25470,0.1360365
25471,0.1534777
25472,0.04512005
25473,0.01555895
25474,0.016895453
25475,0.38699022
25476,0.10980431
25477,0.06274965
25478,0.2704
25479,0.28455526
25480,0.09406217
25481,0.059941098
25482,0.019779917
25483,0.022584159
25484,0.043525115
25485,0.07224556
25486,0.0876348
25487,0.25137395
25488,0.38999197
25489,0.019450396
25490,0.13122374
25491,0.05197963
25492,0.030968864
25493,0.029678572
25494,0.033310823
25495,0.2805916
25496,0.021750733
25497,0.053733367
25498,0.011378387
25499,0.049893413
25500,0.039906047
25501,0.030048894
25502,0.13239205
25503,0.30282265
25504,0.066264436
25505,0.079411276
25506,0.020060634
25507,0.021904917
25508,0.04820068
25509,0.07160232
25510,0.034532618
25511,0.121578224
25512,0.16618173
25513,0.10220676
25514,0.24089536
25515,0.07019514
25516,0.034592323
25517,0.035832986
25518,0.03523032
25519,0.042411216
25520,0.0048300643
25521,0.102210484
25522,0.065952785
25523,0.1686489
25524,0.018888297
25525,0.049030583
25526,0.034057654
25527,0.020993493
25528,0.023095176
25529,0.029460762
25530,0.05484985
25531,0.025981244
25532,0.07711124
25533,0.2676886
25534,0.3776719
25535,0.046206445
25536,0.046935122
25537,0.1038016
25538,0.07069329
25539,0.01574595
25540,0.06816545
25541,0.01676276
25542,0.029582132
25543,0.25843737
25544,0.030275265
25545,0.02978985
25546,0.035848055
25547,0.006448134
25548,0.14932758
25549,0.078666486
25550,0.36609122
25551,0.3041819
25552,0.30006638
25553,0.077912726
25554,0.049543463
25555,0.023207203
25556,0.06287233
25557,0.05491406
25558,0.13390012
25559,0.05494571
25560,0.5818161
25561,0.119941965
25562,0.12040808
25563,0.06502671
25564,0.049523138
25565,0.021465993
25566,0.06967526
25567,0.022364197
25568,0.02340178
25569,0.09772982
25570,0.054041777
25571,0.09693099
25572,0.080717094
25573,0.12612656
25574,0.14204274
25575,0.43028826
25576,0.075091645
25577,0.025934296
25578,0.09925586
25579,0.021023432
25580,0.050922927
25581,0.084713526
25582,0.065182954
25583,0.12170152
25584,0.044772126
25585,0.10402468
25586,0.045394156
25587,0.06513639
25588,0.03297904
25589,0.2463098
25590,0.010798786
25591,0.031872682
25592,0.078371644
25593,0.033247426
25594,0.011127422
25595,0.02652402
25596,0.041967984
25597,0.07227712
25598,0.09120515
25599,0.14204213
25600,0.11316599
25601,0.48679245
25602,0.23882155
25603,0.252396
25604,0.015090909
25605,0.12038724
25606,0.060959775
25607,0.04534042
25608,0.093581066
25609,0.058597695
25610,0.03704044
25611,0.058668952
25612,0.08300526
25613,0.033200257
25614,0.072597906
25615,0.031020366
25616,0.08648936
25617,0.020478044
25618,0.046564322
25619,0.106336586
25620,0.071803875
25621,0.24966346
25622,0.6435412
25623,0.121957846
25624,0.23124601
25625,0.07554406
25626,0.08770783
25627,0.08829282
25628,0.109053954
25629,0.06690577
25630,0.023305094
25631,0.19187988
25632,0.07564721
25633,0.08274355
25634,0.06832036
25635,0.082584895
25636,0.028518107
25637,0.016724138
25638,0.051748708
25639,0.2863524
25640,0.07304272
25641,0.057441767
25642,0.12844795
25643,0.84882677
25644,0.108372405
25645,0.019058296
25646,0.22514915
25647,0.06953298
25648,0.27012154
25649,0.26679182
25650,0.0833984
25651,0.020563442
25652,0.0557624
25653,0.108082004
25654,0.16387376
25655,0.04375383
25656,0.2677157
25657,0.08337355
25658,0.08951472
25659,0.016782315
25660,0.020823622
25661,0.06252621
25662,0.086374946
25663,0.015781647
25664,0.13290979
25665,0.16389085
25666,0.2562035
25667,0.08865958
25668,0.03577365
25669,0.120225646
25670,0.1648902
25671,0.4068436
25672,0.073447436
25673,0.06276004
25674,0.022599205
25675,0.15922546
25676,0.6015405
25677,0.0413537
25678,0.12339244
25679,0.4085783
25680,0.14864506
25681,0.019207314
25682,0.013736529
25683,0.051769644
25684,0.06515145
25685,0.47277075
25686,0.46475255
25687,0.00974682
25688,0.19599304
25689,0.10028365
25690,0.263186
25691,0.1578241
25692,0.1452233
25693,0.16893995
25694,0.3605614
25695,0.105202965
25696,0.057220936
25697,0.0930924
25698,0.060332466
25699,0.2725503
25700,0.90340173
25701,0.05540277
25702,0.44515577
25703,0.055083554
25704,0.2741104
25705,0.06041135
25706,0.09270029
25707,0.023168618
25708,0.052532595
25709,0.007768862
25710,0.31308287
25711,0.12889244
25712,0.09702138
25713,0.26556382
25714,0.16362119
25715,0.27362502
25716,0.32866725
25717,0.19859886
25718,0.032414783
25719,0.27421004
25720,0.23468989
25721,0.12673455
25722,0.94341594
25723,0.41600838
25724,0.4577538
25725,0.0061394605
25726,0.024205122
25727,0.1488033
25728,0.06546631
25729,0.029749053
25730,0.019965626
25731,0.013706914
25732,0.011915666
25733,0.070403494
25734,0.0066599757
25735,0.008753761
25736,0.013635515
25737,0.028408784
25738,0.15636958
25739,0.108711734
25740,0.10907744
25741,0.13251494
25742,0.19470565
25743,0.15527433
25744,0.25159323
25745,0.030950665
25746,0.10931054
25747,0.27884078
25748,0.021343742
25749,0.068272725
25750,0.8852626
25751,0.9287954
25752,0.7461882
25753,0.027619133
25754,0.018095316
25755,0.090736635
25756,0.4276851
25757,0.0850939
25758,0.018702047
25759,0.064707406
25760,0.028450882
25761,0.007727438
25762,0.012896502
25763,0.065466054
25764,0.07462061
25765,0.06561728
25766,0.013579636
25767,0.3679214
25768,0.019782847
25769,0.036663897
25770,0.13692033
25771,0.11626053
25772,0.06795031
25773,0.052995156
25774,0.2456216
25775,0.0892329
25776,0.12265699
25777,0.103571184
25778,0.1065048
25779,1.0368704
25780,0.98082536
25781,0.69958
25782,0.016351882
25783,0.07633339
25784,0.028604126
25785,0.010405285
25786,0.4297147
25787,0.09165348
25788,0.2735855
25789,0.047819883
25790,0.104002245
25791,0.09974317
25792,0.1200547
25793,0.1494481
25794,0.1430706
25795,0.5086843
25796,0.33743787
25797,0.25607848
25798,0.142458
25799,0.09557571
25800,0.07213657
25801,0.12854734
25802,0.053262316
25803,0.038687047
25804,0.13101926
25805,0.14120287
25806,0.06965533
25807,0.09918654
25808,0.023985062
25809,0.977453
25810,0.93271214
25811,0.97406113
25812,0.09168954
25813,0.046358414
25814,0.30705237
25815,0.013034873
25816,0.29779333
25817,0.009430656
25818,0.021750938
25819,0.023617405
25820,0.046333198
25821,0.11136607
25822,0.059583925
25823,0.40414917
25824,1.0608072
25825,0.06995425
25826,0.11022006
25827,0.10662891
25828,0.15229104
25829,0.081442624
25830,0.3473843
25831,0.24081877
25832,0.033844825
25833,0.09824348
25834,0.11949739
25835,0.11510465
25836,0.046876058
25837,0.025291508
25838,0.28673062
25839,0.275397
25840,0.16278048
25841,0.075557515
25842,0.026582768
25843,0.116209544
25844,0.07993522
25845,0.2841728
25846,0.033332217
25847,0.048416674
25848,0.049798585
25849,0.02226749
25850,0.051387917
25851,0.049752597
25852,0.39205402
25853,0.78274506
25854,0.2689688
25855,0.17200944
25856,0.13055141
25857,0.172808
25858,0.14865343
25859,0.55326253
25860,0.1898908
25861,0.039841656
25862,0.03201123
25863,0.13738915
25864,0.16602515
25865,0.23195268
25866,0.53123957
25867,0.26427528
25868,0.2560682
25869,0.891498
25870,0.15254349
25871,0.018396093
25872,0.23896001
25873,0.27415437
25874,0.022687694
25875,0.060385708
25876,0.2896341
25877,0.0058747036
25878,0.06947313
25879,0.041334745
25880,0.040367555
25881,0.054822437
25882,0.15031505
25883,0.44001114
25884,0.27531418
25885,0.38941306
25886,0.285512
25887,0.15718874
25888,0.17161211
25889,0.24211995
25890,0.014804755
25891,0.02391554
25892,0.16893016
25893,0.08852507
25894,0.05897743
25895,0.43113148
25896,0.27311456
25897,0.06389873
25898,0.5601685
25899,0.27328378
25900,0.0063312915
25901,0.08570694
25902,0.12087831
25903,0.08296643
25904,0.013918697
25905,0.011736427
25906,0.03299601
25907,0.0699876
25908,0.094272606
25909,0.108495824
25910,0.138473
25911,0.4318315
25912,0.8898889
25913,0.4188298
25914,0.4115775
25915,0.61257315
25916,0.11158383
25917,0.018600784
25918,0.07810764
25919,0.07545576
25920,0.15039769
25921,0.26855886
25922,0.07711677
25923,0.02743808
25924,0.06980088
25925,0.13039882
25926,0.01933183
25927,0.0053250655
25928,0.050865036
25929,0.10767592
25930,0.021203453
25931,0.04421168
25932,0.020540547
25933,0.021443527
25934,0.012439333
25935,0.038122274
25936,0.077407
25937,0.06304504
25938,0.099028885
25939,0.26384413
25940,0.15918961
25941,0.2548759
25942,0.76799834
25943,0.613798
25944,0.28110883
25945,0.22149861
25946,0.048413515
25947,0.022052567
25948,0.06407965
25949,0.109848395
25950,0.017697826
25951,0.03038086
25952,0.9608531
25953,0.055769928
25954,0.018663514
25955,0.1492572
25956,0.05628086
25957,0.23723005
25958,0.054976556
25959,0.047530692
25960,0.016002946
25961,0.03446241
25962,0.097149484
25963,0.12340534
25964,0.553452
25965,0.4019732
25966,0.2405738
25967,1.0248055
25968,0.4131682
25969,0.43438163
25970,0.16175935
25971,0.042406555
25972,0.030681806
25973,0.037562765
25974,0.0548309
25975,0.049377922
25976,0.040258568
25977,0.06704132
25978,0.43060133
25979,0.20201293
25980,0.36813867
25981,0.029895524
25982,0.10596137
25983,0.12135907
25984,0.13178125
25985,0.16305523
25986,0.051569805
25987,0.02990367
25988,0.009362738
25989,0.04827712
25990,0.15640795
25991,0.8141966
25992,0.47532496
25993,0.64197034
25994,0.39011753
25995,0.275144
25996,0.16490537
25997,0.22666806
25998,0.022246646
25999,0.040287163
26000,0.03029074
26001,0.12639037
26002,0.12854834
26003,0.06166113
26004,0.27947897
26005,0.028826755
26006,0.0813308
26007,0.010930066
26008,0.38607943
26009,0.04006644
26010,0.12335183
26011,0.24944372
26012,0.032425113
26013,0.006950298
26014,0.23887148
26015,0.18102092
26016,0.08736197
26017,0.13783959
26018,0.09483022
26019,0.08523649
26020,0.041788224
26021,0.12507138
26022,0.11871718
26023,0.026006617
26024,0.010333048
26025,0.2363392
26026,0.012569277
26027,0.015156717
26028,0.09883148
26029,0.0071531856
26030,0.03678059
26031,0.13219501
26032,0.042140245
26033,0.053941984
26034,0.010929466
26035,0.05181879
26036,0.16554263
26037,0.31974018
26038,0.5343674
26039,0.09746057
26040,0.019931536
26041,0.019030087
26042,0.028983282
26043,0.059748426
26044,0.01513575
26045,0.07400929
26046,0.24645226
26047,0.015505549
26048,0.026653724
26049,0.017108634
26050,0.031449027
26051,0.013482196
26052,0.02564536
26053,0.090115964
26054,0.10583544
26055,0.44086576
26056,0.01520361
26057,0.019444203
26058,0.03949815
26059,0.087984085
26060,0.10691742
26061,0.39162964
26062,0.11880387
26063,0.015836753
26064,0.01095713
26065,0.24855049
26066,0.014369563
26067,0.037977047
26068,0.08550256
26069,0.1445587
26070,0.058602463
26071,0.007871197
26072,0.019456761
26073,0.008631482
26074,0.23959248
26075,0.03126987
26076,0.011414448
26077,0.01679977
26078,0.028157907
26079,0.14701891
26080,0.079533204
26081,0.046813227
26082,0.024165433
26083,0.032481834
26084,0.07956217
26085,0.3861351
26086,0.037444
26087,0.022252286
26088,0.0316718
26089,0.068022706
26090,0.16216408
26091,0.079292886
26092,0.2703412
26093,0.09717547
26094,0.029791838
26095,0.016664347
26096,0.055195816
26097,0.05656123
26098,0.030845897
26099,0.18848528
26100,0.017914739
26101,0.016620697
26102,0.26546642
26103,0.018809015
26104,0.11361864
26105,0.05822313
26106,0.012245396
26107,0.2888172
26108,0.7094641
26109,0.12958704
26110,0.106524736
26111,0.017090615
26112,0.10222245
26113,0.055001456
26114,0.04545959
26115,0.22126462
26116,0.09454638
26117,0.11156489
26118,0.970586
26119,0.082122065
26120,0.018489765
26121,0.08875134
26122,0.0828541
26123,0.020646345
26124,0.041816253
26125,0.14295393
26126,0.31942624
26127,0.08168745
26128,0.25687546
26129,0.02440718
26130,0.020242939
26131,0.06184582
26132,0.026736923
26133,0.099305734
26134,0.034644943
26135,0.0063249655
26136,0.026534868
26137,0.06540895
26138,0.07590114
26139,0.027253395
26140,0.067848705
26141,0.1495153
26142,0.04327936
26143,0.045006726
26144,0.016699046
26145,0.034418825
26146,0.08837562
26147,0.109812036
26148,0.019962756
26149,0.057042617
26150,0.973445
26151,0.07046769
26152,0.12394641
26153,0.052887347
26154,0.041882887
26155,0.05436069
26156,0.047709722
26157,0.014518306
26158,0.019738901
26159,0.29206142
26160,0.03110096
26161,0.006240077
26162,0.010304033
26163,0.006673477
26164,0.017243672
26165,0.00902011
26166,0.055724435
26167,0.1208551
26168,0.019959759
26169,0.009173501
26170,0.11846876
26171,0.04374547
26172,0.024979126
26173,0.06035211
26174,0.44673628
26175,0.028678238
26176,0.008231165
26177,0.020123277
26178,0.052668475
26179,0.010053569
26180,0.035031106
26181,0.15331309
26182,0.07754832
26183,0.012947333
26184,0.017151305
26185,0.072153404
26186,0.16246249
26187,0.10477436
26188,0.08258405
26189,0.072239794
26190,0.029273946
26191,0.05861795
26192,0.017891001
26193,0.06471903
26194,0.18087557
26195,0.23358938
26196,0.0065251845
26197,0.036073044
26198,0.016009688
26199,0.015632842
26200,0.017476479
26201,0.014711023
26202,0.021598471
26203,0.010691211
26204,0.010833478
26205,0.018290184
26206,0.010490279
26207,0.026826601
26208,0.058620516
26209,0.056954917
26210,0.11259879
26211,0.13027161
26212,0.009832896
26213,0.2586691
26214,0.020328004
26215,0.013871892
26216,0.029391525
26217,0.018876089
26218,0.012728214
26219,0.0070165065
26220,0.01803276
26221,0.028337827
26222,0.013784753
26223,0.0149249155
26224,0.015091763
26225,0.00963653
26226,0.003950348
26227,0.07579955
26228,0.02692582
26229,0.03945209
26230,0.014949963
26231,0.05261704
26232,0.01746157
26233,0.00819053
26234,0.016667927
26235,0.010738346
26236,0.10647817
26237,0.03092886
26238,0.055190455
26239,0.005683838
26240,0.012470265
26241,0.029970914
26242,0.010435776
26243,0.014212239
26244,0.10522013
26245,0.014980817
26246,0.011493361
26247,0.011280793
26248,0.27270582
26249,0.06973372
26250,0.069493935
26251,0.063525
26252,0.005377179
26253,0.09702971
26254,0.02566876
26255,0.095446825
26256,0.017996028
26257,0.095600784
26258,0.15558814
26259,0.020140206
26260,0.012365946
26261,0.035978016
26262,0.028419282
26263,0.008018227
26264,0.014674333
26265,0.013575301
26266,0.012632536
26267,0.041062
26268,0.014255737
26269,0.07829571
26270,0.06414307
26271,0.030250123
26272,0.16060926
26273,0.018500794
26274,0.023411788
26275,0.0061736833
26276,0.014528413
26277,0.017378952
26278,0.06324548
26279,0.020537134
26280,0.029239208
26281,0.033230945
26282,0.010275754
26283,0.012460439
26284,0.016902454
26285,0.031793684
26286,0.2626403
26287,0.16619521
26288,0.009004398
26289,0.093701206
26290,0.013250256
26291,0.02034027
26292,0.051411003
26293,0.025680808
26294,0.035071854
26295,0.031177705
26296,0.04550373
26297,0.03903917
26298,0.08890756
26299,0.0087924525
26300,0.031805214
26301,0.029374301
26302,0.12085332
26303,0.041454878
26304,0.06670438
26305,0.13431202
26306,0.35706016
26307,0.017987162
26308,0.045154754
26309,0.029529806
26310,0.26166117
26311,0.0624309
26312,0.19450313
26313,0.07219531
26314,0.123253115
26315,0.06439795
26316,0.029080324
26317,0.08762942
26318,0.006367514
26319,0.033320997
26320,0.016422346
26321,0.113924935
26322,0.033053435
26323,0.67613745
26324,0.13406837
26325,0.045450658
26326,0.036721393
26327,0.1328546
26328,0.058267385
26329,0.013520991
26330,0.032631796
26331,0.049386982
26332,0.018252255
26333,0.08663144
26334,0.25357488
26335,0.3831614
26336,0.4178011
26337,0.06313968
26338,0.11679512
26339,0.13430852
26340,0.060601704
26341,0.043758683
26342,0.07271074
26343,0.0778305
26344,0.36372402
26345,0.1216349
26346,0.12169741
26347,0.41115463
26348,0.11078296
26349,0.021424012
26350,0.41509506
26351,0.019980662
26352,0.069965154
26353,0.27099594
26354,0.055625707
26355,0.057122864
26356,0.041488413
26357,0.06276937
26358,0.08755992
26359,0.09292092
26360,0.08650431
26361,0.030925758
26362,0.032960393
26363,0.06370758
26364,0.25218266
26365,0.047256503
26366,0.029816665
26367,0.05809938
26368,0.06577568
26369,0.082789205
26370,0.036802933
26371,0.029328346
26372,0.05792723
26373,0.13171357
26374,0.14645942
26375,0.053017583
26376,0.044552267
26377,0.021023877
26378,0.018452013
26379,0.004612597
26380,0.015706373
26381,0.33105427
26382,0.10415228
26383,0.064943165
26384,0.214198
26385,0.28858688
26386,0.0935801
26387,0.061593503
26388,0.01913631
26389,0.02258852
26390,0.016543346
26391,0.044129904
26392,0.058835827
26393,0.07134972
26394,0.08875165
26395,0.24806765
26396,0.34297612
26397,0.017299928
26398,0.11477835
26399,0.04928174
26400,0.008442218
26401,0.028861905
26402,0.033813134
26403,0.27794477
26404,0.02004986
26405,0.05103778
26406,0.060804047
26407,0.038498558
26408,0.029429547
26409,0.13258943
26410,0.43541402
26411,0.06042678
26412,0.08034752
26413,0.023108816
26414,0.053315647
26415,0.07021502
26416,0.035234455
26417,0.01469986
26418,0.120131
26419,0.16120195
26420,0.10000783
26421,0.1096526
26422,0.06905554
26423,0.0100240605
26424,0.036327444
26425,0.03532286
26426,0.034939483
26427,0.043473486
26428,0.102325685
26429,0.06727754
26430,0.213854
26431,0.01778322
26432,0.045978654
26433,0.035619084
26434,0.021913646
26435,0.021067645
26436,0.0278906
26437,0.054655574
26438,0.0069984565
26439,0.026525602
26440,0.077135764
26441,0.2932128
26442,0.20707889
26443,0.04491084
26444,0.04700805
26445,0.040768724
26446,0.10426589
26447,0.068738565
26448,0.016551249
26449,0.06683037
26450,0.018371232
26451,0.029272527
26452,0.2595403
26453,0.033578638
26454,0.027448893
26455,0.00592605
26456,0.15357545
26457,0.07732522
26458,0.16272767
26459,0.32041904
26460,0.26555547
26461,0.07764315
26462,0.04988715
26463,0.02096117
26464,0.065606005
26465,0.05753429
26466,0.01016387
26467,0.1365838
26468,0.05556017
26469,0.6278807
26470,0.11540195
26471,0.022723427
26472,0.11838037
26473,0.055860363
26474,0.05055629
26475,0.017751759
26476,0.009532596
26477,0.012137408
26478,0.06514966
26479,0.027778778
26480,0.023201399
26481,0.02317585
26482,0.09748262
26483,0.05614908
26484,0.097279295
26485,0.073350474
26486,0.13280278
26487,0.30381632
26488,0.33250728
26489,0.07520801
26490,0.027232504
26491,0.09359332
26492,0.0470614
26493,0.08349317
26494,0.064201556
26495,0.12445346
26496,0.044208188
26497,0.10646983
26498,0.044396713
26499,0.07096135
26500,0.018428273
26501,0.020858042
26502,0.24920425
26503,0.010710452
26504,0.030924994
26505,0.0772449
26506,0.03205657
26507,0.009133979
26508,0.011758405
26509,0.026848696
26510,0.041984834
26511,0.07011271
26512,0.09109814
26513,0.14853019
26514,0.11448099
26515,0.19108972
26516,0.24105011
26517,0.2558231
26518,0.014780131
26519,0.1154735
26520,0.061581597
26521,0.046850313
26522,0.095768295
26523,0.035253383
26524,0.0351197
26525,0.0146735795
26526,0.057135604
26527,0.089757085
26528,0.033678155
26529,0.06834211
26530,0.03129814
26531,0.087207556
26532,0.045421712
26533,0.106710896
26534,0.07140399
26535,0.24307667
26536,0.54210806
26537,0.12184796
26538,0.12535143
26539,0.07295122
26540,0.08734991
26541,0.087353244
26542,0.10897592
26543,0.06656846
26544,0.009063685
26545,0.024220623
26546,0.3495045
26547,0.078462504
26548,0.082906745
26549,0.064516
26550,0.081483684
26551,0.020110458
26552,0.02616537
26553,0.020098008
26554,0.025602937
26555,0.05141615
26556,0.27953196
26557,0.071385816
26558,0.06526286
26559,0.11622304
26560,0.8705906
26561,0.10866347
26562,0.0188087
26563,0.25305423
26564,0.0733773
26565,0.27636564
26566,0.26878467
26567,0.08585541
26568,0.020813908
26569,0.055448618
26570,0.046295974
26571,0.107114226
26572,0.15312295
26573,0.04333224
26574,0.18874307
26575,0.08749947
26576,0.09427547
26577,0.011733152
26578,0.018878305
26579,0.06453935
26580,0.08435895
26581,0.018752525
26582,0.13562533
26583,0.1567618
26584,0.25515303
26585,0.090321265
26586,0.032416105
26587,0.1195458
26588,0.16239189
26589,0.3932349
26590,0.06813146
26591,0.060939036
26592,0.022636747
26593,0.07062425
26594,0.5358952
26595,0.12232655
26596,0.48034984
26597,0.14950292
26598,0.014619364
26599,0.018744262
26600,0.01375788
26601,0.053611387
26602,0.06561048
26603,0.39252895
26604,0.3764314
26605,0.008767435
26606,0.10798634
26607,0.100474015
26608,0.15852888
26609,0.2536922
26610,0.15200901
26611,0.17282161
26612,0.38706723
26613,0.09970167
26614,0.059038535
26615,0.09122199
26616,0.06546831
26617,0.21047646
26618,0.8243213
26619,0.053737126
26620,0.44210082
26621,0.054027073
26622,0.26860172
26623,0.05919331
26624,0.09152808
26625,0.020966012
26626,0.05379247
26627,0.0069183526
26628,0.41770113
26629,0.12769008
26630,0.09932171
26631,0.26916257
26632,0.15057819
26633,0.18036619
26634,0.40945238
26635,0.20076527
26636,0.027799627
26637,0.17320818
26638,0.23292245
26639,0.1217877
26640,0.9211599
26641,0.42044955
26642,0.43088952
26643,0.024669155
26644,0.15719594
26645,0.066018976
26646,0.033149436
26647,0.012848864
26648,0.017514816
26649,0.007506654
26650,0.06919732
26651,0.0068267644
26652,0.007528894
26653,0.013316767
26654,0.027346764
26655,0.07120649
26656,0.11091172
26657,0.11684453
26658,0.12750165
26659,0.19246568
26660,0.2537178
26661,0.23934105
26662,0.032013256
26663,0.109269954
26664,0.28852344
26665,0.018396556
26666,0.0692689
26667,1.0424811
26668,0.93787223
26669,0.66041505
26670,0.006864892
26671,0.030026605
26672,0.01789113
26673,0.090142235
26674,0.36872792
26675,0.084694915
26676,0.06876826
26677,0.008830464
26678,0.06311097
26679,0.07263855
26680,0.0669115
26681,0.012604739
26682,0.37484872
26683,0.019064076
26684,0.034164827
26685,0.13671228
26686,0.119154654
26687,0.071128726
26688,0.05623362
26689,0.24552415
26690,0.09010203
26691,0.02644976
26692,0.2400762
26693,0.108380206
26694,0.11165769
26695,1.0013463
26696,0.99659395
26697,0.62596834
26698,0.16659647
26699,0.02841166
26700,0.43832776
26701,0.092930466
26702,0.17432478
26703,0.050161064
26704,0.102191284
26705,0.02423487
26706,0.098676935
26707,0.12161807
26708,0.15371847
26709,0.14946868
26710,0.49447265
26711,0.42688864
26712,0.25021818
26713,0.14231467
26714,0.09702145
26715,0.07055789
26716,0.12341604
26717,0.05177588
26718,0.039730143
26719,0.132273
26720,0.14036809
26721,0.0680015
26722,0.09806552
26723,0.02428095
26724,0.96389115
26725,0.97644496
26726,0.98296267
26727,0.09926784
26728,0.04602667
26729,0.2479821
26730,0.010776587
26731,0.4240077
26732,0.028568052
26733,0.009328753
26734,0.02073118
26735,0.021843942
26736,0.04530589
26737,0.11079228
26738,0.059006423
26739,0.41377982
26740,0.9394458
26741,0.07617049
26742,0.13470046
26743,0.1024226
26744,0.15403923
26745,0.07881025
26746,0.33316058
26747,0.23163135
26748,0.03361952
26749,0.095146485
26750,0.115660064
26751,0.11611181
26752,0.046090394
26753,0.024622135
26754,0.40187648
26755,0.27583677
26756,0.26920378
26757,0.07391235
26758,0.029740855
26759,0.11625952
26760,0.011006232
26761,0.080298044
26762,0.28141364
26763,0.03305789
26764,0.048861735
26765,0.049555525
26766,0.021468153
26767,0.02233135
26768,0.049947504
26769,0.050428472
26770,0.47575936
26771,0.7442037
26772,0.26614603
26773,0.19933337
26774,0.12619835
26775,0.17624857
26776,0.18040419
26777,0.55381614
26778,0.097946
26779,0.039724026
26780,0.033134684
26781,0.15013178
26782,0.16090661
26783,0.12756518
26784,0.47415072
26785,0.38897815
26786,0.15286963
26787,1.013965
26788,0.14302991
26789,0.018264333
26790,0.23511043
26791,0.26942474
26792,0.022976583
26793,0.274891
26794,0.07034243
26795,0.04134376
26796,0.042220376
26797,0.052257914
26798,0.14664634
26799,0.2659143
26800,0.27025896
26801,0.45223397
26802,0.28354028
26803,0.15784255
26804,0.15589748
26805,0.23728067
26806,0.017207883
26807,0.024710134
26808,0.15859982
26809,0.08852481
26810,0.056733344
26811,0.41913676
26812,0.19181725
26813,0.06459713
26814,0.58732486
26815,0.40186757
26816,0.078600734
26817,0.120386496
26818,0.0848979
26819,0.049810212
26820,0.012838821
26821,0.034725785
26822,0.06586914
26823,0.09391922
26824,0.10728538
26825,0.13590682
26826,0.43447465
26827,0.88680613
26828,0.43006635
26829,0.2117007
26830,0.6289411
26831,0.11853674
26832,0.07708713
26833,0.0753911
26834,0.14531173
26835,0.17012839
26836,0.07834815
26837,0.027994903
26838,0.067055605
26839,0.12955275
26840,0.01958737
26841,0.0047472515
26842,0.051361278
26843,0.10853176
26844,0.022020139
26845,0.039945614
26846,0.019736841
26847,0.012702484
26848,0.035584256
26849,0.07684344
26850,0.06198425
26851,0.09656018
26852,0.4855485
26853,0.15654479
26854,0.122707285
26855,0.76305497
26856,0.70651996
26857,0.28595462
26858,0.22164975
26859,0.061517496
26860,0.10967735
26861,0.019125883
26862,0.98116314
26863,0.054404374
26864,0.017571164
26865,0.06528251
26866,0.055677697
26867,0.117903456
26868,0.04194034
26869,0.053715058
26870,0.0469326
26871,0.018899832
26872,0.032320254
26873,0.09493378
26874,0.1256829
26875,0.51273406
26876,0.38776052
26877,0.2470936
26878,0.9602703
26879,0.28522423
26880,0.43991774
26881,0.15562749
26882,0.042276178
26883,0.029367344
26884,0.053590994
26885,0.050788518
26886,0.01748547
26887,0.038102113
26888,0.0682309
26889,0.48263144
26890,0.09427771
26891,0.4167965
26892,0.031990595
26893,0.10868749
26894,0.11941174
26895,0.13310583
26896,0.26780683
26897,0.12313359
26898,0.0046449644
26899,0.031875167
26900,0.16173162
26901,0.84929395
26902,0.1703058
26903,0.6290446
26904,0.18775326
26905,0.26240876
26906,0.16431645
26907,0.22906323
26908,0.034267846
26909,0.021139072
26910,0.012145932
26911,0.041934874
26912,0.030666208
26913,0.1288951
26914,0.13092385
26915,0.07735351
26916,0.208706
26917,0.02554132
26918,0.07992965
26919,0.3953245
26920,0.04209665
26921,0.07390578
26922,0.12762585
26923,0.14828686
26924,0.0321909
26925,0.2443146
26926,0.18873844
26927,0.089594394
26928,0.1456805
26929,0.031592455
26930,0.095277935
26931,0.08581892
26932,0.03950575
26933,0.12606096
26934,0.11905346
26935,0.04382186
26936,0.025886869
26937,0.010663557
26938,0.23489039
26939,0.0082371235
26940,0.011056385
26941,0.20253871
26942,0.040001348
26943,0.03925025
26944,0.124766424
26945,0.04336575
26946,0.05290199
26947,0.049577434
26948,0.16937001
26949,0.4529425
26950,0.5374559
26951,0.09609803
26952,0.013508249
26953,0.019873226
26954,0.019290185
26955,0.028631818
26956,0.060097642
26957,0.074597165
26958,0.14791471
26959,0.016125
26960,0.027339412
26961,0.016698763
26962,0.032020267
26963,0.020288967
26964,0.013133764
26965,0.02793809
26966,0.09270789
26967,0.10395986
26968,0.34219328
26969,0.015848834
26970,0.019999107
26971,0.03613475
26972,0.09729995
26973,0.11421917
26974,0.44537434
26975,0.11414859
26976,0.017093081
26977,0.2477772
26978,0.03900842
26979,0.017076978
26980,0.08873054
26981,0.140882
26982,0.05792477
26983,0.012899767
26984,0.020799978
26985,0.008878441
26986,0.194782
26987,0.01164499
26988,0.02835285
26989,0.14718866
26990,0.07593939
26991,0.046873916
26992,0.022909574
26993,0.030511612
26994,0.08043096
26995,0.39346647
26996,0.037631392
26997,0.02216153
26998,0.032122966
26999,0.04517317
27000,0.06857001
27001,0.27039754
27002,0.07617484
27003,0.27354684
27004,0.09613541
27005,0.031502243
27006,0.016660359
27007,0.053222246
27008,0.05635191
27009,0.031345006
27010,0.40802738
27011,0.017275956
27012,0.016820833
27013,0.26700714
27014,0.020998739
27015,0.105245374
27016,0.058820132
27017,0.012041643
27018,0.2851086
27019,0.81035554
27020,0.12633073
27021,0.10908025
27022,0.015376042
27023,0.099253826
27024,0.05394299
27025,0.046327733
27026,0.10876781
27027,0.09776154
27028,0.10358239
27029,0.9647473
27030,0.08152713
27031,0.017271046
27032,0.08664363
27033,0.08236292
27034,0.01945814
27035,0.04277933
27036,0.13762534
27037,0.30366638
27038,0.07846963
27039,0.26099646
27040,0.02307058
27041,0.061833452
27042,0.027502976
27043,0.09668723
27044,0.03603032
27045,0.027735023
27046,0.0671282
27047,0.076996624
27048,0.02932535
27049,0.066883616
27050,0.1754016
27051,0.043064233
27052,0.04271189
27053,0.034059566
27054,0.085213505
27055,0.108645916
27056,0.020507444
27057,0.059430353
27058,0.90966755
27059,0.07366036
27060,0.119570926
27061,0.05186384
27062,0.0396257
27063,0.05466704
27064,0.052204937
27065,0.0153636895
27066,0.020503612
27067,0.20712784
27068,0.031512037
27069,0.0019732106
27070,0.01556061
27071,0.055718902
27072,0.122748815
27073,0.019826818
27074,0.11659716
27075,0.04436099
27076,0.026659755
27077,0.05569827
27078,0.18642242
27079,0.027508782
27080,0.022610744
27081,0.0071355547
27082,0.015706653
27083,0.051608376
27084,0.03497919
27085,0.15481973
27086,0.076059684
27087,0.012650831
27088,0.017896926
27089,0.01902908
27090,0.068516895
27091,0.254614
27092,0.10097057
27093,0.08109723
27094,0.07070664
27095,0.029254064
27096,0.05941997
27097,0.06596751
27098,0.26805186
27099,0.2337669
27100,0.034625705
27101,0.017188452
27102,0.012953862
27103,0.020308841
27104,0.014102654
27105,0.019030541
27106,0.009622257
27107,0.016675668
27108,0.009923587
27109,0.01687693
27110,0.018328242
27111,0.0233774
27112,0.05792196
27113,0.05869042
27114,0.11787118
27115,0.010510871
27116,0.13336042
27117,0.008890115
27118,0.2636649
27119,0.009152833
27120,0.009046131
27121,0.019332856
27122,0.013301259
27123,0.015632205
27124,0.011925777
27125,0.028974243
27126,0.0136155
27127,0.012602328
27128,0.0076692663
27129,0.005755964
27130,0.072667986
27131,0.02848843
27132,0.040133
27133,0.016145824
27134,0.053400677
27135,0.015451759
27136,0.016520178
27137,0.011530484
27138,0.105166964
27139,0.030368138
27140,0.053899363
27141,0.01170436
27142,0.005182731
27143,0.03002721
27144,0.011257558
27145,0.107808895
27146,0.015422716
27147,0.004408405
27148,0.010761563
27149,0.011773799
27150,0.27369225
27151,0.06814297
27152,0.06539833
27153,0.0626254
27154,0.013445143
27155,0.0051487135
27156,0.008686575
27157,0.09512902
27158,0.026583502
27159,0.015868021
27160,0.09215952
27161,0.017870555
27162,0.09812911
27163,0.008188236
27164,0.15041052
27165,0.01889494
27166,0.024935858
27167,0.03025595
27168,0.035106465
27169,0.028218877
27170,0.007162415
27171,0.0138526
27172,0.013459913
27173,0.039851256
27174,0.013614503
27175,0.0056871427
27176,0.075679205
27177,0.059875038
27178,0.17389587
27179,0.022758892
27180,0.02032621
27181,0.0072844597
27182,0.004546325
27183,0.01546843
27184,0.020591984
27185,0.059635445
27186,0.02269186
27187,0.009751013
27188,0.009811515
27189,0.014519195
27190,0.0314896
27191,0.12915643
27192,0.24533044
27193,0.010386414
27194,0.090617195
27195,0.020867897
27196,0.019826513
27197,0.032110482
27198,0.05342427
27199,0.038424626
27200,0.058881942
27201,0.032881543
27202,0.043992907
27203,0.08982969
27204,0.046604536
27205,0.007913107
27206,0.029252619
27207,0.11289888
27208,0.044811927
27209,0.06698428
27210,0.03942245
27211,0.14465518
27212,0.35937336
27213,0.046484035
27214,0.34479886
27215,0.058751594
27216,0.20608808
27217,0.069156006
27218,0.117582776
27219,0.026601477
27220,0.08930617
27221,0.0080356635
27222,0.017026966
27223,0.12064843
27224,0.03029033
27225,0.8117602
27226,0.1322877
27227,0.038013075
27228,0.12768246
27229,0.030627731
27230,0.049964562
27231,0.033675194
27232,0.018390004
27233,0.034077656
27234,0.0984469
27235,0.11991575
27236,0.43618256
27237,0.43681777
27238,0.055591043
27239,0.11550276
27240,0.13577555
27241,0.0120292995
27242,0.059922375
27243,0.04129799
27244,0.07441374
27245,0.034124754
27246,0.3832251
27247,0.2326905
27248,0.12654632
27249,0.41658506
27250,0.11201019
27251,0.3977646
27252,0.06638792
27253,0.28434056
27254,0.054441553
27255,0.057441607
27256,0.04004999
27257,0.06163307
27258,0.08615408
27259,0.089939125
27260,0.08798775
27261,0.034402825
27262,0.06433701
27263,0.46425882
27264,0.046098106
27265,0.032462947
27266,0.06530268
27267,0.06636321
27268,0.08305898
27269,0.045076754
27270,0.033594273
27271,0.029149793
27272,0.056949135
27273,0.1499691
27274,0.06172405
27275,0.1595222
27276,0.052736707
27277,0.044143643
27278,0.022309417
27279,0.017106598
27280,0.014970251
27281,0.45079148
27282,0.10465569
27283,0.06434758
27284,0.13057135
27285,0.2810913
27286,0.006999236
27287,0.09327382
27288,0.06108944
27289,0.019006314
27290,0.024971021
27291,0.043828167
27292,0.05688565
27293,0.07165739
27294,0.09083375
27295,0.17199576
27296,0.43371415
27297,0.018120108
27298,0.02235704
27299,0.04819387
27300,0.008083858
27301,0.030808147
27302,0.028078437
27303,0.033930693
27304,0.3945775
27305,0.02017439
27306,0.05181692
27307,0.061906736
27308,0.039176993
27309,0.029438356
27310,0.13175926
27311,0.40802607
27312,0.055699464
27313,0.08428074
27314,0.020743279
27315,0.022508813
27316,0.05245152
27317,0.07148102
27318,0.013522414
27319,0.03402747
27320,0.12162119
27321,0.16629831
27322,0.104095764
27323,0.11159832
27324,0.08179565
27325,0.03588787
27326,0.035368513
27327,0.03480867
27328,0.044244833
27329,0.099842235
27330,0.06106446
27331,0.1917095
27332,0.017022653
27333,0.045652997
27334,0.03560181
27335,0.023173923
27336,0.022095945
27337,0.029385144
27338,0.052378938
27339,0.025576402
27340,0.07725156
27341,0.19926043
27342,0.2639096
27343,0.047205422
27344,0.04763861
27345,0.04297917
27346,0.11050069
27347,0.071227714
27348,0.016752329
27349,0.063625716
27350,0.020512797
27351,0.031831384
27352,0.15126419
27353,0.031827886
27354,0.031209813
27355,0.006643362
27356,0.14820592
27357,0.07630896
27358,0.35666552
27359,0.3197218
27360,0.23041916
27361,0.073341444
27362,0.049358595
27363,0.021452004
27364,0.06319788
27365,0.0553168
27366,0.011634033
27367,0.13527374
27368,0.05440733
27369,0.5198008
27370,0.115304135
27371,0.01898048
27372,0.013748447
27373,0.11922934
27374,0.06153942
27375,0.047644347
27376,0.020352589
27377,0.010384669
27378,0.06878956
27379,0.029488705
27380,0.024544174
27381,0.023946362
27382,0.097414725
27383,0.05157285
27384,0.096386224
27385,0.07917098
27386,0.12382768
27387,0.2562585
27388,0.42388466
27389,0.07650318
27390,0.02900838
27391,0.092439026
27392,0.016351854
27393,0.048710432
27394,0.009692801
27395,0.083819285
27396,0.06612099
27397,0.13177325
27398,0.043673072
27399,0.10691808
27400,0.04294593
27401,0.06120593
27402,0.032244164
27403,0.017832022
27404,0.015896427
27405,0.14367522
27406,0.011623124
27407,0.031434957
27408,0.079309456
27409,0.008993572
27410,0.011593049
27411,0.026854603
27412,0.039588507
27413,0.06837941
27414,0.08667027
27415,0.12993738
27416,0.11582298
27417,0.1747623
27418,0.243582
27419,0.25096175
27420,0.01539384
27421,0.114406124
27422,0.061177325
27423,0.045961004
27424,0.092425786
27425,0.034450766
27426,0.0590328
27427,0.038505763
27428,0.015217175
27429,0.05694054
27430,0.08761838
27431,0.0327212
27432,0.06853758
27433,0.0231761
27434,0.017066775
27435,0.08585215
27436,0.042718254
27437,0.112250924
27438,0.06660144
27439,0.13861679
27440,0.5514683
27441,0.11043426
27442,0.13009124
27443,0.072144546
27444,0.08689889
27445,0.08929071
27446,0.10556963
27447,0.06547905
27448,0.2711437
27449,0.07701434
27450,0.08358248
27451,0.06961104
27452,0.08441908
27453,0.026710225
27454,0.020085689
27455,0.02557877
27456,0.04630173
27457,0.28883502
27458,0.07582648
27459,0.057431422
27460,0.12409134
27461,0.8695113
27462,0.12713337
27463,0.017083723
27464,0.118194565
27465,0.07097774
27466,0.18094587
27467,0.26634467
27468,0.0823598
27469,0.0210645
27470,0.05562185
27471,0.0456456
27472,0.10702442
27473,0.15393147
27474,0.044894274
27475,0.17079458
27476,0.09121207
27477,0.0073649366
27478,0.0886404
27479,0.025150336
27480,0.060448088
27481,0.08564993
27482,0.018003987
27483,0.13217242
27484,0.14798309
27485,0.25403878
27486,0.08907073
27487,0.036238663
27488,0.12195243
27489,0.18070574
27490,0.4553883
27491,0.06464922
27492,0.0102307135
27493,0.061645173
27494,0.024158582
27495,0.0733207
27496,0.5375761
27497,0.0403827
27498,0.12873477
27499,0.499888
27500,0.14716548
27501,0.050352324
27502,0.059877355
27503,0.45260552
27504,0.40062806
27505,0.097578734
27506,0.0961909
27507,0.15265523
27508,0.14696848
27509,0.13658637
27510,0.16461353
27511,0.4088587
27512,0.09754465
27513,0.005187416
27514,0.019890182
27515,0.05897438
27516,0.09340618
27517,0.0627347
27518,0.1805541
27519,0.9794778
27520,0.05413481
27521,0.42143512
27522,0.018859018
27523,0.05432185
27524,0.41227257
27525,0.06221726
27526,0.09059531
27527,0.020791821
27528,0.05042821
27529,0.32767507
27530,0.049916252
27531,0.09475214
27532,0.26752174
27533,0.15387943
27534,0.26757026
27535,0.4296008
27536,0.40803522
27537,0.03122212
27538,0.2706421
27539,0.23812185
27540,0.22586843
27541,0.93098146
27542,0.40670356
27543,0.43890145
27544,0.025026478
27545,0.24737357
27546,0.06649314
27547,0.031681184
27548,0.020467428
27549,0.070681304
27550,0.0062338132
27551,0.012892629
27552,0.027375642
27553,0.06874379
27554,0.11211644
27555,0.111970186
27556,0.13102235
27557,0.19473262
27558,0.24367313
27559,0.25012833
27560,0.02938472
27561,0.11353022
27562,0.27763337
27563,0.07043926
27564,1.0511361
27565,0.95543873
27566,0.58251363
27567,0.004977675
27568,0.034200836
27569,0.017944518
27570,0.18726708
27571,0.34976655
27572,0.08536233
27573,0.06901666
27574,0.028119875
27575,0.062101185
27576,0.09264406
27577,0.064877875
27578,0.013108747
27579,0.39866546
27580,0.02058366
27581,0.035129625
27582,0.12651505
27583,0.11323696
27584,0.059571896
27585,0.054899916
27586,0.24439527
27587,0.2256134
27588,0.025434278
27589,0.24752276
27590,0.10791335
27591,0.10941228
27592,1.0284138
27593,0.8265931
27594,0.67497635
27595,0.019993111
27596,0.16598806
27597,0.030037228
27598,0.011581089
27599,0.48846447
27600,0.094216965
27601,0.2668552
27602,0.0495987
27603,0.10387143
27604,0.024102136
27605,0.09882086
27606,0.1196257
27607,0.14717291
27608,0.14616293
27609,0.52236456
27610,0.3328532
27611,0.25373757
27612,0.14183138
27613,0.09496428
27614,0.07207338
27615,0.12453396
27616,0.054287158
27617,0.040012687
27618,0.024442717
27619,0.13242461
27620,0.13893491
27621,0.070765465
27622,0.09790015
27623,0.99573946
27624,0.9686151
27625,0.9357191
27626,0.09109497
27627,0.048426162
27628,0.25101826
27629,0.013047692
27630,0.29270166
27631,0.029026397
27632,0.010683306
27633,0.019812113
27634,0.0224591
27635,0.047153927
27636,0.11256484
27637,0.057785533
27638,0.4118633
27639,1.038538
27640,0.0768747
27641,0.110930085
27642,0.10448469
27643,0.15177183
27644,0.086050056
27645,0.35167617
27646,0.23655163
27647,0.03267193
27648,0.09872094
27649,0.114075966
27650,0.10405477
27651,0.04746228
27652,0.024705512
27653,0.4898692
27654,0.2767193
27655,0.2661649
27656,0.076656274
27657,0.02692092
27658,0.113263845
27659,0.012029916
27660,0.07982555
27661,0.28112036
27662,0.03324521
27663,0.04972227
27664,0.049349505
27665,0.051579203
27666,0.18121466
27667,0.77219975
27668,0.26731038
27669,0.19269957
27670,0.13079138
27671,0.17617959
27672,0.15489914
27673,0.5947048
27674,0.08384921
27675,0.040053993
27676,0.03537146
27677,0.1655722
27678,0.1622333
27679,0.124127194
27680,0.50917476
27681,0.26297343
27682,0.15419592
27683,0.91684467
27684,0.13589756
27685,0.019636108
27686,0.13642235
27687,0.28039166
27688,0.021899011
27689,0.058656227
27690,0.41426048
27691,0.07246414
27692,0.041055836
27693,0.0421149
27694,0.052736245
27695,0.14718002
27696,0.41555762
27697,0.20655951
27698,0.28378385
27699,0.28039286
27700,0.14925599
27701,0.15411651
27702,0.39954564
27703,0.024563832
27704,0.16065936
27705,0.08994448
27706,0.057377007
27707,0.4451913
27708,0.27054274
27709,0.059822526
27710,0.56332004
27711,0.39039084
27712,0.0061557693
27713,0.1729793
27714,0.11433663
27715,0.08338676
27716,0.048532274
27717,0.0144608095
27718,0.012101221
27719,0.008464326
27720,0.03279325
27721,0.0671182
27722,0.094179966
27723,0.10425937
27724,0.13867114
27725,0.42645887
27726,0.9011921
27727,0.44864345
27728,0.42745015
27729,0.5814091
27730,0.11448687
27731,0.076044984
27732,0.075762786
27733,0.2483618
27734,0.1825768
27735,0.07527209
27736,0.027261177
27737,0.06844248
27738,0.13157642
27739,0.020363957
27740,0.05042211
27741,0.107198894
27742,0.021682955
27743,0.01733368
27744,0.04340043
27745,0.016752318
27746,0.012235282
27747,0.035590306
27748,0.07988211
27749,0.061632674
27750,0.09824347
27751,0.18626177
27752,0.16314386
27753,0.25079045
27754,0.7343334
27755,0.593992
27756,0.2749826
27757,0.21107359
27758,0.02117112
27759,0.059336625
27760,0.109668404
27761,0.018427055
27762,0.031500485
27763,0.97634274
27764,0.05352374
27765,0.01886523
27766,0.06764729
27767,0.05554466
27768,0.11452487
27769,0.04196997
27770,0.056571525
27771,0.01819086
27772,0.046666257
27773,0.016907645
27774,0.033331975
27775,0.09496306
27776,0.12361469
27777,0.5505722
27778,0.41823006
27779,0.25890234
27780,0.9637883
27781,0.43236136
27782,0.48160043
27783,0.15631573
27784,0.042206343
27785,0.02940864
27786,0.036056057
27787,0.055831727
27788,0.053243767
27789,0.015842045
27790,0.03857527
27791,0.06906755
27792,0.41716748
27793,0.09388497
27794,0.37144977
27795,0.119638085
27796,0.113212414
27797,0.12295466
27798,0.14100426
27799,0.16500263
27800,0.048985697
27801,0.0048273676
27802,0.04711812
27803,0.15384309
27804,0.85891527
27805,0.45243528
27806,0.5825055
27807,0.26414204
27808,0.26803103
27809,0.1562684
27810,0.22452258
27811,0.03577165
27812,0.010228962
27813,0.025679922
27814,0.039830755
27815,0.029775683
27816,0.12489107
27817,0.14066418
27818,0.07916751
27819,0.27434382
27820,0.028327942
27821,0.084619
27822,0.39331087
27823,0.043112025
27824,0.121948205
27825,0.24349329
27826,0.032828294
27827,0.0049343845
27828,0.24645102
27829,0.17119251
27830,0.0905437
27831,0.2159389
27832,0.03056337
27833,0.09640157
27834,0.08399572
27835,0.043481883
27836,0.1277625
27837,0.120021686
27838,0.037648533
27839,0.025988748
27840,0.00951503
27841,0.24155389
27842,0.013544996
27843,0.09979755
27844,0.035685334
27845,0.13632719
27846,0.043686453
27847,0.053164326
27848,0.010993894
27849,0.051568322
27850,0.19782647
27851,0.4344219
27852,0.59243864
27853,0.09602105
27854,0.027383232
27855,0.059905116
27856,0.07384136
27857,0.14873393
27858,0.014105574
27859,0.025829758
27860,0.016293332
27861,0.032082476
27862,0.020172648
27863,0.0150155835
27864,0.026531331
27865,0.092732795
27866,0.106864296
27867,0.35425836
27868,0.015052783
27869,0.01986864
27870,0.115369365
27871,0.09193433
27872,0.11240335
27873,0.43378162
27874,0.11047882
27875,0.015938416
27876,0.011691645
27877,0.24708745
27878,0.039675463
27879,0.018608196
27880,0.08774547
27881,0.14359929
27882,0.056965988
27883,0.012562789
27884,0.020810712
27885,0.0105494065
27886,0.16833732
27887,0.016721472
27888,0.028126264
27889,0.14228101
27890,0.07613548
27891,0.04637651
27892,0.022708565
27893,0.031535447
27894,0.08158733
27895,0.277936
27896,0.039368596
27897,0.020166114
27898,0.03445588
27899,0.043962177
27900,0.067888804
27901,0.17450248
27902,0.08086298
27903,0.2637293
27904,0.09659701
27905,0.030782837
27906,0.016924173
27907,0.051884994
27908,0.05479731
27909,0.032115676
27910,0.18854728
27911,0.017638931
27912,0.0166343
27913,0.2624349
27914,0.023153722
27915,0.103476286
27916,0.05900819
27917,0.012218509
27918,0.2815377
27919,0.6955678
27920,0.12315465
27921,0.11537771
27922,0.011838013
27923,0.0949335
27924,0.052540965
27925,0.044568658
27926,0.22510174
27927,0.09445809
27928,0.104984485
27929,0.92661345
27930,0.021839531
27931,0.08309501
27932,0.09094362
27933,0.08332108
27934,0.018487915
27935,0.040362503
27936,0.13644288
27937,0.3120651
27938,0.0785086
27939,0.2594141
27940,0.025899863
27941,0.020265192
27942,0.062821336
27943,0.011960712
27944,0.026260855
27945,0.09637662
27946,0.037018873
27947,0.02645562
27948,0.06610379
27949,0.0711773
27950,0.028527077
27951,0.019342246
27952,0.06353225
27953,0.15453607
27954,0.0457535
27955,0.04246999
27956,0.016751477
27957,0.035203055
27958,0.08634259
27959,0.11283081
27960,0.0604503
27961,0.9844969
27962,0.06785541
27963,0.12227958
27964,0.050987583
27965,0.037476238
27966,0.05288686
27967,0.05164409
27968,0.016187873
27969,0.021922322
27970,0.20721713
27971,0.032409504
27972,0.0065038903
27973,0.013198575
27974,0.05558268
27975,0.11791321
27976,0.020909598
27977,0.009105163
27978,0.12681808
27979,0.043993693
27980,0.026734667
27981,0.056887962
27982,0.48206893
27983,0.028605638
27984,0.014745418
27985,0.0080531975
27986,0.0077694273
27987,0.05437478
27988,0.033765294
27989,0.25816855
27990,0.07783452
27991,0.012424257
27992,0.017987974
27993,0.006971879
27994,0.06901443
27995,0.2554767
27996,0.10778966
27997,0.082137756
27998,0.07696753
27999,0.031035572
28000,0.062357277
28001,0.021620298
28002,0.16428423
28003,0.18098323
28004,0.23345277
28005,0.03266519
28006,0.020609997
28007,0.014518523
28008,0.015200093
28009,0.019463005
28010,0.009541378
28011,0.019611888
28012,0.01739686
28013,0.02663332
28014,0.05668921
28015,0.059875574
28016,0.11733574
28017,0.010708198
28018,0.13174477
28019,0.010243075
28020,0.3851117
28021,0.009459226
28022,0.014029711
28023,0.029741459
28024,0.018636404
28025,0.022350594
28026,0.019512117
28027,0.03229282
28028,0.014379808
28029,0.006016102
28030,0.0138521185
28031,0.009190567
28032,0.0073681013
28033,0.06889625
28034,0.026610749
28035,0.040848777
28036,0.05125009
28037,0.01737091
28038,0.017333237
28039,0.010674799
28040,0.110439986
28041,0.033169653
28042,0.05450847
28043,0.007419739
28044,0.013021353
28045,0.028711606
28046,0.008385969
28047,0.10457865
28048,0.015632203
28049,0.004954125
28050,0.01118047
28051,0.012236641
28052,0.36128893
28053,0.06917512
28054,0.067014724
28055,0.06387853
28056,0.093907915
28057,0.024380572
28058,0.013998473
28059,0.09128712
28060,0.018064875
28061,0.098440774
28062,0.2565885
28063,0.01898995
28064,0.02855568
28065,0.036767043
28066,0.027925674
28067,0.016763067
28068,0.008648488
28069,0.03930565
28070,0.013579809
28071,0.008306858
28072,0.07675473
28073,0.06957089
28074,0.027948946
28075,0.2699241
28076,0.016924083
28077,0.024994954
28078,0.026334304
28079,0.01592616
28080,0.019252313
28081,0.06235701
28082,0.022630284
28083,0.016447062
28084,0.032361425
28085,0.033747304
28086,0.0067787003
28087,0.029421953
28088,0.26347482
28089,0.15308045
28090,0.009212098
28091,0.020204326
28092,0.09548494
28093,0.020218208
28094,0.04041782
28095,0.05302852
28096,0.023452325
28097,0.038999863
28098,0.06163827
28099,0.013055605
28100,0.047544345
28101,0.032279998
28102,0.041178737
28103,0.10450599
28104,0.044645913
28105,0.0071525676
28106,0.024588896
28107,0.029682718
28108,0.2615506
28109,0.045166302
28110,0.07695985
28111,0.2662418
28112,0.33072004
28113,0.020997256
28114,0.025608204
28115,0.04534634
28116,0.26845515
28117,0.068315424
28118,0.27088234
28119,0.07493753
28120,0.26682413
28121,0.060618866
28122,0.09422959
28123,0.036800224
28124,0.016792027
28125,0.010881816
28126,0.26985782
28127,0.030371046
28128,0.74799955
28129,0.2681295
28130,0.045920737
28131,0.037409432
28132,0.1333411
28133,0.060049567
28134,0.012890123
28135,0.030678473
28136,0.05214018
28137,0.031904843
28138,0.018321786
28139,0.015917797
28140,0.1053007
28141,0.26955444
28142,0.46932605
28143,0.5387391
28144,0.041978512
28145,0.07269443
28146,0.02781594
28147,0.12606667
28148,0.13938726
28149,0.061334915
28150,0.043165572
28151,0.07611826
28152,0.08989377
28153,0.035128005
28154,0.26044357
28155,0.12432203
28156,0.14360204
28157,0.45181882
28158,0.11299638
28159,0.022763405
28160,0.5011673
28161,0.018602042
28162,0.067989856
28163,0.44895574
28164,0.05607812
28165,0.05889031
28166,0.04477591
28167,0.06792309
28168,0.0995695
28169,0.10710917
28170,0.08893192
28171,0.032795433
28172,0.03322498
28173,0.07011847
28174,0.25772074
28175,0.05060826
28176,0.03254006
28177,0.06760437
28178,0.07298674
28179,0.08664537
28180,0.030005904
28181,0.044513956
28182,0.038127847
28183,0.08152847
28184,0.029038234
28185,0.060176406
28186,0.15568009
28187,0.053499784
28188,0.26488116
28189,0.022085346
28190,0.053765707
28191,0.045687344
28192,0.020114964
28193,0.01658453
28194,0.01497964
28195,0.31864393
28196,0.21356879
28197,0.07087495
28198,0.14945062
28199,0.27880058
28200,0.093574665
28201,0.06365091
28202,0.018893683
28203,0.046277642
28204,0.010060014
28205,0.05982699
28206,0.0765633
28207,0.09513462
28208,0.17194046
28209,0.31810176
28210,0.11347847
28211,0.049470272
28212,0.00912569
28213,0.029708976
28214,0.030221878
28215,0.037486177
28216,0.35538107
28217,0.022302158
28218,0.05371617
28219,0.01047119
28220,0.06178716
28221,0.045319315
28222,0.029188048
28223,0.12878136
28224,0.4474105
28225,0.061352417
28226,0.20976424
28227,0.021899188
28228,0.027120216
28229,0.051022276
28230,0.07613175
28231,0.03160457
28232,0.1295708
28233,0.16690752
28234,0.1085877
28235,0.11022502
28236,0.070920706
28237,0.034247372
28238,0.03256512
28239,0.043808755
28240,0.110208
28241,0.06487092
28242,0.20397778
28243,0.017613523
28244,0.04597064
28245,0.034165654
28246,0.025520682
28247,0.021665294
28248,0.029721865
28249,0.053041004
28250,0.024869714
28251,0.08507793
28252,0.20078284
28253,0.41860718
28254,0.050411224
28255,0.04891205
28256,0.043206673
28257,0.11116863
28258,0.07328627
28259,0.016086178
28260,0.06941938
28261,0.01501145
28262,0.015316691
28263,0.032129142
28264,0.17715459
28265,0.031945515
28266,0.026732793
28267,0.036044214
28268,0.00538055
28269,0.15136509
28270,0.07364067
28271,0.40477657
28272,0.28128153
28273,0.30023712
28274,0.075208366
28275,0.04780605
28276,0.023214905
28277,0.06290118
28278,0.055320065
28279,0.14520758
28280,0.056695163
28281,0.5201857
28282,0.13651797
28283,0.022400303
28284,0.012847954
28285,0.12293369
28286,0.060285587
28287,0.05317355
28288,0.019880597
28289,0.009526038
28290,0.012964946
28291,0.06839944
28292,0.02283915
28293,0.023615599
28294,0.0890978
28295,0.052952874
28296,0.19559483
28297,0.07883192
28298,0.12821938
28299,0.25691116
28300,0.44741336
28301,0.07320845
28302,0.028902506
28303,0.0918056
28304,0.049027815
28305,0.08849311
28306,0.06788615
28307,0.12911254
28308,0.04472019
28309,0.110482894
28310,0.043033138
28311,0.071297854
28312,0.033194333
28313,0.01879056
28314,0.018546859
28315,0.14063156
28316,0.010725866
28317,0.030201105
28318,0.082709014
28319,0.034468275
28320,0.025119133
28321,0.042762008
28322,0.066817984
28323,0.08559924
28324,0.12975536
28325,0.118713446
28326,0.41271755
28327,0.25024274
28328,0.25175083
28329,0.01604523
28330,0.108698286
28331,0.06178048
28332,0.0473379
28333,0.10008596
28334,0.03423957
28335,0.024192736
28336,0.06253122
28337,0.036885068
28338,0.059689764
28339,0.088018134
28340,0.03433421
28341,0.06772395
28342,0.024265846
28343,0.084762946
28344,0.01758125
28345,0.047398616
28346,0.11539971
28347,0.073130645
28348,0.24513967
28349,0.55224913
28350,0.12302686
28351,0.12642495
28352,0.06556127
28353,0.090473115
28354,0.08656683
28355,0.10230165
28356,0.064511105
28357,0.010624871
28358,0.022727847
28359,0.3911324
28360,0.076106496
28361,0.08758012
28362,0.07170883
28363,0.08656568
28364,0.020859502
28365,0.02866022
28366,0.019646555
28367,0.027051665
28368,0.046098962
28369,0.48068535
28370,0.07214554
28371,0.056352988
28372,0.11688598
28373,0.8351782
28374,0.13460246
28375,0.018887516
28376,0.26654476
28377,0.06959184
28378,0.16503277
28379,0.26438147
28380,0.08137717
28381,0.02174316
28382,0.05986594
28383,0.050052155
28384,0.11148882
28385,0.16371696
28386,0.04474591
28387,0.16108957
28388,0.09623867
28389,0.090024166
28390,0.010918943
28391,0.021610148
28392,0.025046375
28393,0.06441119
28394,0.07843951
28395,0.020130534
28396,0.13045529
28397,0.14869317
28398,0.34579226
28399,0.09115385
28400,0.033695105
28401,0.12039252
28402,0.15688664
28403,0.3739055
28404,0.070419535
28405,0.058730766
28406,0.023732863
28407,0.07817007
28408,0.5480004
28409,0.044218756
28410,0.1334151
28411,0.417187
28412,0.26627502
28413,0.019183489
28414,0.05483845
28415,0.061259378
28416,0.36136714
28417,0.373702
28418,0.009331815
28419,0.0942876
28420,0.09940312
28421,0.15782094
28422,0.14868365
28423,0.1512248
28424,0.15969098
28425,0.41424406
28426,0.09508247
28427,0.020358432
28428,0.058010604
28429,0.10564415
28430,0.06283015
28431,0.20968306
28432,0.88920414
28433,0.057448573
28434,0.41938126
28435,0.016968224
28436,0.056683294
28437,0.26306143
28438,0.020093244
28439,0.062475506
28440,0.0875386
28441,0.02384924
28442,0.054079738
28443,0.006110696
28444,0.43531618
28445,0.12738255
28446,0.09949639
28447,0.26935288
28448,0.1560026
28449,0.26636884
28450,0.28469494
28451,0.19999957
28452,0.2657465
28453,0.23537135
28454,0.12873897
28455,0.879165
28456,0.426198
28457,0.4770104
28458,0.0055608805
28459,0.024634074
28460,0.25224802
28461,0.069409914
28462,0.02982335
28463,0.022023695
28464,0.018310687
28465,0.067844555
28466,0.005142314
28467,0.008647597
28468,0.013489942
28469,0.024594003
28470,0.15615202
28471,0.11604003
28472,0.11436472
28473,0.12651798
28474,0.103611566
28475,0.25127566
28476,0.2609736
28477,0.030558852
28478,0.12077883
28479,0.2756758
28480,0.018948406
28481,0.07127987
28482,0.957942
28483,1.0129524
28484,0.6275026
28485,0.004641471
28486,0.031921234
28487,0.018351516
28488,0.098692335
28489,0.45681447
28490,0.08936905
28491,0.018552542
28492,0.06966119
28493,0.027374327
28494,0.007172027
28495,0.012595788
28496,0.06289808
28497,0.07664177
28498,0.063918315
28499,0.011211551
28500,0.39513823
28501,0.015808675
28502,0.038249243
28503,0.121289454
28504,0.11402261
28505,0.060581382
28506,0.056752987
28507,0.25019175
28508,0.18545024
28509,0.026406657
28510,0.2549826
28511,0.11147884
28512,0.11176858
28513,0.9077065
28514,0.9663107
28515,0.64506847
28516,0.016273642
28517,0.080060236
28518,0.028979724
28519,0.43069673
28520,0.10092214
28521,0.26330775
28522,0.049234677
28523,0.11098627
28524,0.023360068
28525,0.10467912
28526,0.117703736
28527,0.15350656
28528,0.164298
28529,0.50216246
28530,0.44749573
28531,0.24848735
28532,0.17332633
28533,0.09549142
28534,0.07410964
28535,0.12799552
28536,0.05065271
28537,0.04104226
28538,0.13543335
28539,0.13822336
28540,0.06770202
28541,0.11344556
28542,0.025223972
28543,0.9919169
28544,1.010951
28545,0.98232585
28546,0.082726866
28547,0.04888192
28548,0.25345525
28549,0.012509063
28550,0.44620955
28551,0.026759122
28552,0.010372179
28553,0.020137316
28554,0.024106944
28555,0.045965217
28556,0.11103334
28557,0.05676896
28558,0.40272337
28559,0.9919694
28560,0.07748072
28561,0.111220315
28562,0.10603783
28563,0.14889008
28564,0.078948215
28565,0.3337452
28566,0.24097367
28567,0.033698846
28568,0.10324571
28569,0.11636928
28570,0.12289319
28571,0.04860405
28572,0.28761822
28573,0.2937878
28574,0.26702172
28575,0.08056632
28576,0.026308123
28577,0.1203775
28578,0.012596705
28579,0.08323036
28580,0.28084496
28581,0.033151213
28582,0.048878234
28583,0.051872663
28584,0.049789157
28585,0.3495593
28586,0.7793755
28587,0.26909322
28588,0.27340314
28589,0.12379329
28590,0.17267042
28591,0.15429525
28592,0.5495536
28593,0.09516184
28594,0.033660673
28595,0.044398744
28596,0.04057645
28597,0.24866875
28598,0.15985596
28599,0.2463566
28600,0.28742066
28601,0.26506886
28602,0.2689489
28603,0.99574393
28604,0.14177793
28605,0.017990645
28606,0.13299458
28607,0.26946828
28608,0.02383929
28609,0.062637575
28610,0.2957012
28611,0.07530754
28612,0.041166194
28613,0.041208405
28614,0.053527918
28615,0.14835873
28616,0.44906262
28617,0.27207324
28618,0.2816395
28619,0.27479517
28620,0.15087593
28621,0.16351607
28622,0.25951874
28623,0.025745159
28624,0.15820085
28625,0.084416166
28626,0.061424036
28627,0.5333855
28628,0.26567385
28629,0.065115415
28630,0.5414113
28631,0.4080717
28632,0.007023133
28633,0.094265506
28634,0.11932649
28635,0.09131014
28636,0.051885545
28637,0.013778124
28638,0.010352615
28639,0.03466886
28640,0.07013276
28641,0.0997456
28642,0.109420426
28643,0.12825659
28644,0.4276567
28645,0.89854276
28646,0.33139348
28647,0.3673739
28648,0.62855446
28649,0.11324359
28650,0.08239711
28651,0.08579189
28652,0.14548978
28653,0.27726296
28654,0.07666254
28655,0.13134257
28656,0.073390484
28657,0.13708372
28658,0.019083288
28659,0.112672344
28660,0.01984595
28661,0.017694868
28662,0.04380046
28663,0.021301864
28664,0.0064083845
28665,0.03584431
28666,0.07599074
28667,0.062657855
28668,0.09442517
28669,0.1881176
28670,0.14809446
28671,0.2651316
28672,0.74230313
28673,0.67715865
28674,0.2778124
28675,0.21298774
28676,0.063981734
28677,0.11212087
28678,0.017348882
28679,0.00864506
28680,0.03387716
28681,0.9788998
28682,0.057060014
28683,0.018690236
28684,0.15086001
28685,0.059143182
28686,0.23845264
28687,0.043223448
28688,0.0566558
28689,0.017660359
28690,0.050708633
28691,0.034852184
28692,0.09738904
28693,0.12811811
28694,0.5434089
28695,0.44551888
28696,0.24774083
28697,1.0567241
28698,0.45430627
28699,0.42048842
28700,0.15723185
28701,0.030894926
28702,0.037259363
28703,0.054391857
28704,0.051895153
28705,0.040366
28706,0.15349652
28707,0.4270377
28708,0.10689499
28709,0.4261594
28710,0.122280076
28711,0.1138225
28712,0.12621781
28713,0.14218843
28714,0.16215207
28715,0.050892603
28716,0.028499672
28717,0.047935862
28718,0.16515009
28719,0.79953384
28720,0.47665027
28721,0.5998517
28722,0.41199178
28723,0.27217603
28724,0.19000618
28725,0.22845252
28726,0.022841373
28727,0.013754882
28728,0.041358355
28729,0.027414007
28730,0.13643658
28731,0.13635442
28732,0.08400851
28733,0.42163846
28734,0.028295057
28735,0.08588194
28736,0.20975477
28737,0.044707164
28738,0.0141895
28739,0.014319968
28740,0.12394167
28741,0.24829404
28742,0.033757113
28743,0.00537428
28744,0.24707533
28745,0.26079717
28746,0.084148966
28747,0.12630166
28748,0.21096334
28749,0.08817503
28750,0.04091131
28751,0.13037014
28752,0.2293276
28753,0.043240972
28754,0.025708254
28755,0.010210581
28756,0.13312502
28757,0.11094833
28758,0.03710794
28759,0.13161314
28760,0.041973226
28761,0.05217596
28762,0.051786292
28763,0.170445
28764,0.42462423
28765,0.59706867
28766,0.110246316
28767,0.010526583
28768,0.027052293
28769,0.062801614
28770,0.016091589
28771,0.07705623
28772,0.14142227
28773,0.014224648
28774,0.02211023
28775,0.01619759
28776,0.032911427
28777,0.019122183
28778,0.0144441975
28779,0.025748527
28780,0.087469086
28781,0.10267617
28782,0.45075494
28783,0.015949082
28784,0.03541257
28785,0.09181878
28786,0.11938059
28787,0.41612568
28788,0.1236444
28789,0.015571974
28790,0.2517002
28791,0.013300709
28792,0.043562137
28793,0.017494896
28794,0.088816956
28795,0.26343158
28796,0.058949072
28797,0.0107811745
28798,0.019427555
28799,0.009330288
28800,0.19268483
28801,0.030937485
28802,0.017484264
28803,0.02857259
28804,0.14367428
28805,0.07617979
28806,0.048663422
28807,0.023523845
28808,0.032565955
28809,0.079220474
28810,0.38121963
28811,0.0392638
28812,0.021452492
28813,0.03365196
28814,0.044809006
28815,0.069587335
28816,0.259099
28817,0.07925279
28818,0.16839547
28819,0.105719395
28820,0.03086805
28821,0.01624465
28822,0.054725364
28823,0.059409887
28824,0.035316925
28825,0.42223287
28826,0.019443851
28827,0.018780151
28828,0.26376522
28829,0.024954943
28830,0.1053917
28831,0.057128668
28832,0.012906437
28833,0.44804016
28834,0.7203519
28835,0.13469265
28836,0.11780042
28837,0.016279684
28838,0.10100812
28839,0.056568634
28840,0.04788914
28841,0.11236692
28842,0.09337842
28843,0.098457314
28844,0.9860443
28845,0.0855757
28846,0.0143512795
28847,0.09104914
28848,0.085721366
28849,0.018702457
28850,0.04420547
28851,0.14253937
28852,0.56265247
28853,0.076523915
28854,0.26868448
28855,0.024516113
28856,0.017754925
28857,0.068507925
28858,0.011517946
28859,0.030217119
28860,0.1009674
28861,0.03513535
28862,0.028342
28863,0.0057246787
28864,0.06226245
28865,0.06348773
28866,0.030800503
28867,0.018805854
28868,0.06653999
28869,0.017906867
28870,0.1967108
28871,0.04340425
28872,0.043931823
28873,0.03723428
28874,0.09391516
28875,0.1157358
28876,0.025625695
28877,0.059818815
28878,0.9622441
28879,0.073503986
28880,0.124868445
28881,0.056407608
28882,0.04627246
28883,0.053321656
28884,0.05053124
28885,0.017044581
28886,0.019475697
28887,0.28636593
28888,0.032360435
28889,0.015551295
28890,0.05616733
28891,0.12088884
28892,0.022947775
28893,0.010482796
28894,0.12651551
28895,0.044529926
28896,0.026863307
28897,0.055563793
28898,0.41627094
28899,0.026607957
28900,0.021586655
28901,0.008269687
28902,0.019953696
28903,0.05389787
28904,0.034414105
28905,0.2537142
28906,0.07496419
28907,0.013745769
28908,0.015797356
28909,0.06996539
28910,0.14409211
28911,0.11214436
28912,0.08662507
28913,0.07671332
28914,0.031436116
28915,0.06166286
28916,0.07081681
28917,0.16593689
28918,0.13740978
28919,0.006651602
28920,0.03615143
28921,0.016138706
28922,0.015030537
28923,0.012612837
28924,0.021404782
28925,0.015637562
28926,0.015175664
28927,0.02598019
28928,0.06580059
28929,0.060193762
28930,0.11745809
28931,0.0064595216
28932,0.13248588
28933,0.28561294
28934,0.011293253
28935,0.027556645
28936,0.017827937
28937,0.025759248
28938,0.007163375
28939,0.017945878
28940,0.030873602
28941,0.014309587
28942,0.014377171
28943,0.008234504
28944,0.07095285
28945,0.004911257
28946,0.028050842
28947,0.042097714
28948,0.015046359
28949,0.053005993
28950,0.016406184
28951,0.0071506677
28952,0.017585795
28953,0.018190933
28954,0.110722914
28955,0.033316318
28956,0.05240326
28957,0.032765817
28958,0.018583266
28959,0.103825256
28960,0.01416131
28961,0.0038991896
28962,0.012389138
28963,0.38531864
28964,0.072746426
28965,0.069739684
28966,0.14921845
28967,0.015055675
28968,0.0053061787
28969,0.08636289
28970,0.024817433
28971,0.015094655
28972,0.09858333
28973,0.11655472
28974,0.15099943
28975,0.0142354295
28976,0.024543377
28977,0.03190369
28978,0.03310082
28979,0.02697636
28980,0.027131274
28981,0.015968239
28982,0.03864811
28983,0.0071271895
28984,0.08458177
28985,0.06609735
28986,0.032451726
28987,0.17235515
28988,0.019766802
28989,0.025350101
28990,0.0047224015
28991,0.019600118
28992,0.053987317
28993,0.035318602
28994,0.010249761
28995,0.015945679
28996,0.032618787
28997,0.27498433
28998,0.24698494
28999,0.018705526
29000,0.10633675
29001,0.013865843
29002,0.021443198
29003,0.03280478
29004,0.04002598
29005,0.06345487
29006,0.034787476
29007,0.03198057
29008,0.04814116
29009,0.034485504
29010,0.042351976
29011,0.10064545
29012,0.04482517
29013,0.034161143
29014,0.02952897
29015,0.26174802
29016,0.03654048
29017,0.08129124
29018,0.263571
29019,0.33264256
29020,0.044170856
29021,0.27695754
29022,0.06898381
29023,0.38657525
29024,0.07846181
29025,0.25649542
29026,0.062466484
29027,0.10135268
29028,0.013038776
29029,0.0060565653
29030,0.037001804
29031,0.017312886
29032,0.12792869
29033,0.0315367
29034,0.68175864
29035,0.26962084
29036,0.046230916
29037,0.038238857
29038,0.26606685
29039,0.06426315
29040,0.010181658
29041,0.053495616
29042,0.035546727
29043,0.10151365
29044,0.27674252
29045,0.46914074
29046,0.44219697
29047,0.041753132
29048,0.02761376
29049,0.11916344
29050,0.26125428
29051,0.025128342
29052,0.063758865
29053,0.044372022
29054,0.07643254
29055,0.09456074
29056,0.3939571
29057,0.121447094
29058,0.27033833
29059,0.45131496
29060,0.121315695
29061,0.023169769
29062,0.41325554
29063,0.07135874
29064,0.29886562
29065,0.05838168
29066,0.059967507
29067,0.04300104
29068,0.0678696
29069,0.09784192
29070,0.10329662
29071,0.2285236
29072,0.03329064
29073,0.0383974
29074,0.06766234
29075,0.25690776
29076,0.05095626
29077,0.03392752
29078,0.068987414
29079,0.06732326
29080,0.09248093
29081,0.044493992
29082,0.039069265
29083,0.064081244
29084,0.15224762
29085,0.0526339
29086,0.3487552
29087,0.053685006
29088,0.045196682
29089,0.016597956
29090,0.0057279817
29091,0.016351972
29092,0.35618252
29093,0.11488644
29094,0.07041027
29095,0.42344052
29096,0.44049683
29097,0.095861085
29098,0.06511182
29099,0.013993919
29100,0.018600734
29101,0.0059207133
29102,0.04447158
29103,0.011917722
29104,0.06550947
29105,0.07912321
29106,0.101437226
29107,0.1575043
29108,0.28273878
29109,0.09165542
29110,0.049479537
29111,0.0316312
29112,0.036143385
29113,0.39725387
29114,0.0231237
29115,0.051289476
29116,0.059202522
29117,0.040917676
29118,0.13559707
29119,0.49362034
29120,0.004746032
29121,0.064441085
29122,0.09498593
29123,0.02016103
29124,0.023243412
29125,0.052243967
29126,0.07503265
29127,0.012180502
29128,0.13568811
29129,0.1646576
29130,0.107970096
29131,0.1145415
29132,0.070976496
29133,0.036588635
29134,0.034762572
29135,0.04550025
29136,0.11008816
29137,0.06152179
29138,0.23773424
29139,0.01789858
29140,0.045876827
29141,0.034787387
29142,0.02594732
29143,0.021410886
29144,0.026482776
29145,0.05202778
29146,0.026399603
29147,0.07980734
29148,0.28326425
29149,0.2627341
29150,0.049270503
29151,0.04909046
29152,0.043183014
29153,0.10774616
29154,0.07532733
29155,0.01853563
29156,0.06721451
29157,0.016937807
29158,0.013208418
29159,0.15806867
29160,0.03275701
29161,0.02962471
29162,0.039396677
29163,0.0061231563
29164,0.15626936
29165,0.078833945
29166,0.15627187
29167,0.2602958
29168,0.24207866
29169,0.077293664
29170,0.04923835
29171,0.02203043
29172,0.06455829
29173,0.055303242
29174,0.25713423
29175,0.057463814
29176,0.53875285
29177,0.12160421
29178,0.025742661
29179,0.12485411
29180,0.061535254
29181,0.055259082
29182,0.020121949
29183,0.010274928
29184,0.06894371
29185,0.030826392
29186,0.012477508
29187,0.022701154
29188,0.023329636
29189,0.09237083
29190,0.05253126
29191,0.19581147
29192,0.07559439
29193,0.12782903
29194,0.14324284
29195,0.32338598
29196,0.07539227
29197,0.028616052
29198,0.09466654
29199,0.05090098
29200,0.024942635
29201,0.090779305
29202,0.06426985
29203,0.13778594
29204,0.04543054
29205,0.11297111
29206,0.0456885
29207,0.06897422
29208,0.03487218
29209,0.020050693
29210,0.14301574
29211,0.011037187
29212,0.03174453
29213,0.08207731
29214,0.035209157
29215,0.010240635
29216,0.025936563
29217,0.042622585
29218,0.073542945
29219,0.09183913
29220,0.14025451
29221,0.10874011
29222,0.33758503
29223,0.23947263
29224,0.25613204
29225,0.016207516
29226,0.108775295
29227,0.063016616
29228,0.048911545
29229,0.09738778
29230,0.037526242
29231,0.025759513
29232,0.042433947
29233,0.05820591
29234,0.09027763
29235,0.03351587
29236,0.06905086
29237,0.024010608
29238,0.032516167
29239,0.0879472
29240,0.046391197
29241,0.10978289
29242,0.07309492
29243,0.14264151
29244,0.6187964
29245,0.12023451
29246,0.12785678
29247,0.0707159
29248,0.087066956
29249,0.090233736
29250,0.1094281
29251,0.06557613
29252,0.0123568345
29253,0.023942888
29254,0.37262812
29255,0.081388064
29256,0.08834705
29257,0.070605904
29258,0.08706621
29259,0.01896857
29260,0.022040233
29261,0.027095744
29262,0.049703304
29263,0.28312725
29264,0.07365617
29265,0.05458427
29266,0.10931526
29267,0.87014747
29268,0.10761931
29269,0.02070072
29270,0.13074492
29271,0.0713554
29272,0.27355862
29273,0.26604015
29274,0.0839968
29275,0.02177265
29276,0.059854314
29277,0.05047789
29278,0.11307404
29279,0.16065125
29280,0.04700592
29281,0.26363894
29282,0.099275455
29283,0.09306708
29284,0.01163426
29285,0.022122303
29286,0.024612362
29287,0.06885824
29288,0.08444452
29289,0.018089177
29290,0.13579549
29291,0.15142041
29292,0.26112348
29293,0.091852695
29294,0.03087985
29295,0.12220688
29296,0.15751535
29297,0.2009388
29298,0.07256477
29299,0.063927084
29300,0.026732363
29301,0.072882004
29302,0.60610247
29303,0.042566013
29304,0.13633928
29305,0.3276214
29306,0.26784354
29307,0.013840361
29308,0.056228116
29309,0.06336829
29310,0.37339783
29311,0.38991103
29312,0.007542178
29313,0.0986967
29314,0.10281316
29315,0.15214236
29316,0.16646557
29317,0.1324538
29318,0.19409676
29319,0.4242382
29320,0.10136942
29321,0.022615291
29322,0.05978441
29323,0.104739435
29324,0.059100945
29325,0.19271074
29326,0.86051404
29327,0.058346834
29328,0.31341976
29329,0.018461438
29330,0.05746894
29331,0.26926327
29332,0.018250488
29333,0.061500173
29334,0.092427425
29335,0.021174708
29336,0.054913845
29337,0.0068039396
29338,0.4348163
29339,0.12879716
29340,0.0940539
29341,0.40827033
29342,0.15577447
29343,0.268363
29344,0.4009353
29345,0.403348
29346,0.27048808
29347,0.23525524
29348,0.13244586
29349,0.9208781
29350,0.41028985
29351,0.47579867
29352,0.027238041
29353,0.25543976
29354,0.071473524
29355,0.031227918
29356,0.020598724
29357,0.01061683
29358,0.069098875
29359,0.0061491467
29360,0.012061196
29361,0.028896254
29362,0.16433558
29363,0.114414014
29364,0.115744345
29365,0.122559816
29366,0.104324535
29367,0.24783835
29368,0.25055453
29369,0.030893689
29370,0.11811892
29371,0.28320387
29372,0.020751162
29373,0.06991357
29374,0.9657338
29375,0.9439833
29376,0.7207631
29377,0.006200557
29378,0.0301741
29379,0.018083341
29380,0.09897586
29381,0.43658522
29382,0.0908045
29383,0.018500982
29384,0.06991322
29385,0.0660468
29386,0.104683466
29387,0.06799427
29388,0.01058497
29389,0.2295507
29390,0.017837938
29391,0.037645686
29392,0.12703638
29393,0.11897248
29394,0.06139231
29395,0.054847505
29396,0.30315447
29397,0.18550165
29398,0.026712375
29399,0.25008956
29400,0.11149272
29401,0.11550761
29402,0.95062184
29403,0.9697017
29404,0.60584074
29405,0.0154432515
29406,0.16912316
29407,0.028980803
29408,0.010808471
29409,0.4671872
29410,0.10082365
29411,0.26263502
29412,0.049834214
29413,0.108529925
29414,0.024033431
29415,0.10871423
29416,0.12365671
29417,0.15361942
29418,0.15272854
29419,0.46562615
29420,0.4508755
29421,0.24812469
29422,0.1422148
29423,0.096391924
29424,0.07096291
29425,0.13532989
29426,0.053281322
29427,0.04027724
29428,0.02696314
29429,0.25496078
29430,0.14368476
29431,0.075686164
29432,0.11448132
29433,0.026427926
29434,0.9874656
29435,0.98149127
29436,0.98725426
29437,0.089812204
29438,0.053198293
29439,0.29760468
29440,0.30424398
29441,0.029445406
29442,0.009699437
29443,0.024601387
29444,0.045268703
29445,0.11177866
29446,0.055179764
29447,0.41857356
29448,0.9880174
29449,0.07782977
29450,0.11547648
29451,0.10724234
29452,0.14718463
29453,0.07981648
29454,0.32164443
29455,0.24800164
29456,0.0352468
29457,0.097296305
29458,0.118996434
29459,0.120486595
29460,0.049852014
29461,0.50223696
29462,0.30811378
29463,0.26771688
29464,0.08390843
29465,0.026070813
29466,0.12643918
29467,0.011500648
29468,0.08333509
29469,0.19035633
29470,0.035316017
29471,0.05084767
29472,0.021734351
29473,0.025375405
29474,0.05195374
29475,0.05225935
29476,0.4892632
29477,0.6905698
29478,0.26691842
29479,0.280741
29480,0.13255405
29481,0.15455382
29482,0.16286984
29483,0.56535834
29484,0.0795331
29485,0.045975108
29486,0.035704013
29487,0.14830415
29488,0.16848333
29489,0.13603976
29490,0.47183162
29491,0.26898035
29492,0.14912187
29493,0.99013567
29494,0.15003636
29495,0.021287302
29496,0.13398848
29497,0.26927623
29498,0.024046747
29499,0.06312997
29500,0.4412472
29501,0.07362696
29502,0.042823255
29503,0.04397392
29504,0.05309457
29505,0.24972372
29506,0.26641858
29507,0.27092257
29508,0.48774576
29509,0.2775946
29510,0.15025297
29511,0.16963859
29512,0.39718112
29513,0.026213193
29514,0.17585206
29515,0.090092875
29516,0.059501745
29517,0.4385452
29518,0.26903808
29519,0.06665961
29520,0.5564977
29521,0.3611207
29522,0.09212419
29523,0.22144926
29524,0.09002704
29525,0.052330885
29526,0.014049317
29527,0.010093647
29528,0.037467733
29529,0.07053363
29530,0.09985253
29531,0.109736726
29532,0.12760267
29533,0.3363481
29534,0.8914984
29535,0.4671753
29536,0.43825364
29537,0.6454198
29538,0.11178352
29539,0.07989664
29540,0.08344978
29541,0.25487384
29542,0.2718142
29543,0.07730716
29544,0.028128538
29545,0.07177363
29546,0.13887075
29547,0.021417225
29548,0.052799642
29549,0.12027744
29550,0.024486473
29551,0.042664044
29552,0.0357947
29553,0.081224546
29554,0.06938707
29555,0.095632955
29556,0.39853573
29557,0.27776673
29558,0.26220173
29559,0.7179027
29560,0.6262883
29561,0.283739
29562,0.10765777
29563,0.050183784
29564,0.06340723
29565,0.118748456
29566,0.017629383
29567,0.00964873
29568,0.03181034
29569,1.0388012
29570,0.057542704
29571,0.01967935
29572,0.069898546
29573,0.057101153
29574,0.23727483
29575,0.045474768
29576,0.056956388
29577,0.01985498
29578,0.04958624
29579,0.018843416
29580,0.034651972
29581,0.09848346
29582,0.13041829
29583,0.5358968
29584,0.42914927
29585,0.24769711
29586,1.0002946
29587,0.3287282
29588,0.51278085
29589,0.15501058
29590,0.04489192
29591,0.030735988
29592,0.03480954
29593,0.054879304
29594,0.050519098
29595,0.041055813
29596,0.075185254
29597,0.427398
29598,0.1059288
29599,0.42600453
29600,0.031849913
29601,0.11194032
29602,0.12670651
29603,0.14046289
29604,0.161449
29605,0.051586334
29606,0.031861138
29607,0.051316086
29608,0.16605972
29609,0.8932449
29610,0.40550783
29611,0.6369525
29612,0.43196806
29613,0.27127087
29614,0.2558799
29615,0.2318856
29616,0.040571608
29617,0.013387102
29618,0.025147798
29619,0.013349634
29620,0.031190867
29621,0.13055472
29622,0.13684191
29623,0.083474636
29624,0.4480672
29625,0.029208537
29626,0.08502543
29627,0.010463533
29628,0.39327675
29629,0.045358263
29630,0.12191546
29631,0.24631684
29632,0.03539382
29633,0.00617361
29634,0.24479191
29635,0.26093426
29636,0.08419276
29637,0.11987524
29638,0.1027993
29639,0.08508862
29640,0.04255744
29641,0.13192569
29642,0.12737617
29643,0.009205484
29644,0.2405638
29645,0.012306733
29646,0.10792026
29647,0.041190878
29648,0.039441824
29649,0.13419142
29650,0.042476974
29651,0.055412788
29652,0.05055958
29653,0.1547771
29654,0.28099048
29655,0.6498708
29656,0.11094812
29657,0.011812726
29658,0.028921554
29659,0.06514016
29660,0.07080856
29661,0.14463168
29662,0.016163345
29663,0.026576594
29664,0.014346141
29665,0.033051345
29666,0.01962993
29667,0.010643885
29668,0.025466265
29669,0.091586605
29670,0.11155771
29671,0.42223942
29672,0.016695939
29673,0.034622014
29674,0.08625269
29675,0.11063596
29676,0.33899632
29677,0.11911478
29678,0.015715003
29679,0.24572062
29680,0.0134066865
29681,0.041595124
29682,0.020176563
29683,0.08771902
29684,0.2562841
29685,0.060007088
29686,0.012218707
29687,0.018633213
29688,0.00957976
29689,0.1787087
29690,0.01821634
29691,0.031175645
29692,0.14360496
29693,0.07917271
29694,0.05021505
29695,0.024965296
29696,0.03244218
29697,0.07848422
29698,0.28223944
29699,0.038306445
29700,0.012014299
29701,0.023690052
29702,0.034689203
29703,0.044951845
29704,0.06886717
29705,0.26479942
29706,0.07881972
29707,0.17203091
29708,0.10573796
29709,0.030169174
29710,0.017672004
29711,0.055561297
29712,0.059635233
29713,0.032319687
29714,0.19670668
29715,0.018457275
29716,0.15196687
29717,0.020353397
29718,0.10439661
29719,0.056961793
29720,0.013211274
29721,0.29460144
29722,0.73563045
29723,0.13295166
29724,0.10687872
29725,0.016379714
29726,0.10219388
29727,0.056523982
29728,0.049199313
29729,0.110175066
29730,0.09445871
29731,0.1049313
29732,0.9640437
29733,0.08710366
29734,0.0176178
29735,0.092619374
29736,0.086703494
29737,0.04401514
29738,0.1461616
29739,0.46996918
29740,0.082166456
29741,0.2690449
29742,0.02454259
29743,0.018187746
29744,0.07043496
29745,0.03665357
29746,0.09718559
29747,0.03597422
29748,0.02965894
29749,0.066256456
29750,0.06737098
29751,0.028546313
29752,0.06798066
29753,0.16185424
29754,0.043568246
29755,0.046061322
29756,0.035174537
29757,0.09148257
29758,0.1211059
29759,0.027969586
29760,0.0627746
29761,0.9871985
29762,0.07346626
29763,0.12062577
29764,0.05446434
29765,0.04467139
29766,0.05444025
29767,0.05185536
29768,0.01578999
29769,0.021468645
29770,0.42777714
29771,0.03334994
29772,0.0058326703
29773,0.00566365
29774,0.0097466735
29775,0.008509577
29776,0.016896505
29777,0.05765661
29778,0.121104375
29779,0.021976916
29780,0.00954528
29781,0.12540491
29782,0.049633022
29783,0.023647042
29784,0.055153206
29785,0.38914883
29786,0.027480783
29787,0.023295736
29788,0.0057497905
29789,0.05021416
29790,0.009541024
29791,0.03274616
29792,0.15479894
29793,0.07418814
29794,0.013745115
29795,0.017870275
29796,0.07013319
29797,0.25088277
29798,0.1110126
29799,0.089500286
29800,0.0740403
29801,0.030193338
29802,0.06085733
29803,0.020922866
29804,0.07155144
29805,0.28660968
29806,0.1396403
29807,0.007609383
29808,0.035038702
29809,0.018891517
29810,0.015266105
29811,0.018577702
29812,0.01591549
29813,0.022376766
29814,0.017462116
29815,0.017337834
29816,0.026925772
29817,0.061958663
29818,0.06024711
29819,0.120687746
29820,0.0067488593
29821,0.13553627
29822,0.006691201
29823,0.2737021
29824,0.01092164
29825,0.019809557
29826,0.029280791
29827,0.016311323
29828,0.025453102
29829,0.019983402
29830,0.02967082
29831,0.013707639
29832,0.005250189
29833,0.008056557
29834,0.0069668507
29835,0.07462229
29836,0.0059284815
29837,0.027320355
29838,0.044912122
29839,0.016467474
29840,0.052906096
29841,0.015773324
29842,0.017173996
29843,0.010344251
29844,0.11105785
29845,0.032791954
29846,0.05394408
29847,0.0052718874
29848,0.012319663
29849,0.032194328
29850,0.017462933
29851,0.10473862
29852,0.015468643
29853,0.0054608355
29854,0.38043416
29855,0.07659377
29856,0.06988469
29857,0.06652068
29858,0.095178895
29859,0.026800225
29860,0.014764319
29861,0.097957626
29862,0.11520816
29863,0.14747392
29864,0.02016097
29865,0.033686034
29866,0.03213886
29867,0.030993108
29868,0.02775522
29869,0.03972562
29870,0.008348666
29871,0.08572845
29872,0.0662741
29873,0.2723317
29874,0.019033454
29875,0.026756056
29876,0.0065996633
29877,0.02273441
29878,0.061539873
29879,0.022909371
29880,0.03098307
29881,0.016164381
29882,0.035444472
29883,0.010140353
29884,0.011475329
29885,0.03219597
29886,0.26915184
29887,0.24909033
29888,0.019324461
29889,0.10745968
29890,0.021725576
29891,0.006871979
29892,0.03339486
29893,0.052415296
29894,0.04077363
29895,0.061843224
29896,0.031285793
29897,0.031738613
29898,0.043806434
29899,0.03974659
29900,0.1032109
29901,0.035550673
29902,0.13440943
29903,0.041215792
29904,0.08272366
29905,0.2681418
29906,0.31450334
29907,0.04501719
29908,0.27207857
29909,0.06461497
29910,0.27353916
29911,0.0856084
29912,0.2567653
29913,0.059828702
29914,0.027232194
29915,0.10010233
29916,0.015251828
29917,0.039556786
29918,0.017228039
29919,0.27051425
29920,0.028400447
29921,0.6862737
29922,0.2669966
29923,0.0381279
29924,0.27250144
29925,0.013446434
29926,0.052280977
29927,0.037884038
29928,0.10285505
29929,0.28517067
29930,0.4814922
29931,0.5220927
29932,0.04237568
29933,0.071244866
29934,0.13024165
29935,0.14227127
29936,0.0100311935
29937,0.00793254
29938,0.06161838
29939,0.046842683
29940,0.080004014
29941,0.09417419
29942,0.036128066
29943,0.40075037
29944,0.24398053
29945,0.14761691
29946,0.4561449
29947,0.115525916
29948,0.46614465
29949,0.07066865
29950,0.16019309
29951,0.060618848
29952,0.06033898
29953,0.04200596
29954,0.072421804
29955,0.09873504
29956,0.10477684
29957,0.10229448
29958,0.03389168
29959,0.034854297
29960,0.07283866
29961,0.2615414
29962,0.049209174
29963,0.070879035
29964,0.07103099
29965,0.08972962
29966,0.046099003
29967,0.03876719
29968,0.029814852
29969,0.2749631
29970,0.05932574
29971,0.16840304
29972,0.05553359
29973,0.047479384
29974,0.0055101914
29975,0.42831692
29976,0.11542052
29977,0.013525863
29978,0.077825524
29979,0.29976776
29980,0.29367238
29981,0.09479118
29982,0.06450225
29983,0.0133791035
29984,0.018008128
29985,0.044672865
29986,0.011237593
29987,0.08431664
29988,0.065241344
29989,0.079910874
29990,0.10009778
29991,0.26567447
29992,0.28855795
29993,0.018713323
29994,0.059613094
29995,0.050242852
29996,0.030713758
29997,0.2824981
29998,0.025573876
29999,0.05193653
30000,0.011447748
30001,0.16670842
30002,0.04082074
30003,0.029450595
30004,0.26573202
30005,0.5288995
30006,0.09736141
30007,0.021673484
30008,0.021667192
30009,0.051041596
30010,0.07380706
30011,0.012125733
30012,0.03287929
30013,0.12889297
30014,0.17246848
30015,0.1094011
30016,0.108778425
30017,0.07832504
30018,0.0037367821
30019,0.009440277
30020,0.03524254
30021,0.037384104
30022,0.032151338
30023,0.043862026
30024,0.10967648
30025,0.066143125
30026,0.23810202
30027,0.021846186
30028,0.043182287
30029,0.034500387
30030,0.025496548
30031,0.025004037
30032,0.028475266
30033,0.05133409
30034,0.021672253
30035,0.081736416
30036,0.44285128
30037,0.2155118
30038,0.048263926
30039,0.04759879
30040,0.1099955
30041,0.07184079
30042,0.018110653
30043,0.071701266
30044,0.015912663
30045,0.014077112
30046,0.032393005
30047,0.264983
30048,0.03300126
30049,0.026834456
30050,0.03702312
30051,0.15330572
30052,0.08671885
30053,0.26527447
30054,0.2477309
30055,0.24237704
30056,0.08278114
30057,0.05191362
30058,0.024950325
30059,0.06317936
30060,0.055015966
30061,0.26010752
30062,0.05674765
30063,0.5934011
30064,0.121911585
30065,0.026271608
30066,0.12094429
30067,0.0655616
30068,0.0545415
30069,0.020760361
30070,0.018234644
30071,0.06668705
30072,0.030341517
30073,0.02449343
30074,0.022709887
30075,0.09617924
30076,0.053273335
30077,0.095281884
30078,0.073818155
30079,0.13370414
30080,0.35423753
30081,0.46612296
30082,0.07488897
30083,0.028556118
30084,0.08839674
30085,0.022625208
30086,0.04546761
30087,0.02827073
30088,0.08650567
30089,0.06929458
30090,0.13184296
30091,0.04448899
30092,0.1149117
30093,0.04768019
30094,0.07112893
30095,0.033381373
30096,0.019160336
30097,0.14244579
30098,0.011255074
30099,0.08211605
30100,0.035989195
30101,0.012768804
30102,0.024884338
30103,0.042222235
30104,0.06909245
30105,0.08709071
30106,0.22521718
30107,0.11624657
30108,0.46459672
30109,0.24747275
30110,0.24659103
30111,0.015046518
30112,0.11403848
30113,0.06339425
30114,0.049608827
30115,0.098323226
30116,0.025406534
30117,0.060490966
30118,0.047148723
30119,0.061184272
30120,0.096137404
30121,0.03523449
30122,0.068902805
30123,0.025593191
30124,0.088281184
30125,0.020122174
30126,0.048898283
30127,0.10994669
30128,0.07141781
30129,0.24572055
30130,0.52173877
30131,0.11759838
30132,0.124122925
30133,0.07325838
30134,0.08668231
30135,0.093387306
30136,0.10600166
30137,0.06790732
30138,0.010298623
30139,0.02403846
30140,0.27604178
30141,0.08084833
30142,0.08516894
30143,0.07098901
30144,0.08718723
30145,0.020890728
30146,0.023619583
30147,0.02645873
30148,0.048130084
30149,0.27774864
30150,0.07452995
30151,0.058745254
30152,0.1177944
30153,0.78577554
30154,0.1350191
30155,0.020162137
30156,0.24708158
30157,0.070739485
30158,0.27087805
30159,0.26314732
30160,0.088156365
30161,0.057312377
30162,0.048645962
30163,0.11166761
30164,0.16434695
30165,0.046422135
30166,0.14999226
30167,0.09800159
30168,0.093467355
30169,0.015566117
30170,0.0108667975
30171,0.021704448
30172,0.024915881
30173,0.06461868
30174,0.08440443
30175,0.01948507
30176,0.13316894
30177,0.14685889
30178,0.26137763
30179,0.09516334
30180,0.03696032
30181,0.120198235
30182,0.15535355
30183,0.40348217
30184,0.073958665
30185,0.061283175
30186,0.026318545
30187,0.074954
30188,0.5978567
30189,0.044335615
30190,0.13655981
30191,0.4221262
30192,0.27173012
30193,0.01864056
30194,0.0118272295
30195,0.012989842
30196,0.05351998
30197,0.062213816
30198,0.4127127
30199,0.44667304
30200,0.009137516
30201,0.10304663
30202,0.10230206
30203,0.14825158
30204,0.1532698
30205,0.1421191
30206,0.1724214
30207,0.26664612
30208,0.1020097
30209,0.01924101
30210,0.059840634
30211,0.103652984
30212,0.06312136
30213,0.270698
30214,0.95667034
30215,0.05614832
30216,0.45421228
30217,0.017689092
30218,0.05504719
30219,0.36428654
30220,0.0052310345
30221,0.061507896
30222,0.090694554
30223,0.02081862
30224,0.05510054
30225,0.0068495544
30226,0.42452338
30227,0.13209267
30228,0.09815992
30229,0.17283306
30230,0.15472415
30231,0.26858974
30232,0.3107874
30233,0.39259517
30234,0.16375388
30235,0.13106158
30236,0.13116248
30237,0.9713063
30238,0.45975566
30239,0.4610385
30240,0.027947208
30241,0.14056294
30242,0.07079381
30243,0.00736855
30244,0.069949955
30245,0.006371744
30246,0.009383508
30247,0.0134823695
30248,0.027921934
30249,0.07014963
30250,0.115645505
30251,0.11986173
30252,0.12120414
30253,0.10890631
30254,0.24905008
30255,0.26049936
30256,0.02839688
30257,0.1149026
30258,0.4347487
30259,0.070771985
30260,0.97290874
30261,1.0062155
30262,0.6161297
30263,0.0060428814
30264,0.030017307
30265,0.018434366
30266,0.09854535
30267,0.41905525
30268,0.09160753
30269,0.018505957
30270,0.07109344
30271,0.015015886
30272,0.06369582
30273,0.09228522
30274,0.06806589
30275,0.012755765
30276,0.2194826
30277,0.0177052
30278,0.040248245
30279,0.12618431
30280,0.12049851
30281,0.06715628
30282,0.05768881
30283,0.25579232
30284,0.18723087
30285,0.02789002
30286,0.25456023
30287,0.115248226
30288,0.11485137
30289,0.9972459
30290,0.968703
30291,0.61693186
30292,0.17395931
30293,0.029794274
30294,0.010330495
30295,0.4556013
30296,0.102173716
30297,0.17530939
30298,0.048894882
30299,0.11122428
30300,0.024617264
30301,0.10553094
30302,0.12381139
30303,0.13661589
30304,0.15577279
30305,0.5218968
30306,0.44607952
30307,0.2512517
30308,0.1394814
30309,0.09558516
30310,0.07326116
30311,0.12866311
30312,0.05250114
30313,0.040654123
30314,0.14230563
30315,0.14797218
30316,0.07143984
30317,0.11435483
30318,0.02660833
30319,0.92475456
30320,0.93725824
30321,0.9972715
30322,0.099355526
30323,0.0497018
30324,0.29909322
30325,0.013099094
30326,0.3025012
30327,0.029681845
30328,0.024045574
30329,0.029645916
30330,0.047523465
30331,0.10959065
30332,0.055088006
30333,0.3908674
30334,0.97613484
30335,0.080577485
30336,0.12389416
30337,0.1035852
30338,0.15288946
30339,0.082961954
30340,0.31627586
30341,0.24465825
30342,0.034581088
30343,0.1036603
30344,0.11826709
30345,0.118087515
30346,0.05095834
30347,0.027695071
30348,0.28514275
30349,0.4041997
30350,0.2668866
30351,0.078992434
30352,0.028031735
30353,0.12904434
30354,0.010940825
30355,0.08292082
30356,0.18992823
30357,0.03659623
30358,0.056052472
30359,0.052698713
30360,0.05322242
30361,0.05319979
30362,0.18723199
30363,0.7370174
30364,0.2689208
30365,0.17321374
30366,0.1288863
30367,0.1598879
30368,0.16282268
30369,0.56625646
30370,0.082949266
30371,0.031226678
30372,0.044612866
30373,0.037093997
30374,0.14163613
30375,0.16919051
30376,0.2485149
30377,0.4604225
30378,0.26323897
30379,0.26188084
30380,0.9463854
30381,0.13825096
30382,0.018787052
30383,0.1310699
30384,0.27502412
30385,0.025857996
30386,0.06417722
30387,0.43615583
30388,0.07687991
30389,0.04489209
30390,0.041423373
30391,0.05626182
30392,0.24818425
30393,0.4022086
30394,0.26805905
30395,0.4783087
30396,0.28109643
30397,0.14773834
30398,0.15013462
30399,0.39261216
30400,0.027016997
30401,0.1620184
30402,0.08888849
30403,0.0597414
30404,0.36774966
30405,0.27365646
30406,0.064879596
30407,0.56802005
30408,0.28010502
30409,0.0055122403
30410,0.097310714
30411,0.12111518
30412,0.08970772
30413,0.054574024
30414,0.011023682
30415,0.010402683
30416,0.036941458
30417,0.06677739
30418,0.103363216
30419,0.108162105
30420,0.135773
30421,0.40914184
30422,0.9058201
30423,0.43969247
30424,0.2758231
30425,0.6496358
30426,0.1326309
30427,0.08180512
30428,0.081831865
30429,0.14620939
30430,0.36564395
30431,0.07681839
30432,0.02839523
30433,0.0737419
30434,0.14264962
30435,0.019670945
30436,0.05228793
30437,0.1149225
30438,0.025767462
30439,0.043914504
30440,0.020611634
30441,0.022233548
30442,0.036347467
30443,0.08141357
30444,0.0639561
30445,0.09888378
30446,0.4754524
30447,0.273402
30448,0.13988347
30449,0.67238903
30450,0.66093755
30451,0.45062166
30452,0.22284403
30453,0.050217982
30454,0.021603951
30455,0.060976304
30456,0.1195313
30457,0.01666768
30458,0.033845656
30459,0.99960375
30460,0.058952626
30461,0.018156378
30462,0.1513486
30463,0.06023766
30464,0.23507811
30465,0.045101054
30466,0.058184806
30467,0.020052882
30468,0.050375186
30469,0.036592465
30470,0.09672129
30471,0.122948505
30472,0.56684864
30473,0.40986776
30474,0.2444011
30475,0.9769462
30476,0.45607668
30477,0.47528267
30478,0.15630196
30479,0.043980688
30480,0.031920392
30481,0.038439956
30482,0.05429898
30483,0.04148382
30484,0.042569436
30485,0.07338998
30486,0.43575627
30487,0.10333702
30488,0.41330466
30489,0.034127496
30490,0.112428896
30491,0.12969305
30492,0.1440424
30493,0.16740403
30494,0.056518495
30495,0.032272696
30496,0.048881967
30497,0.15101814
30498,0.862906
30499,0.43105787
30500,0.6496358
30501,0.3819034
30502,0.41852412
30503,0.16114895
30504,0.23080592
30505,0.040337294
30506,0.022880634
30507,0.012646518
30508,0.014153829
30509,0.04390547
30510,0.0317578
30511,0.13319224
30512,0.14076793
30513,0.084300235
30514,0.28484747
30515,0.028241314
30516,0.08842296
30517,0.27897835
30518,0.04542246
30519,0.12377092
30520,0.35042965
30521,0.03683667
30522,0.24200332
30523,0.26131
30524,0.08123215
30525,0.11324825
30526,0.10685207
30527,0.09023197
30528,0.044373304
30529,0.1338648
30530,0.12692326
30531,0.044756703
30532,0.009508638
30533,0.24707986
30534,0.10785676
30535,0.040448517
30536,0.038337767
30537,0.12911642
30538,0.043282613
30539,0.05690227
30540,0.04792535
30541,0.17035405
30542,0.43868628
30543,0.5812688
30544,0.1109994
30545,0.012002359
30546,0.020226022
30547,0.06200776
30548,0.07568298
30549,0.1499048
30550,0.02687603
30551,0.016882505
30552,0.03462736
30553,0.018637674
30554,0.0154222455
30555,0.026353233
30556,0.0922594
30557,0.107867084
30558,0.3396571
30559,0.017061802
30560,0.02077345
30561,0.0356802
30562,0.09371855
30563,0.11884744
30564,0.4404192
30565,0.1269064
30566,0.014584883
30567,0.25088182
30568,0.038673367
30569,0.01770279
30570,0.087216906
30571,0.14566685
30572,0.05380997
30573,0.01979105
30574,0.010851287
30575,0.27186227
30576,0.031651337
30577,0.019449044
30578,0.015527017
30579,0.028670497
30580,0.14504334
30581,0.078925945
30582,0.047125604
30583,0.024453847
30584,0.033559296
30585,0.08264999
30586,0.27093998
30587,0.04078091
30588,0.021811087
30589,0.03501242
30590,0.04785941
30591,0.070500456
30592,0.2672474
30593,0.08173231
30594,0.2726226
30595,0.099888854
30596,0.032237932
30597,0.016396761
30598,0.057530593
30599,0.06094941
30600,0.034470126
30601,0.19325276
30602,0.018212147
30603,0.26628283
30604,0.021865895
30605,0.10641511
30606,0.058865473
30607,0.014172041
30608,0.29868808
30609,0.66386896
30610,0.23257712
30611,0.10849828
30612,0.10815897
30613,0.0558506
30614,0.049703415
30615,0.107786916
30616,0.09889215
30617,0.11347158
30618,1.0130267
30619,0.019766107
30620,0.08389475
30621,0.015989969
30622,0.09357656
30623,0.08535494
30624,0.021619497
30625,0.044131007
30626,0.14936955
30627,0.55866826
30628,0.080372155
30629,0.2684778
30630,0.026376091
30631,0.071135096
30632,0.030316733
30633,0.09768651
30634,0.035101354
30635,0.028120128
30636,0.06864596
30637,0.07078273
30638,0.028831292
30639,0.019153394
30640,0.06877701
30641,0.014712311
30642,0.15709484
30643,0.045350254
30644,0.036367394
30645,0.09261654
30646,0.11592274
30647,0.023229843
30648,0.028561914
30649,0.061302226
30650,0.98681355
30651,0.07733902
30652,0.119504996
30653,0.055501465
30654,0.04435299
30655,0.05387431
30656,0.05515701
30657,0.017053861
30658,0.022142256
30659,0.28610215
30660,0.030145345
30661,0.006295383
30662,0.006273394
30663,0.006860665
30664,0.007679454
30665,0.018888356
30666,0.05769728
30667,0.11715324
30668,0.25238943
30669,0.046755135
30670,0.054500904
30671,0.21981078
30672,0.027681295
30673,0.02356716
30674,0.008117665
30675,0.021104543
30676,0.014802839
30677,0.055484813
30678,0.008938971
30679,0.036069084
30680,0.2600711
30681,0.07588988
30682,0.012910326
30683,0.016111929
30684,0.008052354
30685,0.07231461
30686,0.25264406
30687,0.10829218
30688,0.087371856
30689,0.077868275
30690,0.03249325
30691,0.06318312
30692,0.019363575
30693,0.069280185
30694,0.27890247
30695,0.14494991
30696,0.015000582
30697,0.01714361
30698,0.015219444
30699,0.02483707
30700,0.011958438
30701,0.017800827
30702,0.017202264
30703,0.010183089
30704,0.02740481
30705,0.06170546
30706,0.061943404
30707,0.11823316
30708,0.13897842
30709,0.008618385
30710,0.28008988
30711,0.010704482
30712,0.021261359
30713,0.013926119
30714,0.02996306
30715,0.018495286
30716,0.014059367
30717,0.022605637
30718,0.027850412
30719,0.018705862
30720,0.03334536
30721,0.014727173
30722,0.0088703865
30723,0.074557096
30724,0.04359741
30725,0.015863787
30726,0.054056272
30727,0.018213008
30728,0.008973431
30729,0.019692643
30730,0.011628545
30731,0.117327996
30732,0.029613689
30733,0.053140193
30734,0.0046272893
30735,0.035344616
30736,0.019248273
30737,0.10531629
30738,0.01408324
30739,0.005695013
30740,0.40401134
30741,0.07507711
30742,0.06764233
30743,0.064431146
30744,0.096988395
30745,0.024497643
30746,0.014699717
30747,0.10028337
30748,0.019010568
30749,0.111674696
30750,0.15076004
30751,0.0202766
30752,0.032219652
30753,0.036713984
30754,0.03129222
30755,0.028988635
30756,0.006924143
30757,0.040457837
30758,0.013829139
30759,0.08339923
30760,0.06576524
30761,0.031777397
30762,0.0065330593
30763,0.16878547
30764,0.018674472
30765,0.027068967
30766,0.028852371
30767,0.005497879
30768,0.01967687
30769,0.060798433
30770,0.023358637
30771,0.03189094
30772,0.0374621
30773,0.01111752
30774,0.035732806
30775,0.34257346
30776,0.24871773
30777,0.008535685
30778,0.017887708
30779,0.102907605
30780,0.01426626
30781,0.020930916
30782,0.033209253
30783,0.04920719
30784,0.02704876
30785,0.038956393
30786,0.0618151
30787,0.013760658
30788,0.034103032
30789,0.050237864
30790,0.03298947
30791,0.03890987
30792,0.10715108
30793,0.033958748
30794,0.39403203
30795,0.039891414
30796,0.08133743
30797,0.4039463
30798,0.14528851
30799,0.025458917
30800,0.2698447
30801,0.06973132
30802,0.41842481
30803,0.084031776
30804,0.13431796
30805,0.05986615
30806,0.018188823
30807,0.21830827
30808,0.007856133
30809,0.036691125
30810,0.019686677
30811,0.12842119
30812,0.027697472
30813,0.6821137
30814,0.2733502
30815,0.035816174
30816,0.26879382
30817,0.012658299
30818,0.031630542
30819,0.024079034
30820,0.052587755
30821,0.015148551
30822,0.035126444
30823,0.117782086
30824,0.41603523
30825,0.498315
30826,0.53457934
30827,0.044311617
30828,0.07393409
30829,0.13118152
30830,0.35228938
30831,0.06391099
30832,0.047113005
30833,0.07555306
30834,0.23981786
30835,0.03170046
30836,0.42025548
30837,0.2510079
30838,0.26701298
30839,0.49895605
30840,0.13054168
30841,0.023474023
30842,0.45863053
30843,0.07050181
30844,0.12851372
30845,0.055249657
30846,0.06197009
30847,0.04193974
30848,0.0717062
30849,0.102539256
30850,0.10865185
30851,0.23249872
30852,0.031881664
30853,0.033714052
30854,0.07550881
30855,0.26059592
30856,0.05261041
30857,0.07151
30858,0.07192407
30859,0.091527715
30860,0.037389345
30861,0.03173654
30862,0.061132476
30863,0.16170967
30864,0.05431532
30865,0.34444413
30866,0.056062683
30867,0.046683975
30868,0.02348025
30869,0.01663734
30870,0.017743539
30871,0.4464757
30872,0.11599051
30873,0.07290734
30874,0.30905765
30875,0.30408105
30876,0.0068398444
30877,0.093496345
30878,0.06620343
30879,0.017119711
30880,0.012321455
30881,0.061456118
30882,0.07963502
30883,0.10095539
30884,0.26506233
30885,0.39789346
30886,0.12093963
30887,0.04991805
30888,0.0289786
30889,0.3957441
30890,0.02275606
30891,0.05395338
30892,0.010423706
30893,0.06239298
30894,0.04217448
30895,0.028405186
30896,0.27680966
30897,0.4831951
30898,0.097271666
30899,0.021057328
30900,0.025006758
30901,0.050727155
30902,0.07525017
30903,0.03232664
30904,0.016700314
30905,0.13691223
30906,0.16328797
30907,0.10969495
30908,0.1106668
30909,0.07202994
30910,0.009315448
30911,0.039581254
30912,0.033769336
30913,0.035364766
30914,0.04375498
30915,0.10831283
30916,0.048210327
30917,0.2372835
30918,0.018777164
30919,0.046937767
30920,0.0366993
30921,0.023822315
30922,0.022231968
30923,0.028274313
30924,0.051193263
30925,0.08394114
30926,0.4540683
30927,0.26372087
30928,0.049512364
30929,0.049862605
30930,0.11071825
30931,0.0777436
30932,0.018849634
30933,0.07195969
30934,0.032138508
30935,0.27367294
30936,0.03411936
30937,0.03171902
30938,0.03429634
30939,0.07222891
30940,0.079961136
30941,0.4061567
30942,0.2876361
30943,0.2748264
30944,0.077618726
30945,0.04806894
30946,0.023940353
30947,0.06867829
30948,0.054770857
30949,0.26324534
30950,0.059519853
30951,0.56665736
30952,0.124769494
30953,0.023780653
30954,0.12284457
30955,0.063182026
30956,0.05620324
30957,0.021213215
30958,0.010237089
30959,0.06743265
30960,0.010265726
30961,0.024810992
30962,0.023755252
30963,0.024341265
30964,0.091792464
30965,0.05487684
30966,0.097611815
30967,0.074414104
30968,0.122321814
30969,0.31100786
30970,0.4381039
30971,0.07392827
30972,0.0280416
30973,0.09277226
30974,0.022740457
30975,0.042986088
30976,0.0066288025
30977,0.09242953
30978,0.06944898
30979,0.13222049
30980,0.046664543
30981,0.11918359
30982,0.04806933
30983,0.07086309
30984,0.032929327
30985,0.020468596
30986,0.021301694
30987,0.14242038
30988,0.082066685
30989,0.037087377
30990,0.02794233
30991,0.044045094
30992,0.07064291
30993,0.089622736
30994,0.13516118
30995,0.10963467
30996,0.27241457
30997,0.24136917
30998,0.25034454
30999,0.014999734
31000,0.11203927
31001,0.015110117
31002,0.0598039
31003,0.0070346235
31004,0.049340356
31005,0.09653482
31006,0.036911238
31007,0.056894425
31008,0.042867262
31009,0.013945013
31010,0.061194632
31011,0.09241136
31012,0.035553265
31013,0.06620282
31014,0.027609685
31015,0.031007102
31016,0.087323725
31017,0.018486472
31018,0.045954656
31019,0.11148922
31020,0.073950365
31021,0.2481556
31022,0.6019066
31023,0.11670658
31024,0.12486024
31025,0.07238389
31026,0.08993462
31027,0.08454805
31028,0.10639622
31029,0.06821433
31030,0.27932227
31031,0.081049226
31032,0.09000754
31033,0.07216876
31034,0.08355455
31035,0.01902167
31036,0.03082034
31037,0.021772578
31038,0.028735943
31039,0.050405506
31040,0.27357835
31041,0.076277666
31042,0.05461923
31043,0.13861217
31044,0.86082137
31045,0.113434084
31046,0.020426987
31047,0.25122413
31048,0.06696559
31049,0.2728052
31050,0.27484754
31051,0.08346004
31052,0.02108032
31053,0.059397362
31054,0.049874894
31055,0.113102466
31056,0.27598423
31057,0.04520802
31058,0.26149148
31059,0.09718899
31060,0.006633618
31061,0.09142102
31062,0.010546164
31063,0.02210561
31064,0.024214193
31065,0.06650641
31066,0.08208533
31067,0.01938309
31068,0.12424714
31069,0.16078521
31070,0.25554344
31071,0.093083195
31072,0.037186947
31073,0.116532445
31074,0.15827376
31075,0.41190553
31076,0.06646725
31077,0.06039328
31078,0.025701588
31079,0.078191414
31080,0.48862422
31081,0.044764172
31082,0.13939972
31083,0.4277276
31084,0.27457693
31085,0.018631743
31086,0.012891475
31087,0.04518305
31088,0.065784395
31089,0.39888376
31090,0.40168986
31091,0.0094040185
31092,0.10188329
31093,0.09905093
31094,0.2592805
31095,0.15817259
31096,0.14377068
31097,0.1743369
31098,0.3928041
31099,0.0928495
31100,0.021627558
31101,0.060328428
31102,0.101669095
31103,0.059225198
31104,0.2077449
31105,0.9068655
31106,0.05716932
31107,0.45560783
31108,0.01617758
31109,0.05571864
31110,0.26435325
31111,0.019265143
31112,0.06264697
31113,0.088017836
31114,0.021749243
31115,0.0545114
31116,0.45205426
31117,0.13127638
31118,0.09999458
31119,0.26484537
31120,0.1506774
31121,0.26543245
31122,0.3025188
31123,0.38714868
31124,0.26907855
31125,0.13025695
31126,0.13320413
31127,0.94060063
31128,0.4365457
31129,0.44456327
31130,0.026162919
31131,0.14900768
31132,0.07180377
31133,0.033303693
31134,0.02156866
31135,0.015680823
31136,0.06685678
31137,0.00834167
31138,0.011032555
31139,0.013063837
31140,0.027771102
31141,0.06948627
31142,0.11316052
31143,0.111312106
31144,0.13108212
31145,0.10300912
31146,0.24938199
31147,0.25346112
31148,0.031586174
31149,0.11888877
31150,0.41901585
31151,0.019460784
31152,0.072363235
31153,1.0215107
31154,0.94877756
31155,0.6275007
31156,0.00615206
31157,0.030463027
31158,0.102883905
31159,0.4417539
31160,0.087595224
31161,0.068126485
31162,0.028362133
31163,0.015438663
31164,0.06793621
31165,0.07089068
31166,0.065103695
31167,0.016185757
31168,0.39641762
31169,0.018284833
31170,0.03793002
31171,0.13432948
31172,0.116469555
31173,0.05982436
31174,0.056962248
31175,0.32757622
31176,0.18660833
31177,0.027525563
31178,0.25127944
31179,0.117473625
31180,0.116619684
31181,0.98999226
31182,1.0318115
31183,0.67008984
31184,0.016831718
31185,0.17202275
31186,0.027611477
31187,0.00939833
31188,0.43809378
31189,0.10188119
31190,0.17497884
31191,0.05009449
31192,0.1119956
31193,0.02215418
31194,0.106398776
31195,0.122415796
31196,0.15423344
31197,0.14532357
31198,0.5150142
31199,0.4686019
31200,0.24709843
31201,0.14758669
31202,0.09570171
31203,0.07124904
31204,0.12168567
31205,0.052877296
31206,0.041846123
31207,0.026880844
31208,0.14654589
31209,0.15326492
31210,0.069990516
31211,0.10800532
31212,0.026911605
31213,0.9727359
31214,1.0168892
31215,1.0137758
31216,0.09846303
31217,0.050262
31218,0.14324951
31219,0.3081805
31220,0.030913541
31221,0.01059689
31222,0.020969404
31223,0.025192931
31224,0.048654336
31225,0.111937016
31226,0.055401724
31227,0.4218108
31228,0.96700865
31229,0.085191905
31230,0.11605737
31231,0.105363645
31232,0.17220788
31233,0.08352769
31234,0.33659524
31235,0.23669541
31236,0.035993114
31237,0.10556292
31238,0.123566866
31239,0.12502816
31240,0.049342554
31241,0.030121895
31242,0.48148584
31243,0.4497905
31244,0.27004737
31245,0.08080097
31246,0.027919026
31247,0.12306968
31248,0.010684446
31249,0.085145354
31250,0.20004532
31251,0.034998253
31252,0.047496784
31253,0.053660102
31254,0.022117956
31255,0.023511564
31256,0.050510075
31257,0.05157525
31258,0.1765655
31259,0.74364346
31260,0.261788
31261,0.17526846
31262,0.12926726
31263,0.16196716
31264,0.1581702
31265,0.61915755
31266,0.07500585
31267,0.04277206
31268,0.037848
31269,0.14840095
31270,0.1629698
31271,0.13480501
31272,0.4266244
31273,0.26303297
31274,0.14996898
31275,0.873099
31276,0.14329039
31277,0.018622285
31278,0.13552532
31279,0.27106932
31280,0.025314523
31281,0.060220357
31282,0.41310307
31283,0.07328772
31284,0.043340027
31285,0.04205335
31286,0.053719833
31287,0.14615826
31288,0.45505646
31289,0.26883012
31290,0.48751158
31291,0.28189304
31292,0.1472214
31293,0.14909641
31294,0.26611227
31295,0.027379205
31296,0.16154803
31297,0.09491839
31298,0.061290026
31299,0.48386347
31300,0.2206423
31301,0.06608941
31302,0.581797
31303,0.4685111
31304,0.091729015
31305,0.12755886
31306,0.08668265
31307,0.05407232
31308,0.016183391
31309,0.011626046
31310,0.00959582
31311,0.036849603
31312,0.06908127
31313,0.10089026
31314,0.104290076
31315,0.13666362
31316,0.32694232
31317,0.93497217
31318,0.45214882
31319,0.2601183
31320,0.61962867
31321,0.114730954
31322,0.08047907
31323,0.084810354
31324,0.14148958
31325,0.17613341
31326,0.074317224
31327,0.02875702
31328,0.074891835
31329,0.13833421
31330,0.020547964
31331,0.054602258
31332,0.118206635
31333,0.023070836
31334,0.017943487
31335,0.04414826
31336,0.01976743
31337,0.022732953
31338,0.036121216
31339,0.07772394
31340,0.06333601
31341,0.09112252
31342,0.38788873
31343,0.26915342
31344,0.24093896
31345,0.6907891
31346,0.6658006
31347,0.44611615
31348,0.21296176
31349,0.051834572
31350,0.023797613
31351,0.06235716
31352,0.11863231
31353,0.018743088
31354,1.0315711
31355,0.058254726
31356,0.018685848
31357,0.06905667
31358,0.057100978
31359,0.24247661
31360,0.059778757
31361,0.050764393
31362,0.03484669
31363,0.09842986
31364,0.12951353
31365,0.52927476
31366,0.45395347
31367,0.24932346
31368,0.93964714
31369,0.34139314
31370,0.4880458
31371,0.1574531
31372,0.031109268
31373,0.03781016
31374,0.05591291
31375,0.05327556
31376,0.01712246
31377,0.076145954
31378,0.42042434
31379,0.103965014
31380,0.21673055
31381,0.033584695
31382,0.11789317
31383,0.12943043
31384,0.14772819
31385,0.27051136
31386,0.051517073
31387,0.031975813
31388,0.01009638
31389,0.0496539
31390,0.14941786
31391,0.83839434
31392,0.45099846
31393,0.6653869
31394,0.37802553
31395,0.4109547
31396,0.15764861
31397,0.2318657
31398,0.041108046
31399,0.025690965
31400,0.012649911
31401,0.01429377
31402,0.04319861
31403,0.03096771
31404,0.13106312
31405,0.14033133
31406,0.08092747
31407,0.42760304
31408,0.027386617
31409,0.08474177
31410,0.39744514
31411,0.046171788
31412,0.115265496
31413,0.24258669
31414,0.03505748
31415,0.006324699
31416,0.24676475
31417,0.27104816
31418,0.08567759
31419,0.11670774
31420,0.104761936
31421,0.09018525
31422,0.044209287
31423,0.13277256
31424,0.1278659
31425,0.009770277
31426,0.24090853
31427,0.012121177
31428,0.1093483
31429,0.0403929
31430,0.038480133
31431,0.11700743
31432,0.04402478
31433,0.05250799
31434,0.04562447
31435,0.18275066
31436,0.4646294
31437,0.5931454
31438,0.12026871
31439,0.01151138
31440,0.020553645
31441,0.065093026
31442,0.08062986
31443,0.14441034
31444,0.014855365
31445,0.029008938
31446,0.017771501
31447,0.03450161
31448,0.018462623
31449,0.014126573
31450,0.026346086
31451,0.08963433
31452,0.10715691
31453,0.4413572
31454,0.019337486
31455,0.021696905
31456,0.036163144
31457,0.0863946
31458,0.107487194
31459,0.42870486
31460,0.13134727
31461,0.01766178
31462,0.14610706
31463,0.040072374
31464,0.017777232
31465,0.082374826
31466,0.14479227
31467,0.0544594
31468,0.018359702
31469,0.009630941
31470,0.18171929
31471,0.030555477
31472,0.016988667
31473,0.016435942
31474,0.029464351
31475,0.14410624
31476,0.075180694
31477,0.049924042
31478,0.025100302
31479,0.03404437
31480,0.07432692
31481,0.27408147
31482,0.03799591
31483,0.023602791
31484,0.03765651
31485,0.04785322
31486,0.07390311
31487,0.25793624
31488,0.08069777
31489,0.18104264
31490,0.10600069
31491,0.03480964
31492,0.016071731
31493,0.05328519
31494,0.063856445
31495,0.03648342
31496,0.28811562
31497,0.016752489
31498,0.26467624
31499,0.021728503
31500,0.10518333
31501,0.058683883
31502,0.2856286
31503,0.67161506
31504,0.22273266
31505,0.107012495
31506,0.099278614
31507,0.056883767
31508,0.049525086
31509,0.10666563
31510,0.09593744
31511,0.11131852
31512,0.95867026
31513,0.020997718
31514,0.08945854
31515,0.018155605
31516,0.09330686
31517,0.08888491
31518,0.022033278
31519,0.04343263
31520,0.14829089
31521,0.54248315
31522,0.08169624
31523,0.26983082
31524,0.018904101
31525,0.068504706
31526,0.029667426
31527,0.09663714
31528,0.035545025
31529,0.029178727
31530,0.06589754
31531,0.069263816
31532,0.030411744
31533,0.070166335
31534,0.015421354
31535,0.16393876
31536,0.04424902
31537,0.044499326
31538,0.021375239
31539,0.036609553
31540,0.09537775
31541,0.11728511
31542,0.03036906
31543,0.06560282
31544,1.0081527
31545,0.07335158
31546,0.119474165
31547,0.05455061
31548,0.04376056
31549,0.054405876
31550,0.054266542
31551,0.021943867
31552,0.42505592
31553,0.03380713
31554,0.006408211
31555,0.0039817584
31556,0.01022847
31557,0.009051649
31558,0.056702692
31559,0.1192679
31560,0.023331702
31561,0.12263417
31562,0.045282997
31563,0.02545753
31564,0.056952324
31565,0.38030067
31566,0.030006062
31567,0.024451783
31568,0.021895584
31569,0.054050405
31570,0.25532004
31571,0.07418537
31572,0.013217028
31573,0.016898327
31574,0.0703627
31575,0.15166408
31576,0.21687014
31577,0.08958724
31578,0.07322058
31579,0.06105509
31580,0.018879494
31581,0.07062255
31582,0.27365726
31583,0.24199195
31584,0.0076631433
31585,0.035082594
31586,0.01788714
31587,0.016911998
31588,0.020880828
31589,0.017094396
31590,0.01932974
31591,0.028989084
31592,0.06202208
31593,0.0602297
31594,0.12108784
31595,0.008992568
31596,0.014195381
31597,0.13646477
31598,0.010210783
31599,0.28019306
31600,0.030432653
31601,0.021079976
31602,0.015270179
31603,0.0236525
31604,0.028247751
31605,0.021626834
31606,0.032901417
31607,0.008051886
31608,0.07307749
31609,0.027946994
31610,0.04445657
31611,0.016847359
31612,0.05373234
31613,0.016484339
31614,0.018403077
31615,0.11117915
31616,0.034981903
31617,0.050726186
31618,0.006658379
31619,0.03416527
31620,0.10505667
31621,0.014066714
31622,0.011764249
31623,0.39788088
31624,0.058317263
31625,0.0735589
31626,0.06738324
31627,0.095338866
31628,0.027077531
31629,0.0155037185
31630,0.09604166
31631,0.019218488
31632,0.11418487
31633,0.007214594
31634,0.15163188
31635,0.0264805
31636,0.034285042
31637,0.03671826
31638,0.0307479
31639,0.03059591
31640,0.016636629
31641,0.038797546
31642,0.0151711665
31643,0.012273499
31644,0.008780268
31645,0.00777716
31646,0.08411781
31647,0.06825204
31648,0.03161942
31649,0.16005813
31650,0.027686663
31651,0.014419006
31652,0.020902686
31653,0.05657313
31654,0.016308965
31655,0.03372393
31656,0.03628193
31657,0.14068617
31658,0.24831599
31659,0.010551716
31660,0.10566063
31661,0.02128532
31662,0.045620073
31663,0.022059327
31664,0.035799555
31665,0.05342409
31666,0.04340464
31667,0.06843725
31668,0.014722426
31669,0.032908395
31670,0.035472795
31671,0.03922519
31672,0.042923734
31673,0.10697065
31674,0.038611207
31675,0.40067557
31676,0.042442925
31677,0.20884003
31678,0.14659195
31679,0.34074494
31680,0.020619212
31681,0.049725205
31682,0.26885065
31683,0.07525561
31684,0.28740752
31685,0.09110244
31686,0.26258817
31687,0.07163497
31688,0.028302876
31689,0.22570316
31690,0.019505851
31691,0.2705226
31692,0.64994574
31693,0.27646416
31694,0.04921725
31695,0.04221059
31696,0.1411182
31697,0.071087964
31698,0.03101123
31699,0.05519037
31700,0.038595922
31701,0.11324072
31702,0.28444028
31703,0.5220952
31704,0.4858344
31705,0.049123075
31706,0.08458658
31707,0.12587021
31708,0.2692749
31709,0.06760703
31710,0.04922106
31711,0.08255331
31712,0.10336329
31713,0.391417
31714,0.13124244
31715,0.27806628
31716,0.5098095
31717,0.12299359
31718,0.02451841
31719,0.4734878
31720,0.020484634
31721,0.070470996
31722,0.2730218
31723,0.06403316
31724,0.064781435
31725,0.040367186
31726,0.080412254
31727,0.028127572
31728,0.223691
31729,0.11941176
31730,0.10017132
31731,0.03540603
31732,0.038740408
31733,0.08109802
31734,0.25817263
31735,0.05233445
31736,0.0060923933
31737,0.031679668
31738,0.07124799
31739,0.07539567
31740,0.09473313
31741,0.035121176
31742,0.047195394
31743,0.04160459
31744,0.03008401
31745,0.28625524
31746,0.06502555
31747,0.34608325
31748,0.022959381
31749,0.055785272
31750,0.04807585
31751,0.012793143
31752,0.017934818
31753,0.36014244
31754,0.12342092
31755,0.07679848
31756,0.39380595
31757,0.40154055
31758,0.012091188
31759,0.09723097
31760,0.06476327
31761,0.020694256
31762,0.024726117
31763,0.04552922
31764,0.07555117
31765,0.085591145
31766,0.103110336
31767,0.39385286
31768,0.32903555
31769,0.12152334
31770,0.052949086
31771,0.009362707
31772,0.032214303
31773,0.029674545
31774,0.03740943
31775,0.3737772
31776,0.023872118
31777,0.05194513
31778,0.011214943
31779,0.06456059
31780,0.043977514
31781,0.27298707
31782,0.48257077
31783,0.10566644
31784,0.024021871
31785,0.052143868
31786,0.07601141
31787,0.0319263
31788,0.014438218
31789,0.13089049
31790,0.27202234
31791,0.1150422
31792,0.111066125
31793,0.06656384
31794,0.01109913
31795,0.043184604
31796,0.035076957
31797,0.032559883
31798,0.042826742
31799,0.11251817
31800,0.06470382
31801,0.23842828
31802,0.018684318
31803,0.04680345
31804,0.035266012
31805,0.025335789
31806,0.021489382
31807,0.026851283
31808,0.05169862
31809,0.008187825
31810,0.027232656
31811,0.07919151
31812,0.34087494
31813,0.38235566
31814,0.049145363
31815,0.050431572
31816,0.044491015
31817,0.11149944
31818,0.08036848
31819,0.019225016
31820,0.07014783
31821,0.016681798
31822,0.03251661
31823,0.27809367
31824,0.032324452
31825,0.028569927
31826,0.036227915
31827,0.08071981
31828,0.07728913
31829,0.38418397
31830,0.2503785
31831,0.23784816
31832,0.074626714
31833,0.048648484
31834,0.024347762
31835,0.06449787
31836,0.05556919
31837,0.29516554
31838,0.05700559
31839,0.59360766
31840,0.13094391
31841,0.014681017
31842,0.1425688
31843,0.06263721
31844,0.054246962
31845,0.020862522
31846,0.013610146
31847,0.06720217
31848,0.023986068
31849,0.020172428
31850,0.09723884
31851,0.05488432
31852,0.099809155
31853,0.07564212
31854,0.121465355
31855,0.25878254
31856,0.3364219
31857,0.074260704
31858,0.026753109
31859,0.09611042
31860,0.022939209
31861,0.051492024
31862,0.093769185
31863,0.071110316
31864,0.13774896
31865,0.047791008
31866,0.11630341
31867,0.04568777
31868,0.07412686
31869,0.03659884
31870,0.020709343
31871,0.1517097
31872,0.0137612345
31873,0.03468257
31874,0.08432575
31875,0.03614828
31876,0.012316983
31877,0.012900913
31878,0.025709607
31879,0.041129716
31880,0.068731986
31881,0.087789945
31882,0.12427823
31883,0.116137385
31884,0.4293723
31885,0.1499631
31886,0.25418222
31887,0.0163797
31888,0.100367084
31889,0.016496174
31890,0.06303266
31891,0.05012465
31892,0.09893348
31893,0.026493207
31894,0.06486961
31895,0.04455811
31896,0.015282453
31897,0.06429859
31898,0.09454864
31899,0.0337069
31900,0.07001184
31901,0.00820504
31902,0.025363708
31903,0.033032678
31904,0.013026317
31905,0.087524645
31906,0.021215348
31907,0.042272452
31908,0.1167988
31909,0.07071177
31910,0.14431608
31911,0.5302159
31912,0.12390076
31913,0.1279713
31914,0.071700856
31915,0.09161396
31916,0.0891141
31917,0.106816225
31918,0.06758088
31919,0.024593139
31920,0.2851171
31921,0.08197983
31922,0.0891209
31923,0.073438495
31924,0.09010568
31925,0.029969344
31926,0.022967434
31927,0.027841246
31928,0.04731609
31929,0.2891615
31930,0.074955
31931,0.052327644
31932,0.12808265
31933,0.8459724
31934,0.10983094
31935,0.021528311
31936,0.25155267
31937,0.07370808
31938,0.17423685
31939,0.26742515
31940,0.08552079
31941,0.022124859
31942,0.058140866
31943,0.052360985
31944,0.11580304
31945,0.15830466
31946,0.046527985
31947,0.1542322
31948,0.10279947
31949,0.006831117
31950,0.092281945
31951,0.016864829
31952,0.021556119
31953,0.025936065
31954,0.06651484
31955,0.07732028
31956,0.021719493
31957,0.1291582
31958,0.15227701
31959,0.26032957
31960,0.09276918
31961,0.036195744
31962,0.11930943
31963,0.26292816
31964,0.26457727
31965,0.06855987
31966,0.06256511
31967,0.02846689
31968,0.077689216
31969,0.5994416
31970,0.04538593
31971,0.14100164
31972,0.34174323
31973,0.27024618
31974,0.015825123
31975,0.013406521
31976,0.015824953
31977,0.053303786
31978,0.06058728
31979,0.39594266
31980,0.40587252
31981,0.09867517
31982,0.10406699
31983,0.2555139
31984,0.25400144
31985,0.14765373
31986,0.17553152
31987,0.36714402
31988,0.097276114
31989,0.06362549
31990,0.10782201
31991,0.067348495
31992,0.21458279
31993,0.9075219
31994,0.0059898593
31995,0.056386806
31996,0.3230147
31997,0.016943434
31998,0.056477018
31999,0.27210078
32000,0.019224772
32001,0.02023011
32002,0.06019519
32003,0.08828675
32004,0.025876662
32005,0.05156968
32006,0.0072506233
32007,0.45127892
32008,0.048320007
32009,0.09080391
32010,0.16880703
32011,0.1514391
32012,0.20696104
32013,0.27629063
32014,0.38890883
32015,0.17407171
32016,0.12368303
32017,0.13470937
32018,0.8717354
32019,0.41994774
32020,0.47768477
32021,0.008692541
32022,0.027289016
32023,0.24771827
32024,0.016021213
32025,0.072880566
32026,0.032414302
32027,0.0138796745
32028,0.07122883
32029,0.0151259275
32030,0.032482915
32031,0.06995029
32032,0.11601968
32033,0.11429922
32034,0.12653165
32035,0.103921875
32036,0.25045723
32037,0.2624977
32038,0.11949535
32039,0.28295985
32040,0.020698603
32041,0.07054256
32042,0.9668614
32043,1.0382055
32044,0.65765214
32045,0.007940063
32046,0.019534783
32047,0.101130076
32048,0.45598516
32049,0.09175584
32050,0.0714619
32051,0.028819418
32052,0.06342119
32053,0.065737285
32054,0.05627379
32055,0.013783901
32056,0.2304488
32057,0.018252352
32058,0.036025386
32059,0.11855423
32060,0.11726832
32061,0.065143675
32062,0.055144437
32063,0.3474513
32064,0.18864866
32065,0.029150706
32066,0.2552207
32067,0.11704429
32068,0.11840834
32069,1.0172944
32070,0.9665952
32071,0.6329356
32072,0.079744995
32073,0.03174811
32074,0.0105873225
32075,0.4579372
32076,0.103468716
32077,0.2670488
32078,0.051741306
32079,0.112667836
32080,0.023368783
32081,0.10953401
32082,0.119166225
32083,0.14829868
32084,0.14770053
32085,0.5308353
32086,0.4580335
32087,0.25807297
32088,0.14202325
32089,0.10013847
32090,0.07608352
32091,0.12955959
32092,0.05105534
32093,0.0437822
32094,0.2548862
32095,0.1476916
32096,0.073303945
32097,0.12091463
32098,0.026817536
32099,1.0368743
32100,0.9669851
32101,1.0417067
32102,0.09283022
32103,0.05328196
32104,0.26299128
32105,0.31716877
32106,0.031783745
32107,0.022010753
32108,0.025960954
32109,0.045580458
32110,0.115804635
32111,0.052911956
32112,0.26193663
32113,1.0257576
32114,0.07741498
32115,0.12949722
32116,0.10370852
32117,0.15379526
32118,0.07861887
32119,0.25863677
32120,0.24942069
32121,0.035265684
32122,0.106235124
32123,0.11815843
32124,0.119021304
32125,0.05178137
32126,0.02853783
32127,0.4737975
32128,0.42686635
32129,0.26996225
32130,0.084887
32131,0.026555512
32132,0.12910064
32133,0.012338136
32134,0.083875865
32135,0.28432646
32136,0.035286102
32137,0.047523122
32138,0.05439244
32139,0.022176394
32140,0.027151695
32141,0.050916396
32142,0.05022669
32143,0.4709101
32144,0.70796984
32145,0.26903942
32146,0.19287549
32147,0.13139923
32148,0.15591438
32149,0.16281344
32150,0.59645253
32151,0.099857144
32152,0.034031738
32153,0.045217533
32154,0.03754645
32155,0.14566761
32156,0.1672194
32157,0.13830458
32158,0.49313548
32159,0.40744305
32160,0.14760838
32161,1.0088476
32162,0.14357165
32163,0.017807778
32164,0.23918414
32165,0.173336
32166,0.028146824
32167,0.06306037
32168,0.4908536
32169,0.06945497
32170,0.041108485
32171,0.0414239
32172,0.051452957
32173,0.14641786
32174,0.39412612
32175,0.42743707
32176,0.48774675
32177,0.44391942
32178,0.14025997
32179,0.16539311
32180,0.4207108
32181,0.02824192
32182,0.17577903
32183,0.08930461
32184,0.06252409
32185,0.5117064
32186,0.27085078
32187,0.06852404
32188,0.56082606
32189,0.27697712
32190,0.08608716
32191,0.12272904
32192,0.09814026
32193,0.054837447
32194,0.01345129
32195,0.036463436
32196,0.06552969
32197,0.10598989
32198,0.10784286
32199,0.13410307
32200,0.4101471
32201,0.8562998
32202,0.45253518
32203,0.40728
32204,0.6188891
32205,0.11030654
32206,0.08037311
32207,0.08775635
32208,0.25616756
32209,0.17181283
32210,0.07695311
32211,0.029383175
32212,0.07557348
32213,0.14227004
32214,0.019056404
32215,0.05556352
32216,0.118572034
32217,0.027862165
32218,0.021136252
32219,0.022798704
32220,0.036289662
32221,0.07930205
32222,0.06438254
32223,0.09986392
32224,0.37612444
32225,0.2681133
32226,0.25077406
32227,0.7094837
32228,0.6646211
32229,0.33376107
32230,0.21103671
32231,0.0065465285
32232,0.05342226
32233,0.019165797
32234,0.061979465
32235,0.12100284
32236,0.017178442
32237,0.034119
32238,0.9568852
32239,0.06164039
32240,0.019927936
32241,0.07239837
32242,0.061000567
32243,0.12516326
32244,0.046507616
32245,0.058333084
32246,0.019398244
32247,0.0523376
32248,0.03479006
32249,0.105471
32250,0.1274376
32251,0.5925981
32252,0.40129998
32253,0.25014266
32254,1.0037506
32255,0.32804033
32256,0.5250642
32257,0.15833232
32258,0.050008923
32259,0.03403469
32260,0.03868573
32261,0.052217666
32262,0.048966885
32263,0.041044835
32264,0.07573056
32265,0.42497244
32266,0.108026035
32267,0.39848357
32268,0.032942686
32269,0.117005154
32270,0.13285907
32271,0.14610028
32272,0.15918723
32273,0.05554304
32274,0.035089627
32275,0.048310135
32276,0.14542106
32277,0.86077946
32278,0.20603125
32279,0.6932581
32280,0.19107492
32281,0.45466223
32282,0.1605131
32283,0.22742411
32284,0.0437795
32285,0.024253534
32286,0.014409559
32287,0.04524946
32288,0.030722972
32289,0.13816272
32290,0.1402551
32291,0.086476915
32292,0.286266
32293,0.02994236
32294,0.087752216
32295,0.42088202
32296,0.04528838
32297,0.09559055
32298,0.014413361
32299,0.011655125
32300,0.12057954
32301,0.4176694
32302,0.03472866
32303,0.24698319
32304,0.15723777
32305,0.080573365
32306,0.12618881
32307,0.107560955
32308,0.09021656
32309,0.04449471
32310,0.1361553
32311,0.1301101
32312,0.04672855
32313,0.010915987
32314,0.24278691
32315,0.012748501
32316,0.11004896
32317,0.043750297
32318,0.040703245
32319,0.13654396
32320,0.042224735
32321,0.05353362
32322,0.01114649
32323,0.04948371
32324,0.14739315
32325,0.45470622
32326,0.60928565
32327,0.11853435
32328,0.01908675
32329,0.030200897
32330,0.06209959
32331,0.01771835
32332,0.077719636
32333,0.2515346
32334,0.016284468
32335,0.031119088
32336,0.020797959
32337,0.036324095
32338,0.020942248
32339,0.028271327
32340,0.086932115
32341,0.11617208
32342,0.4470166
32343,0.018199692
32344,0.022812096
32345,0.034381773
32346,0.08618807
32347,0.11296028
32348,0.43804976
32349,0.123633586
32350,0.016778331
32351,0.2488841
32352,0.042368516
32353,0.08565912
32354,0.15008698
32355,0.061013233
32356,0.011600337
32357,0.020502692
32358,0.011778144
32359,0.27409393
32360,0.03688577
32361,0.017463425
32362,0.021574693
32363,0.02797177
32364,0.14530674
32365,0.07644527
32366,0.05095191
32367,0.02537309
32368,0.03212469
32369,0.07768623
32370,0.27681231
32371,0.039138842
32372,0.02281836
32373,0.03501495
32374,0.04660434
32375,0.07048921
32376,0.26167834
32377,0.08221699
32378,0.28017688
32379,0.10738422
32380,0.034430023
32381,0.020578295
32382,0.054886267
32383,0.060495574
32384,0.034613527
32385,0.20403665
32386,0.017989893
32387,0.15786935
32388,0.022161717
32389,0.110573076
32390,0.058041394
32391,0.012981528
32392,0.29453582
32393,0.7813425
32394,0.2412055
32395,0.11126542
32396,0.1046062
32397,0.060993437
32398,0.051631182
32399,0.10844054
32400,0.104431644
32401,0.10357356
32402,0.9787131
32403,0.020648342
32404,0.08772251
32405,0.019120742
32406,0.09544517
32407,0.089367464
32408,0.019332431
32409,0.1494937
32410,0.5193593
32411,0.08006969
32412,0.2761098
32413,0.0262073
32414,0.079686694
32415,0.027675994
32416,0.09801218
32417,0.034662526
32418,0.009984499
32419,0.027910741
32420,0.069667816
32421,0.07285474
32422,0.031562015
32423,0.019636841
32424,0.06642912
32425,0.19268516
32426,0.044926085
32427,0.04844952
32428,0.019703597
32429,0.036465008
32430,0.09641885
32431,0.11827703
32432,0.02195238
32433,0.027661664
32434,0.06421513
32435,1.0461973
32436,0.076207206
32437,0.117845096
32438,0.05817838
32439,0.04668724
32440,0.055527225
32441,0.05090142
32442,0.017709974
32443,0.020565609
32444,0.44332692
32445,0.03397553
32446,0.017198808
32447,0.24257407
32448,0.023577373
32449,0.12601629
32450,0.048473634
32451,0.026926523
32452,0.05641587
32453,0.4106924
32454,0.02955336
32455,0.024243366
32456,0.021857241
32457,0.051952876
32458,0.01153786
32459,0.036147177
32460,0.17139786
32461,0.08235668
32462,0.018447805
32463,0.07672808
32464,0.15019482
32465,0.10933561
32466,0.08827187
32467,0.07684393
32468,0.032424044
32469,0.064676724
32470,0.019752992
32471,0.08094002
32472,0.27731073
32473,0.24276394
32474,0.032829173
32475,0.019091647
32476,0.017059686
32477,0.014727313
32478,0.011683762
32479,0.028992105
32480,0.06589685
32481,0.058797356
32482,0.12234227
32483,0.0066145863
32484,0.1370752
32485,0.014574688
32486,0.27760363
32487,0.011021069
32488,0.022179283
32489,0.013951967
32490,0.029148487
32491,0.017109362
32492,0.023338884
32493,0.028844545
32494,0.008945247
32495,0.019314535
32496,0.03116748
32497,0.009657697
32498,0.029003212
32499,0.044773225
32500,0.018394241
32501,0.058326468
32502,0.011004879
32503,0.011482654
32504,0.114649184
32505,0.033103418
32506,0.053137444
32507,0.032721024
32508,0.017900959
32509,0.10513956
32510,0.015740072
32511,0.006870369
32512,0.011782165
32513,0.29527885
32514,0.07683963
32515,0.07612329
32516,0.06769067
32517,0.015412624
32518,0.09626848
32519,0.026130846
32520,0.01644647
32521,0.10222104
32522,0.020384977
32523,0.1220234
32524,0.15019858
32525,0.027499828
32526,0.03334653
32527,0.035103474
32528,0.031909
32529,0.030362384
32530,0.014371355
32531,0.008192106
32532,0.017415812
32533,0.009756656
32534,0.013442509
32535,0.03739947
32536,0.011803794
32537,0.008097567
32538,0.009415472
32539,0.096096456
32540,0.06883533
32541,0.006791121
32542,0.16893147
32543,0.026174298
32544,0.016952718
32545,0.021441419
32546,0.059268236
32547,0.02417897
32548,0.027523322
32549,0.037647955
32550,0.011207211
32551,0.012945461
32552,0.035695605
32553,0.27676234
32554,0.25693947
32555,0.1086078
32556,0.016985811
32557,0.021684367
32558,0.011235279
32559,0.042939816
32560,0.020813102
32561,0.035296198
32562,0.030942468
32563,0.026199648
32564,0.036456157
32565,0.067543134
32566,0.032656927
32567,0.039283905
32568,0.05028194
32569,0.036485706
32570,0.113133304
32571,0.044918265
32572,0.038219526
32573,0.032163106
32574,0.3332052
32575,0.042120986
32576,0.086073965
32577,0.04088652
32578,0.27388158
32579,0.3409938
32580,0.021984728
32581,0.04916954
32582,0.2778511
32583,0.07627131
32584,0.43933818
32585,0.09052273
32586,0.13460493
32587,0.107049905
32588,0.1324317
32589,0.7327889
32590,0.14677806
32591,0.052150972
32592,0.042399533
32593,0.27895772
32594,0.068513796
32595,0.033344198
32596,0.055654556
32597,0.019534066
32598,0.03906518
32599,0.10179863
32600,0.2937639
32601,0.5237897
32602,0.48818165
32603,0.045844216
32604,0.07996061
32605,0.1380493
32606,0.1490246
32607,0.06518925
32608,0.04714011
32609,0.08392705
32610,0.09963691
32611,0.0335654
32612,0.40789276
32613,0.124549925
32614,0.27103046
32615,0.52288383
32616,0.12420252
32617,0.023491673
32618,0.46662655
32619,0.065397434
32620,0.28766268
32621,0.059902616
32622,0.06405633
32623,0.04413581
32624,0.07658098
32625,0.10848631
32626,0.23646252
32627,0.25830138
32628,0.033729754
32629,0.04158346
32630,0.083753094
32631,0.2770006
32632,0.05189297
32633,0.03724381
32634,0.06914462
32635,0.07507664
32636,0.09389029
32637,0.032763768
32638,0.04783046
32639,0.009158571
32640,0.048797715
32641,0.06723268
32642,0.28007156
32643,0.063227326
32644,0.3455487
32645,0.058643892
32646,0.04941496
32647,0.026563201
32648,0.012225606
32649,0.4103543
32650,0.11926897
32651,0.08306696
32652,0.41484404
32653,0.40794352
32654,0.09446923
32655,0.06577323
32656,0.019749451
32657,0.021438915
32658,0.046880223
32659,0.08470503
32660,0.2328051
32661,0.28286484
32662,0.38543832
32663,0.122969545
32664,0.052689087
32665,0.03193299
32666,0.03155504
32667,0.039154794
32668,0.28214756
32669,0.022815017
32670,0.05247393
32671,0.012986941
32672,0.011270274
32673,0.06640812
32674,0.045166317
32675,0.029639756
32676,0.27723435
32677,0.53955626
32678,0.10462194
32679,0.025521208
32680,0.052291807
32681,0.0762656
32682,0.03314641
32683,0.13625342
32684,0.17416954
32685,0.11329096
32686,0.117067486
32687,0.073602974
32688,0.03422314
32689,0.031940993
32690,0.042360667
32691,0.11281553
32692,0.063958354
32693,0.23668645
32694,0.01934665
32695,0.045767043
32696,0.034305442
32697,0.022795271
32698,0.025118437
32699,0.027591558
32700,0.052295506
32701,0.02707113
32702,0.08118877
32703,0.30886453
32704,0.37134162
32705,0.05084158
32706,0.050536495
32707,0.10889115
32708,0.08113716
32709,0.019323273
32710,0.07180549
32711,0.01775412
32712,0.034181092
32713,0.2713358
32714,0.03462955
32715,0.028912738
32716,0.035974715
32717,0.07028278
32718,0.080030724
32719,0.39092767
32720,0.14387344
32721,0.1427951
32722,0.07992025
32723,0.048946876
32724,0.024389014
32725,0.06764579
32726,0.05393013
32727,0.26303425
32728,0.057751987
32729,0.51201946
32730,0.12722003
32731,0.024947843
32732,0.1285109
32733,0.06139975
32734,0.057111945
32735,0.02316855
32736,0.012470432
32737,0.06948169
32738,0.029419381
32739,0.02123502
32740,0.096415065
32741,0.054371163
32742,0.1930462
32743,0.07482475
32744,0.12625565
32745,0.2522632
32746,0.44405994
32747,0.070597
32748,0.028751666
32749,0.09695076
32750,0.02055599
32751,0.050401613
32752,0.02805319
32753,0.009905713
32754,0.09515013
32755,0.07019829
32756,0.13275474
32757,0.04825842
32758,0.11565351
32759,0.047246646
32760,0.07429345
32761,0.035505574
32762,0.020440599
32763,0.1489393
32764,0.08425573
32765,0.03589481
32766,0.012245473
32767,0.027062766
32768,0.041472744
32769,0.07275212
32770,0.0895012
32771,0.13417271
32772,0.11568146
32773,0.44224516
32774,0.24397418
32775,0.2549606
32776,0.016730314
32777,0.1189467
32778,0.06204646
32779,0.050422717
32780,0.10107225
32781,0.06041228
32782,0.043725297
32783,0.016232574
32784,0.064368814
32785,0.0924189
32786,0.036856495
32787,0.068649516
32788,0.007899938
32789,0.086536795
32790,0.018604174
32791,0.04809114
32792,0.11752329
32793,0.07077282
32794,0.13792059
32795,0.58853924
32796,0.12326417
32797,0.24766393
32798,0.06877084
32799,0.088079736
32800,0.0859575
32801,0.10942026
32802,0.06792605
32803,0.010126753
32804,0.024628693
32805,0.28266057
32806,0.08316813
32807,0.09002625
32808,0.07328052
32809,0.087378606
32810,0.030575253
32811,0.022662176
32812,0.025102295
32813,0.047367804
32814,0.28302476
32815,0.07847307
32816,0.05594808
32817,0.12649655
32818,0.96207833
32819,0.13014571
32820,0.022594873
32821,0.23629995
32822,0.065836005
32823,0.18627666
32824,0.266726
32825,0.08134876
32826,0.022609444
32827,0.058241297
32828,0.056183796
32829,0.11750308
32830,0.27448696
32831,0.047604498
32832,0.26397523
32833,0.106955975
32834,0.00790357
32835,0.09192646
32836,0.024165219
32837,0.06235146
32838,0.08607486
32839,0.022763327
32840,0.13316421
32841,0.15136275
32842,0.24947827
32843,0.09348947
32844,0.03406521
32845,0.11806956
32846,0.15523957
32847,0.26252383
32848,0.07644115
32849,0.011628093
32850,0.057608332
32851,0.028354263
32852,0.08089963
32853,0.543993
32854,0.044765413
32855,0.1429555
32856,0.4307175
32857,0.26812935
32858,0.014458964
32859,0.02063606
32860,0.0135222925
32861,0.053315885
32862,0.06376698
32863,0.1639242
32864,0.37226188
32865,0.09422413
32866,0.10060554
32867,0.18653479
32868,0.1521483
32869,0.14694352
32870,0.16991168
32871,0.43034697
32872,0.097455405
32873,0.06260844
32874,0.10872362
32875,0.067224346
32876,0.22747757
32877,0.9229884
32878,0.05753098
32879,0.41007528
32880,0.017658396
32881,0.054979257
32882,0.2756004
32883,0.01927804
32884,0.061603855
32885,0.086739734
32886,0.023188716
32887,0.052901987
32888,0.4673352
32889,0.047796965
32890,0.09305315
32891,0.4013562
32892,0.13693497
32893,0.18278545
32894,0.42147866
32895,0.39934236
32896,0.034182422
32897,0.17251778
32898,0.13141914
32899,0.13125847
32900,0.8676467
32901,0.44527555
32902,0.45014995
32903,0.028683912
32904,0.25452983
32905,0.07833469
32906,0.033168696
32907,0.022922728
32908,0.015093177
32909,0.014799323
32910,0.06835703
32911,0.013874504
32912,0.031883944
32913,0.070539616
32914,0.11651696
32915,0.11402536
32916,0.12426435
32917,0.104251616
32918,0.25772718
32919,0.2603688
32920,0.03425644
32921,0.121086136
32922,0.27996942
32923,0.02032375
32924,0.071706735
32925,0.9793033
32926,0.9550851
32927,0.6718406
32928,0.007704491
32929,0.019219445
32930,0.101834185
32931,0.48223677
32932,0.09063893
32933,0.07132413
32934,0.06328966
32935,0.07509958
32936,0.063052095
32937,0.013417823
32938,0.22592779
32939,0.018908842
32940,0.03927359
32941,0.13373981
32942,0.12112826
32943,0.0620692
32944,0.055595294
32945,0.34075394
32946,0.1818364
32947,0.028407775
32948,0.13488623
32949,0.115718655
32950,0.11813618
32951,1.0110306
32952,0.9953106
32953,0.674989
32954,0.011816109
32955,0.0169933
32956,0.081483305
32957,0.030483056
32958,0.42352638
32959,0.102188945
32960,0.2753374
32961,0.04975066
32962,0.1121567
32963,0.026067546
32964,0.109576374
32965,0.119294
32966,0.25850618
32967,0.16129532
32968,0.547742
32969,0.3666138
32970,0.25077266
32971,0.15263505
32972,0.09782806
32973,0.07524352
32974,0.1283437
32975,0.05213878
32976,0.041628934
32977,0.13992287
32978,0.14506929
32979,0.07352989
32980,0.124248706
32981,0.02706226
32982,1.0119393
32983,0.94472826
32984,0.9895143
32985,0.09871939
32986,0.0505002
32987,0.25634986
32988,0.42714143
32989,0.032839056
32990,0.023305662
32991,0.026059154
32992,0.043936297
32993,0.11633829
32994,0.054965142
32995,0.41826722
32996,1.0482942
32997,0.088511325
32998,0.11371536
32999,0.105453044
33000,0.15891363
33001,0.08181588
33002,0.25785983
33003,0.23918235
33004,0.10448997
33005,0.12066498
33006,0.12708507
33007,0.052463774
33008,0.030488364
33009,0.4941791
33010,0.44777256
33011,0.2725153
33012,0.0871964
33013,0.028063389
33014,0.12854975
33015,0.0823559
33016,0.18575001
33017,0.035379052
33018,0.048822384
33019,0.053998806
33020,0.025315503
33021,0.05115257
33022,0.050692573
33023,0.4553173
33024,0.6432042
33025,0.27174878
33026,0.17079513
33027,0.13113286
33028,0.16968322
33029,0.16692956
33030,0.6699802
33031,0.08356807
33032,0.033074465
33033,0.04439071
33034,0.03635097
33035,0.14654008
33036,0.16527924
33037,0.13851118
33038,0.4218382
33039,0.26533297
33040,0.14311275
33041,1.0405911
33042,0.26252392
33043,0.23321927
33044,0.27625987
33045,0.027246395
33046,0.06511332
33047,0.4794855
33048,0.07534435
33049,0.04180334
33050,0.042597644
33051,0.051287692
33052,0.15085569
33053,0.27277187
33054,0.39870417
33055,0.28582636
33056,0.45942137
33057,0.1548822
33058,0.14699797
33059,0.40989295
33060,0.02661013
33061,0.15741125
33062,0.08949381
33063,0.06461191
33064,0.39343882
33065,0.27060854
33066,0.0658701
33067,0.5322528
33068,0.3747296
33069,0.09489873
33070,0.12352424
33071,0.092394836
33072,0.0151407095
33073,0.018004823
33074,0.03750442
33075,0.06525952
33076,0.10465526
33077,0.10755078
33078,0.13921471
33079,0.5016019
33080,0.8579375
33081,0.4331339
33082,0.27048734
33083,0.73514414
33084,0.11633327
33085,0.08244321
33086,0.08884464
33087,0.14693165
33088,0.34154812
33089,0.07786779
33090,0.030043894
33091,0.07551513
33092,0.14648263
33093,0.02149522
33094,0.054592017
33095,0.11792465
33096,0.02579798
33097,0.017371282
33098,0.07856407
33099,0.06331053
33100,0.09569672
33101,0.17693429
33102,0.27565917
33103,0.2481066
33104,0.7653601
33105,0.6118587
33106,0.2774119
33107,0.21001485
33108,0.053671062
33109,0.023823712
33110,0.06525765
33111,0.11952548
33112,0.035436757
33113,0.99656534
33114,0.060546875
33115,0.019639924
33116,0.06993123
33117,0.06199757
33118,0.12560765
33119,0.045862973
33120,0.057721324
33121,0.020261612
33122,0.050552968
33123,0.019909488
33124,0.018636951
33125,0.034403376
33126,0.10167681
33127,0.12586062
33128,0.5697611
33129,0.4157592
33130,0.29100415
33131,0.9917664
33132,0.49049097
33133,0.4755506
33134,0.15961559
33135,0.04216083
33136,0.03450308
33137,0.04057901
33138,0.04858025
33139,0.053185288
33140,0.04200398
33141,0.08073895
33142,0.44284365
33143,0.10743803
33144,0.42443246
33145,0.033207737
33146,0.11542575
33147,0.12830597
33148,0.14100567
33149,0.26857194
33150,0.05492419
33151,0.03336372
33152,0.049558774
33153,0.15410791
33154,0.9974521
33155,0.17850137
33156,0.6617711
33157,0.45764455
33158,0.26341498
33159,0.15708913
33160,0.23328324
33161,0.03982867
33162,0.026504174
33163,0.04521514
33164,0.031754684
33165,0.13786174
33166,0.14826235
33167,0.09436647
33168,0.28687504
33169,0.028940199
33170,0.088740915
33171,0.2843384
33172,0.046581198
33173,0.016713684
33174,0.11923746
33175,0.17651655
33176,0.035864856
33177,0.1422615
33178,0.14973316
33179,0.084742874
33180,0.1352514
33181,0.10744206
33182,0.08865279
33183,0.045453247
33184,0.13265873
33185,0.13119271
33186,0.04663925
33187,0.027672332
33188,0.12203368
33189,0.013318378
33190,0.11213622
33191,0.04255622
33192,0.040499456
33193,0.1344516
33194,0.04275673
33195,0.052482717
33196,0.04859162
33197,0.16174111
33198,0.42848626
33199,0.59964156
33200,0.11957877
33201,0.021417048
33202,0.021561513
33203,0.030828726
33204,0.063285135
33205,0.0782761
33206,0.14985242
33207,0.016688855
33208,0.031487044
33209,0.034068607
33210,0.022047423
33211,0.026342308
33212,0.0075498265
33213,0.09083865
33214,0.1105902
33215,0.33446628
33216,0.01688547
33217,0.021023544
33218,0.035091758
33219,0.08564169
33220,0.112949856
33221,0.4142429
33222,0.12740889
33223,0.016693216
33224,0.011389946
33225,0.25012878
33226,0.014304581
33227,0.043794017
33228,0.017726406
33229,0.086975746
33230,0.14501478
33231,0.05862301
33232,0.020778269
33233,0.01137857
33234,0.27726644
33235,0.036207285
33236,0.018254282
33237,0.029194124
33238,0.14488415
33239,0.07599679
33240,0.04560375
33241,0.025246358
33242,0.031751886
33243,0.07666299
33244,0.38408014
33245,0.03126967
33246,0.024597425
33247,0.0347259
33248,0.04896832
33249,0.07091085
33250,0.15575874
33251,0.08331921
33252,0.44385692
33253,0.10962773
33254,0.034311395
33255,0.01774465
33256,0.055373702
33257,0.062063362
33258,0.036124315
33259,0.2052713
33260,0.01767845
33261,0.14711463
33262,0.022798609
33263,0.11245038
33264,0.057398155
33265,0.4449944
33266,0.7240132
33267,0.2420664
33268,0.118839115
33269,0.020284602
33270,0.10439402
33271,0.059275005
33272,0.05184705
33273,0.11583615
33274,0.09878334
33275,0.121865235
33276,1.0066562
33277,0.02140538
33278,0.085270524
33279,0.0929847
33280,0.09157867
33281,0.019847514
33282,0.14861518
33283,0.5265893
33284,0.08159611
33285,0.2606698
33286,0.025832923
33287,0.019442055
33288,0.079169594
33289,0.02909116
33290,0.10102691
33291,0.03574894
33292,0.031865995
33293,0.06604697
33294,0.067904085
33295,0.03147124
33296,0.070607536
33297,0.19735837
33298,0.044164017
33299,0.04635144
33300,0.01854807
33301,0.038680892
33302,0.09573544
33303,0.11967416
33304,0.023471557
33305,0.028508391
33306,0.06733381
33307,1.0323198
33308,0.07506687
33309,0.13077193
33310,0.057099238
33311,0.04451526
33312,0.05320675
33313,0.052325703
33314,0.017140629
33315,0.023137605
33316,0.3319277
33317,0.031108454
33318,0.008068745
33319,0.009344942
33320,0.05683921
33321,0.24482498
33322,0.024599638
33323,0.12951672
33324,0.049213722
33325,0.0299655
33326,0.0076291724
33327,0.39577627
33328,0.028311906
33329,0.024342982
33330,0.007395529
33331,0.0230771
33332,0.051806405
33333,0.009374503
33334,0.035037626
33335,0.14245847
33336,0.07517733
33337,0.014891056
33338,0.07283111
33339,0.15421379
33340,0.120856896
33341,0.08873466
33342,0.07179075
33343,0.0325866
33344,0.06301729
33345,0.019126698
33346,0.075003155
33347,0.17207336
33348,0.14157136
33349,0.008112253
33350,0.011140383
33351,0.036558185
33352,0.023432309
33353,0.011645793
33354,0.027749028
33355,0.06636957
33356,0.061312895
33357,0.123123154
33358,0.1406271
33359,0.4141557
33360,0.0116880005
33361,0.014390348
33362,0.028726332
33363,0.017761419
33364,0.024753403
33365,0.020331286
33366,0.03508381
33367,0.009385505
33368,0.07666743
33369,0.02851319
33370,0.044898994
33371,0.015803028
33372,0.013132843
33373,0.059164513
33374,0.016368415
33375,0.017771186
33376,0.01232587
33377,0.11698384
33378,0.030715052
33379,0.052840773
33380,0.0345894
33381,0.017306525
33382,0.1060856
33383,0.015845915
33384,0.0069019254
33385,0.013150712
33386,0.38699868
33387,0.07435323
33388,0.071271956
33389,0.06894814
33390,0.014889267
33391,0.09762122
33392,0.02432659
33393,0.016693918
33394,0.099435486
33395,0.020705042
33396,0.124088876
33397,0.14018385
33398,0.034793325
33399,0.03658666
33400,0.031890485
33401,0.029651988
33402,0.010533475
33403,0.009966852
33404,0.036652446
33405,0.014922707
33406,0.013636937
33407,0.009098292
33408,0.09584403
33409,0.07022232
33410,0.28055498
33411,0.02209542
33412,0.026885105
33413,0.029026002
33414,0.008405684
33415,0.056526702
33416,0.024115177
33417,0.033891894
33418,0.0353088
33419,0.010814655
33420,0.033814855
33421,0.2809354
33422,0.2486837
33423,0.020651884
33424,0.107351266
33425,0.013613798
33426,0.01659318
33427,0.021586685
33428,0.008288269
33429,0.02179884
33430,0.035390235
33431,0.05226031
33432,0.02680965
33433,0.033367485
33434,0.034411397
33435,0.036776625
33436,0.042718224
33437,0.111884825
33438,0.0469256
33439,0.034114264
33440,0.12743841
33441,0.042510036
33442,0.07462813
33443,0.042381205
33444,0.2744542
33445,0.2644149
33446,0.048983447
33447,0.28358415
33448,0.075984724
33449,0.39620882
33450,0.13465308
33451,0.068089515
33452,0.10009707
33453,0.019334788
33454,0.2826489
33455,0.6983414
33456,0.2848062
33457,0.048109636
33458,0.042087954
33459,0.28405526
33460,0.07033443
33461,0.014170861
33462,0.031753927
33463,0.054701906
33464,0.020089619
33465,0.018194502
33466,0.11396194
33467,0.2884915
33468,0.5744872
33469,0.5671628
33470,0.04514174
33471,0.07992524
33472,0.13474053
33473,0.14950183
33474,0.06714457
33475,0.047449898
33476,0.084510855
33477,0.09365567
33478,0.034617167
33479,0.2761124
33480,0.2558103
33481,0.33369142
33482,0.55570054
33483,0.26612037
33484,0.46396282
33485,0.07409437
33486,0.36980927
33487,0.060724255
33488,0.06271071
33489,0.04286842
33490,0.0783567
33491,0.028626597
33492,0.10534156
33493,0.11589208
33494,0.10577791
33495,0.034266442
33496,0.03753111
33497,0.0783017
33498,0.262162
33499,0.05119004
33500,0.030217495
33501,0.073596545
33502,0.076183334
33503,0.093353935
33504,0.048434965
33505,0.040483635
33506,0.030554404
33507,0.06617233
33508,0.16110705
33509,0.066835865
33510,0.15955149
33511,0.023620265
33512,0.056381967
33513,0.04720648
33514,0.45457232
33515,0.1193633
33516,0.08229693
33517,0.39137572
33518,0.41679943
33519,0.006577154
33520,0.09645297
33521,0.06231432
33522,0.020167783
33523,0.024891665
33524,0.018785015
33525,0.046443675
33526,0.06769758
33527,0.086314656
33528,0.106917225
33529,0.27075967
33530,0.46949312
33531,0.08160034
33532,0.051108856
33533,0.032397356
33534,0.030558288
33535,0.036855202
33536,0.27897003
33537,0.05051444
33538,0.070564516
33539,0.03072529
33540,0.273153
33541,0.53477925
33542,0.22321476
33543,0.022851594
33544,0.025799535
33545,0.0521726
33546,0.07432713
33547,0.035775386
33548,0.13247837
33549,0.1682495
33550,0.11130489
33551,0.11429647
33552,0.079283416
33553,0.038333073
33554,0.034035813
33555,0.032947503
33556,0.0429573
33557,0.11133387
33558,0.06419984
33559,0.23630424
33560,0.020392135
33561,0.04536277
33562,0.034954913
33563,0.023184655
33564,0.02301622
33565,0.028116878
33566,0.052172523
33567,0.027526746
33568,0.07906342
33569,0.3558899
33570,0.39396992
33571,0.051955856
33572,0.049603887
33573,0.044581264
33574,0.1131199
33575,0.08109352
33576,0.072695546
33577,0.017308997
33578,0.035713032
33579,0.009467445
33580,0.2728557
33581,0.033442527
33582,0.027481882
33583,0.036859456
33584,0.007114449
33585,0.06883227
33586,0.07853794
33587,0.40908164
33588,0.28296268
33589,0.27092463
33590,0.07946662
33591,0.049429484
33592,0.022278585
33593,0.06643314
33594,0.054113254
33595,0.2598639
33596,0.057158224
33597,0.5853402
33598,0.1252941
33599,0.025455154
33600,0.12599245
33601,0.061036818
33602,0.057567265
33603,0.020220196
33604,0.012374595
33605,0.014075182
33606,0.07061187
33607,0.009919721
33608,0.02343963
33609,0.094530545
33610,0.052340053
33611,0.09810715
33612,0.0730061
33613,0.12533918
33614,0.2579189
33615,0.4395698
33616,0.074559815
33617,0.027358823
33618,0.09480742
33619,0.022903489
33620,0.05117919
33621,0.02546111
33622,0.09191222
33623,0.07090575
33624,0.1360988
33625,0.04820085
33626,0.11546083
33627,0.07242965
33628,0.03624997
33629,0.019887391
33630,0.020966338
33631,0.14893521
33632,0.0333648
33633,0.08373266
33634,0.038041048
33635,0.014012303
33636,0.024572607
33637,0.042151652
33638,0.072238624
33639,0.08994129
33640,0.14213543
33641,0.117351115
33642,0.46598002
33643,0.14493324
33644,0.25208348
33645,0.01568814
33646,0.105913386
33647,0.01683133
33648,0.062864915
33649,0.049138643
33650,0.09928712
33651,0.038418006
33652,0.06070151
33653,0.04144357
33654,0.062085226
33655,0.093736924
33656,0.070581
33657,0.024884516
33658,0.035123646
33659,0.08583241
33660,0.020012695
33661,0.050502803
33662,0.117185675
33663,0.07101313
33664,0.14072034
33665,0.58932865
33666,0.11034401
33667,0.12295025
33668,0.07292537
33669,0.09031307
33670,0.084389225
33671,0.10916108
33672,0.063539214
33673,0.012226785
33674,0.010962738
33675,0.024241552
33676,0.2812774
33677,0.08465726
33678,0.0891989
33679,0.07429656
33680,0.08819166
33681,0.028760256
33682,0.021853194
33683,0.026771387
33684,0.048649054
33685,0.44957772
33686,0.07668455
33687,0.054687865
33688,0.11125342
33689,0.8539277
33690,0.10836627
33691,0.02171015
33692,0.24653885
33693,0.07069912
33694,0.17050716
33695,0.2701413
33696,0.08878578
33697,0.057080112
33698,0.05179662
33699,0.11432366
33700,0.16041364
33701,0.0495502
33702,0.27004954
33703,0.104324415
33704,0.08573502
33705,0.020963088
33706,0.065767
33707,0.08536436
33708,0.020524979
33709,0.12672585
33710,0.14504816
33711,0.25796986
33712,0.092056565
33713,0.036641933
33714,0.12000415
33715,0.15555544
33716,0.2628732
33717,0.066568255
33718,0.06235306
33719,0.028310187
33720,0.077445485
33721,0.490818
33722,0.045087975
33723,0.14259082
33724,0.4371838
33725,0.27262086
33726,0.01738
33727,0.015030462
33728,0.012326829
33729,0.050374813
33730,0.06220326
33731,0.17214786
33732,0.42836958
33733,0.09865704
33734,0.10003682
33735,0.2612437
33736,0.2524988
33737,0.14411701
33738,0.16611458
33739,0.2702566
33740,0.096203834
33741,0.062167432
33742,0.11059004
33743,0.067569666
33744,0.27657074
33745,0.8823356
33746,0.050576605
33747,0.31404728
33748,0.017249322
33749,0.054948136
33750,0.18383975
33751,0.01813473
33752,0.01884545
33753,0.06009751
33754,0.09093556
33755,0.0222547
33756,0.05356444
33757,0.33426756
33758,0.047489088
33759,0.096545085
33760,0.19094917
33761,0.15295173
33762,0.21517842
33763,0.41301146
33764,0.3521608
33765,0.03297458
33766,0.16440853
33767,0.123289995
33768,0.1341779
33769,0.8190382
33770,0.42643133
33771,0.28800085
33772,0.028517965
33773,0.25466558
33774,0.07335056
33775,0.034055766
33776,0.023702981
33777,0.014666119
33778,0.06869507
33779,0.009134056
33780,0.013485446
33781,0.0320709
33782,0.06950823
33783,0.11530324
33784,0.11344877
33785,0.12975997
33786,0.10538737
33787,0.16044481
33788,0.12193558
33789,0.12045371
33790,0.28000942
33791,0.018895505
33792,0.07191689
33793,0.9927976
33794,0.9968453
33795,0.65508366
33796,0.031253997
33797,0.101379484
33798,0.47263762
33799,0.091606125
33800,0.0712128
33801,0.016072895
33802,0.063574545
33803,0.07192663
33804,0.06457144
33805,0.014118509
33806,0.37266874
33807,0.018358652
33808,0.038491458
33809,0.12814249
33810,0.11628982
33811,0.058589403
33812,0.05611959
33813,0.15861532
33814,0.09632099
33815,0.028746208
33816,0.13622119
33817,0.11835261
33818,0.11978051
33819,1.0141516
33820,0.9519872
33821,0.707442
33822,0.08070688
33823,0.031270567
33824,0.49431065
33825,0.10154904
33826,0.25977114
33827,0.050720926
33828,0.11392227
33829,0.025650123
33830,0.10764708
33831,0.11908862
33832,0.1423901
33833,0.15557535
33834,0.567519
33835,0.4394412
33836,0.15129748
33837,0.13992076
33838,0.09779345
33839,0.0719381
33840,0.13014837
33841,0.0503915
33842,0.04187807
33843,0.027646301
33844,0.14175813
33845,0.15482706
33846,0.06879362
33847,0.12021841
33848,0.026392285
33849,1.0475459
33850,0.9769675
33851,1.0188289
33852,0.10009938
33853,0.051113162
33854,0.2668135
33855,0.4252005
33856,0.030461777
33857,0.023179017
33858,0.026789865
33859,0.111752585
33860,0.05708151
33861,0.4317221
33862,0.9380292
33863,0.07903287
33864,0.11684517
33865,0.10634514
33866,0.14968418
33867,0.07817699
33868,0.25982174
33869,0.2389034
33870,0.03762345
33871,0.10756345
33872,0.1198999
33873,0.1215636
33874,0.054537058
33875,0.028342156
33876,0.42935395
33877,0.3137268
33878,0.26766226
33879,0.08652541
33880,0.028713739
33881,0.12933789
33882,0.082413025
33883,0.19547231
33884,0.038333267
33885,0.049935695
33886,0.055205293
33887,0.028316705
33888,0.049762715
33889,0.051234685
33890,0.3866908
33891,0.70375055
33892,0.18110608
33893,0.28029418
33894,0.12827173
33895,0.16406411
33896,0.15122505
33897,0.67900187
33898,0.100742996
33899,0.033901233
33900,0.043837182
33901,0.03943296
33902,0.146892
33903,0.16643608
33904,0.13950013
33905,0.47807992
33906,0.2661763
33907,0.15339094
33908,1.0175289
33909,0.14551027
33910,0.022784749
33911,0.24030653
33912,0.27040854
33913,0.026656704
33914,0.065632276
33915,0.28903058
33916,0.0741014
33917,0.042540085
33918,0.041139998
33919,0.050912235
33920,0.15182213
33921,0.43815875
33922,0.43292236
33923,0.28777918
33924,0.46709237
33925,0.15587182
33926,0.1512339
33927,0.41540495
33928,0.016755529
33929,0.027046287
33930,0.16034953
33931,0.09060821
33932,0.063556015
33933,0.39658272
33934,0.26681516
33935,0.06698853
33936,0.54943335
33937,0.27810955
33938,0.09403852
33939,0.13431838
33940,0.0913762
33941,0.05672726
33942,0.012206199
33943,0.038738254
33944,0.06435881
33945,0.10140081
33946,0.10842325
33947,0.13416235
33948,0.432107
33949,0.98545986
33950,0.41968706
33951,0.2664178
33952,0.6839555
33953,0.11374332
33954,0.08096857
33955,0.0879233
33956,0.14579476
33957,0.27282426
33958,0.07696724
33959,0.028759943
33960,0.07413188
33961,0.14400229
33962,0.0554786
33963,0.119731955
33964,0.045116477
33965,0.021882512
33966,0.023484372
33967,0.014369557
33968,0.036121733
33969,0.07557371
33970,0.06222012
33971,0.09152959
33972,0.43461442
33973,0.27495104
33974,0.24758415
33975,0.7751617
33976,0.6652606
33977,0.27725354
33978,0.12386064
33979,0.05199918
33980,0.0249589
33981,0.06720061
33982,0.12148531
33983,0.0365424
33984,1.0168917
33985,0.060952548
33986,0.020288326
33987,0.07036099
33988,0.06256184
33989,0.24005963
33990,0.048546996
33991,0.05798132
33992,0.02010085
33993,0.052592184
33994,0.020789672
33995,0.03336004
33996,0.09543088
33997,0.12491019
33998,0.5610106
33999,0.42398897
34000,0.30866826
34001,1.0027997
34002,0.45773503
34003,0.4842514
34004,0.15800233
34005,0.04793466
34006,0.032113902
34007,0.03713933
34008,0.05167796
34009,0.050857708
34010,0.04199502
34011,0.07646116
34012,0.46424395
34013,0.10670723
34014,0.40575197
34015,0.034986887
34016,0.11399585
34017,0.13063712
34018,0.14927763
34019,0.26967382
34020,0.0540471
34021,0.033505183
34022,0.049268205
34023,0.13977693
34024,0.900845
34025,0.42558816
34026,0.6788951
34027,0.41834775
34028,0.268374
34029,0.150136
34030,0.23391075
34031,0.04413482
34032,0.013989419
34033,0.024141215
34034,0.014051579
34035,0.045062207
34036,0.033507273
34037,0.13509169
34038,0.14177325
34039,0.09305176
34040,0.28277344
34041,0.029050512
34042,0.08807093
34043,0.2845098
34044,0.047084793
34045,0.016683605
34046,0.012253838
34047,0.12441124
34048,0.25351754
34049,0.03628293
34050,0.13021858
34051,0.2566275
34052,0.0832253
34053,0.1114184
34054,0.033929177
34055,0.105678074
34056,0.090431266
34057,0.04479264
34058,0.13388471
34059,0.12865803
34060,0.04734174
34061,0.010650729
34062,0.2402712
34063,0.01287506
34064,0.110156804
34065,0.04060715
34066,0.15457352
34067,0.04184681
34068,0.053742632
34069,0.045973584
34070,0.1632188
34071,0.27869585
34072,0.6360821
34073,0.11212231
34074,0.014531912
34075,0.020674633
34076,0.022873923
34077,0.028207423
34078,0.063937075
34079,0.07688231
34080,0.16206194
34081,0.015791036
34082,0.028936729
34083,0.019245474
34084,0.03410752
34085,0.020944884
34086,0.013435735
34087,0.025295967
34088,0.09294218
34089,0.105935976
34090,0.4083761
34091,0.018571826
34092,0.020914974
34093,0.035585452
34094,0.090503335
34095,0.11079607
34096,0.4446117
34097,0.13095355
34098,0.2508405
34099,0.014397445
34100,0.04147699
34101,0.020347992
34102,0.08846159
34103,0.14590725
34104,0.059344992
34105,0.013985281
34106,0.01189546
34107,0.019900888
34108,0.010365166
34109,0.2674374
34110,0.032500535
34111,0.016783254
34112,0.030061116
34113,0.14472567
34114,0.07410522
34115,0.047559112
34116,0.025244046
34117,0.030954015
34118,0.07991243
34119,0.30587828
34120,0.033482548
34121,0.02330783
34122,0.03572013
34123,0.050478943
34124,0.070222996
34125,0.26572794
34126,0.083397835
34127,0.27468812
34128,0.1079832
34129,0.034059394
34130,0.017177286
34131,0.054013733
34132,0.061350327
34133,0.037956484
34134,0.4458932
34135,0.15043734
34136,0.02250187
34137,0.108448304
34138,0.05732968
34139,0.013476809
34140,0.35394865
34141,0.75410444
34142,0.2338664
34143,0.111980274
34144,0.019171916
34145,0.10328125
34146,0.05742701
34147,0.05213458
34148,0.10954317
34149,0.095019214
34150,0.112488985
34151,0.93798167
34152,0.021760304
34153,0.091239125
34154,0.019444559
34155,0.09375073
34156,0.08951559
34157,0.020109138
34158,0.1480766
34159,0.52047426
34160,0.08081176
34161,0.26216033
34162,0.027967274
34163,0.07965054
34164,0.028544672
34165,0.097987495
34166,0.03424788
34167,0.029068412
34168,0.06858421
34169,0.065590784
34170,0.031520743
34171,0.020303346
34172,0.06879806
34173,0.019896144
34174,0.18179749
34175,0.043483462
34176,0.0479852
34177,0.01833303
34178,0.036604773
34179,0.09316884
34180,0.121229686
34181,0.06642384
34182,0.9664211
34183,0.07492024
34184,0.11808959
34185,0.057590257
34186,0.04409085
34187,0.05199033
34188,0.051004056
34189,0.022212896
34190,0.4446556
34191,0.030690443
34192,0.0077348654
34193,0.05817091
34194,0.24079087
34195,0.023722421
34196,0.12834036
34197,0.048602547
34198,0.028624544
34199,0.05487081
34200,0.26485497
34201,0.02932363
34202,0.024750808
34203,0.0229042
34204,0.016197195
34205,0.051356766
34206,0.009133976
34207,0.03509923
34208,0.25477827
34209,0.072512165
34210,0.018581785
34211,0.07040163
34212,0.15401633
34213,0.11580212
34214,0.08761799
34215,0.07475515
34216,0.032010715
34217,0.06421524
34218,0.019348813
34219,0.07971365
34220,0.18004814
34221,0.13944073
34222,0.018602993
34223,0.024213884
34224,0.012853557
34225,0.017946659
34226,0.018582525
34227,0.019481385
34228,0.010945238
34229,0.028257068
34230,0.063594654
34231,0.060073204
34232,0.12424734
34233,0.010512485
34234,0.14539486
34235,0.37198296
34236,0.017687067
34237,0.014033914
34238,0.025395643
34239,0.025635876
34240,0.007692558
34241,0.021188222
34242,0.031860102
34243,0.014844887
34244,0.016496101
34245,0.008835857
34246,0.076829545
34247,0.029318467
34248,0.04661539
34249,0.016996102
34250,0.05561457
34251,0.017042058
34252,0.01862154
34253,0.011325962
34254,0.11330521
34255,0.030705202
34256,0.052771993
34257,0.032070138
34258,0.105500996
34259,0.01593081
34260,0.011463757
34261,0.011494272
34262,0.40405458
34263,0.07570031
34264,0.071592964
34265,0.06606776
34266,0.015518842
34267,0.097958416
34268,0.023798706
34269,0.01641461
34270,0.092508316
34271,0.021475462
34272,0.12159393
34273,0.25906163
34274,0.024252746
34275,0.036283888
34276,0.03586006
34277,0.030098477
34278,0.030871177
34279,0.0145308
34280,0.03784813
34281,0.013129162
34282,0.09218497
34283,0.06969962
34284,0.008644816
34285,0.28179556
34286,0.027536679
34287,0.030312097
34288,0.00780288
34289,0.00640121
34290,0.059303556
34291,0.024234865
34292,0.03246986
34293,0.015886776
34294,0.036839765
34295,0.011226896
34296,0.012484231
34297,0.034800317
34298,0.2947127
34299,0.14991245
34300,0.019385478
34301,0.109479226
34302,0.016049122
34303,0.022874368
34304,0.007928794
34305,0.044181176
34306,0.055425048
34307,0.04117062
34308,0.033803064
34309,0.034957405
34310,0.110526286
34311,0.046401966
34312,0.44310963
34313,0.037894618
34314,0.08644855
34315,0.043233402
34316,0.13727076
34317,0.2988725
34318,0.045179937
34319,0.27716634
34320,0.07790907
34321,0.42492923
34322,0.09203196
34323,0.13632537
34324,0.068363175
34325,0.03015334
34326,0.10798903
34327,0.39053622
34328,0.7378988
34329,0.27768534
34330,0.049327176
34331,0.04188231
34332,0.27946964
34333,0.072644494
34334,0.014666619
34335,0.03433207
34336,0.03552451
34337,0.019806623
34338,0.016485346
34339,0.11817324
34340,0.28594053
34341,0.55434585
34342,0.5289052
34343,0.048296716
34344,0.08136458
34345,0.13698904
34346,0.26556024
34347,0.06656775
34348,0.049093124
34349,0.08348023
34350,0.10203604
34351,0.031871222
34352,0.4288112
34353,0.25320777
34354,0.27021515
34355,0.56982964
34356,0.12799916
34357,0.023099605
34358,0.50717056
34359,0.0699438
34360,0.33901343
34361,0.061902635
34362,0.06582867
34363,0.04090481
34364,0.08260686
34365,0.10523521
34366,0.102629736
34367,0.10107113
34368,0.03485325
34369,0.036404084
34370,0.07544329
34371,0.26328272
34372,0.052286822
34373,0.07048446
34374,0.074850745
34375,0.09641979
34376,0.047631633
34377,0.040813733
34378,0.029704109
34379,0.06517093
34380,0.15140107
34381,0.062779434
34382,0.17343661
34383,0.019460263
34384,0.057239674
34385,0.048972003
34386,0.01725024
34387,0.016020732
34388,0.48039657
34389,0.11818061
34390,0.21736282
34391,0.39972004
34392,0.4109914
34393,0.09607328
34394,0.06433044
34395,0.022178825
34396,0.024334354
34397,0.04585975
34398,0.011424791
34399,0.06622501
34400,0.08809375
34401,0.10854631
34402,0.17255832
34403,0.44775856
34404,0.01753279
34405,0.023362802
34406,0.05306673
34407,0.03196254
34408,0.031347807
34409,0.28439653
34410,0.023028174
34411,0.05155196
34412,0.062145118
34413,0.030335631
34414,0.14147317
34415,0.57984275
34416,0.10939712
34417,0.02361996
34418,0.026629802
34419,0.052071285
34420,0.075164385
34421,0.13419247
34422,0.16332833
34423,0.112674765
34424,0.11212468
34425,0.068150066
34426,0.006086686
34427,0.011612376
34428,0.036628418
34429,0.03446743
34430,0.03019867
34431,0.043055
34432,0.11154998
34433,0.06699898
34434,0.23842904
34435,0.016917065
34436,0.04609735
34437,0.03252307
34438,0.024194226
34439,0.022410104
34440,0.027327884
34441,0.051541787
34442,0.027345477
34443,0.082196444
34444,0.33705822
34445,0.21356547
34446,0.051033072
34447,0.049459025
34448,0.042468783
34449,0.11475687
34450,0.081047274
34451,0.071295865
34452,0.017864723
34453,0.016371561
34454,0.03635045
34455,0.15820245
34456,0.034518242
34457,0.036478024
34458,0.007375823
34459,0.06911494
34460,0.079893835
34461,0.26638746
34462,0.24857204
34463,0.30112645
34464,0.07368466
34465,0.04974413
34466,0.022911236
34467,0.061774254
34468,0.056190416
34469,0.26322365
34470,0.056785844
34471,0.60703087
34472,0.12602468
34473,0.025222499
34474,0.12877163
34475,0.060414393
34476,0.05612269
34477,0.024463866
34478,0.010082472
34479,0.015609668
34480,0.07193711
34481,0.010325124
34482,0.030009799
34483,0.02280564
34484,0.024572955
34485,0.093232475
34486,0.0955356
34487,0.071036585
34488,0.12362589
34489,0.24946347
34490,0.3412139
34491,0.07445955
34492,0.02686527
34493,0.093964115
34494,0.022760404
34495,0.05099089
34496,0.009888306
34497,0.026772957
34498,0.08791712
34499,0.07073655
34500,0.13402385
34501,0.048420485
34502,0.117017776
34503,0.046247922
34504,0.07250415
34505,0.032596536
34506,0.021505347
34507,0.14620468
34508,0.0331633
34509,0.085137986
34510,0.036972713
34511,0.013349042
34512,0.027738938
34513,0.043652546
34514,0.07570679
34515,0.08988684
34516,0.12760179
34517,0.111044064
34518,0.16995084
34519,0.23550278
34520,0.25270906
34521,0.016538205
34522,0.111499034
34523,0.01678023
34524,0.06442525
34525,0.048735
34526,0.10048273
34527,0.06076651
34528,0.0421576
34529,0.06347689
34530,0.09312086
34531,0.068590894
34532,0.034505103
34533,0.013657355
34534,0.08384745
34535,0.02067238
34536,0.046373095
34537,0.11168602
34538,0.07062884
34539,0.14972053
34540,0.64110017
34541,0.116723016
34542,0.124086566
34543,0.07229523
34544,0.08900296
34545,0.08659795
34546,0.106487766
34547,0.06484348
34548,0.010172599
34549,0.2776682
34550,0.08418593
34551,0.08956649
34552,0.07243101
34553,0.08539597
34554,0.03087198
34555,0.02228094
34556,0.028559146
34557,0.0480166
34558,0.3044574
34559,0.07524005
34560,0.054380845
34561,0.12754728
34562,0.9347798
34563,0.111681595
34564,0.021651061
34565,0.12071281
34566,0.06882225
34567,0.17940049
34568,0.40916976
34569,0.08007759
34570,0.02311148
34571,0.05941073
34572,0.05454056
34573,0.115980856
34574,0.1724567
34575,0.046834335
34576,0.17488071
34577,0.104776345
34578,0.08475704
34579,0.063056044
34580,0.08502314
34581,0.021367367
34582,0.1306973
34583,0.14802216
34584,0.25787795
34585,0.09329335
34586,0.036191102
34587,0.12016149
34588,0.17314819
34589,0.25539848
34590,0.0715635
34591,0.059155773
34592,0.030634448
34593,0.010842093
34594,0.079716735
34595,0.55161947
34596,0.045500256
34597,0.13812724
34598,0.44740176
34599,0.2757464
34600,0.014589157
34601,0.0137739815
34602,0.011974445
34603,0.05105093
34604,0.05846014
34605,0.43044636
34606,0.44147533
34607,0.09760905
34608,0.09723498
34609,0.2647077
34610,0.14695476
34611,0.14024805
34612,0.1931258
34613,0.26910642
34614,0.094579905
34615,0.06092591
34616,0.11049615
34617,0.0629367
34618,0.2806832
34619,0.84545135
34620,0.05438366
34621,0.5207916
34622,0.016291978
34623,0.055406023
34624,0.268783
34625,0.018907638
34626,0.01877818
34627,0.058928393
34628,0.08497889
34629,0.023282789
34630,0.05136689
34631,0.34794936
34632,0.04958097
34633,0.09155679
34634,0.26646575
34635,0.15343828
34636,0.2614945
34637,0.42254663
34638,0.35316446
34639,0.27320933
34640,0.1211291
34641,0.13311535
34642,0.95213866
34643,0.4224133
34644,0.45329186
34645,0.027108703
34646,0.14370957
34647,0.07262909
34648,0.03350437
34649,0.022424562
34650,0.067972176
34651,0.010716625
34652,0.013375411
34653,0.037750576
34654,0.0682625
34655,0.115950696
34656,0.11173616
34657,0.120918676
34658,0.103152744
34659,0.16411756
34660,0.25177735
34661,0.03523989
34662,0.12113231
34663,0.4615701
34664,0.021322252
34665,0.07422404
34666,1.0207369
34667,0.98299485
34668,0.61622614
34669,0.100771815
34670,0.47591978
34671,0.09159999
34672,0.021015551
34673,0.068727605
34674,0.015793944
34675,0.061654195
34676,0.06750633
34677,0.056363404
34678,0.014269491
34679,0.40187806
34680,0.020292962
34681,0.039622657
34682,0.12662143
34683,0.11517845
34684,0.058992177
34685,0.055910133
34686,0.2530421
34687,0.09567347
34688,0.026854923
34689,0.1357284
34690,0.11852751
34691,0.12054539
34692,0.97717375
34693,0.93654525
34694,0.62433183
34695,0.010387356
34696,0.018312972
34697,0.078039594
34698,0.033334296
34699,0.0104600135
34700,0.4823128
34701,0.10492896
34702,0.26194796
34703,0.05084675
34704,0.10989309
34705,0.11133247
34706,0.12208936
34707,0.1492111
34708,0.14712724
34709,0.5445991
34710,0.46208754
34711,0.14882696
34712,0.15408988
34713,0.09690478
34714,0.0726787
34715,0.12713811
34716,0.050150663
34717,0.042502437
34718,0.026943171
34719,0.14322405
34720,0.14783446
34721,0.07282538
34722,0.12288497
34723,0.029532913
34724,0.9548332
34725,1.0098836
34726,0.9442972
34727,0.0963317
34728,0.052355208
34729,0.2623833
34730,0.0131417615
34731,0.42358163
34732,0.031768847
34733,0.021078851
34734,0.026908405
34735,0.04780753
34736,0.112559326
34737,0.056879
34738,0.40886942
34739,0.9690995
34740,0.08153835
34741,0.11448095
34742,0.10367516
34743,0.14122207
34744,0.08279298
34745,0.2586061
34746,0.11799159
34747,0.1080107
34748,0.121945575
34749,0.118995965
34750,0.05302607
34751,0.029529266
34752,0.47049776
34753,0.2879949
34754,0.26883903
34755,0.08692478
34756,0.029356051
34757,0.12711966
34758,0.08495015
34759,0.27942398
34760,0.03545393
34761,0.05037538
34762,0.05327493
34763,0.02498305
34764,0.04990979
34765,0.051530935
34766,0.4647397
34767,0.6533297
34768,0.26465216
34769,0.27983057
34770,0.13322929
34771,0.2753041
34772,0.15503019
34773,0.5916
34774,0.078733444
34775,0.035340797
34776,0.042353783
34777,0.039965343
34778,0.1471419
34779,0.26993227
34780,0.25366557
34781,0.5302451
34782,0.2677127
34783,0.15257776
34784,0.99414355
34785,0.24949121
34786,0.02115966
34787,0.24169777
34788,0.16970146
34789,0.027828244
34790,0.064122185
34791,0.18168163
34792,0.07604436
34793,0.041107472
34794,0.042804223
34795,0.05275659
34796,0.14480814
34797,0.4171069
34798,0.41292587
34799,0.27969244
34800,0.27550548
34801,0.14635828
34802,0.15298322
34803,0.40100953
34804,0.02678514
34805,0.15577213
34806,0.08862113
34807,0.06317699
34808,0.50264657
34809,0.3848536
34810,0.06749569
34811,0.57915235
34812,0.4197748
34813,0.005524605
34814,0.095353566
34815,0.13048977
34816,0.091219656
34817,0.056516185
34818,0.014071897
34819,0.01033852
34820,0.017018078
34821,0.035848144
34822,0.062265333
34823,0.10227862
34824,0.10934948
34825,0.23692992
34826,0.41913316
34827,0.8726524
34828,0.43528435
34829,0.26939252
34830,0.67270356
34831,0.11620733
34832,0.020569786
34833,0.08039991
34834,0.08823297
34835,0.2548221
34836,0.18438475
34837,0.07502319
34838,0.029945059
34839,0.07836421
34840,0.14141877
34841,0.054715265
34842,0.11909313
34843,0.044388697
34844,0.03526954
34845,0.07811901
34846,0.063156664
34847,0.09253079
34848,0.41824144
34849,0.27026942
34850,0.115764365
34851,0.69449526
34852,0.57650405
34853,0.27447626
34854,0.11346435
34855,0.054002672
34856,0.023525842
34857,0.06252807
34858,0.1211375
34859,0.033142943
34860,0.90205723
34861,0.058580063
34862,0.019080801
34863,0.07065554
34864,0.061690528
34865,0.2044715
34866,0.044909608
34867,0.058405202
34868,0.018785791
34869,0.052055106
34870,0.03450231
34871,0.10057634
34872,0.12686713
34873,0.5645787
34874,0.30314404
34875,0.25152564
34876,1.00666
34877,0.42798713
34878,0.48299164
34879,0.15696485
34880,0.047862306
34881,0.032415163
34882,0.038270805
34883,0.052015748
34884,0.05305989
34885,0.044829175
34886,0.07443998
34887,0.44712976
34888,0.10746233
34889,0.2758833
34890,0.035269555
34891,0.12512566
34892,0.23835057
34893,0.2566517
34894,0.27203786
34895,0.055151585
34896,0.031021234
34897,0.04967313
34898,0.14541209
34899,0.8276279
34900,0.4145435
34901,0.6663188
34902,0.41874868
34903,0.43659115
34904,0.15109293
34905,0.11434114
34906,0.0152832
34907,0.02352564
34908,0.0137991
34909,0.044267833
34910,0.02994876
34911,0.13483737
34912,0.14191595
34913,0.09150275
34914,0.28583512
34915,0.030231467
34916,0.08873988
34917,0.3943996
34918,0.047579546
34919,0.013623287
34920,0.120021954
34921,0.24796493
34922,0.035856348
34923,0.23800312
34924,0.16462794
34925,0.0785125
34926,0.13618092
34927,0.034558695
34928,0.10622299
34929,0.08976817
34930,0.043402355
34931,0.24148776
34932,0.12921542
34933,0.044183776
34934,0.010888433
34935,0.25879884
34936,0.01351745
34937,0.11288933
34938,0.04359358
34939,0.040018436
34940,0.13404785
34941,0.041966334
34942,0.05479981
34943,0.04839949
34944,0.17959148
34945,0.2765114
34946,0.6614394
34947,0.11721662
34948,0.013768766
34949,0.020172244
34950,0.021127619
34951,0.029961789
34952,0.060235225
34953,0.07875295
34954,0.14781716
34955,0.016342841
34956,0.029250598
34957,0.01909404
34958,0.03352405
34959,0.017477984
34960,0.015410459
34961,0.027398411
34962,0.008586511
34963,0.08890024
34964,0.10620273
34965,0.33508042
34966,0.017408468
34967,0.02102157
34968,0.037670597
34969,0.0816054
34970,0.10996164
34971,0.43981484
34972,0.12621582
34973,0.24988464
34974,0.04250588
34975,0.0867799
34976,0.14165553
34977,0.05868798
34978,0.012068373
34979,0.01683856
34980,0.2651429
34981,0.03283708
34982,0.017802171
34983,0.016507074
34984,0.02909671
34985,0.14591171
34986,0.075709604
34987,0.045653068
34988,0.025174426
34989,0.030619148
34990,0.077885054
34991,0.45241356
34992,0.03831949
34993,0.0063525937
34994,0.02212476
34995,0.03670498
34996,0.04726501
34997,0.07008262
34998,0.26079535
34999,0.08300726
35000,0.2719812
35001,0.10527918
35002,0.03587591
35003,0.011402062
35004,0.053432275
35005,0.062274944
35006,0.034497518
35007,0.42128074
35008,0.016526451
35009,0.2665063
35010,0.024592225
35011,0.10865179
35012,0.05450567
35013,0.27619898
35014,0.7051359
35015,0.2409679
35016,0.10799614
35017,0.017367428
35018,0.10326112
35019,0.061315533
35020,0.052847188
35021,0.10360464
35022,0.10100152
35023,0.12201515
35024,0.99918944
35025,0.02027443
35026,0.087781735
35027,0.09402451
35028,0.08691794
35029,0.022813983
35030,0.1478195
35031,0.5145666
35032,0.08180359
35033,0.27136543
35034,0.02683792
35035,0.07974272
35036,0.02725508
35037,0.09330625
35038,0.035783518
35039,0.030158542
35040,0.06126709
35041,0.0708046
35042,0.03285598
35043,0.020495452
35044,0.06906979
35045,0.021090169
35046,0.18508925
35047,0.04777316
35048,0.017688947
35049,0.040107653
35050,0.094013035
35051,0.116894335
35052,0.064556465
35053,0.98356396
35054,0.07716871
35055,0.254006
35056,0.059864733
35057,0.044191014
35058,0.053269617
35059,0.051437754
35060,0.018288122
35061,0.022773951
35062,0.4410748
35063,0.031403232
35064,0.009334823
35065,0.00887215
35066,0.016476987
35067,0.056732394
35068,0.12119631
35069,0.025472587
35070,0.12921375
35071,0.045309976
35072,0.029388085
35073,0.0552739
35074,0.40165776
35075,0.02985563
35076,0.02385986
35077,0.006709323
35078,0.01680324
35079,0.054840803
35080,0.009828957
35081,0.03684195
35082,0.15614069
35083,0.07564305
35084,0.019017594
35085,0.07186643
35086,0.1426837
35087,0.10791653
35088,0.090899564
35089,0.07272704
35090,0.034439236
35091,0.062084753
35092,0.020112036
35093,0.07285036
35094,0.18431035
35095,0.14032905
35096,0.036730085
35097,0.016913695
35098,0.01798359
35099,0.022871176
35100,0.011778925
35101,0.018320557
35102,0.018112121
35103,0.018155346
35104,0.011822072
35105,0.024876224
35106,0.066373564
35107,0.057549965
35108,0.12526402
35109,0.0112069035
35110,0.24989274
35111,0.010189399
35112,0.39855227
35113,0.0114152245
35114,0.022121651
35115,0.029493997
35116,0.018683167
35117,0.024594503
35118,0.009059149
35119,0.020584088
35120,0.033484474
35121,0.015996257
35122,0.016877797
35123,0.07362317
35124,0.029686514
35125,0.043805093
35126,0.01866873
35127,0.014673835
35128,0.057005126
35129,0.009384489
35130,0.018768052
35131,0.11519486
35132,0.03254369
35133,0.054084722
35134,0.012285678
35135,0.03279721
35136,0.109331235
35137,0.006004081
35138,0.0139921205
35139,0.011910373
35140,0.011469537
35141,0.2984843
35142,0.07551347
35143,0.06869844
35144,0.06587909
35145,0.09675596
35146,0.027234564
35147,0.0960629
35148,0.021539384
35149,0.12077687
35150,0.15486743
35151,0.021427939
35152,0.026625559
35153,0.036705397
35154,0.032163933
35155,0.038092263
35156,0.015510294
35157,0.08728967
35158,0.067458846
35159,0.1689321
35160,0.028839339
35161,0.027553432
35162,0.021584762
35163,0.057678368
35164,0.024820672
35165,0.019400641
35166,0.019161308
35167,0.03688117
35168,0.010951516
35169,0.034768503
35170,0.27924755
35171,0.24894713
35172,0.02125796
35173,0.10955843
35174,0.0230466
35175,0.009401075
35176,0.04240334
35177,0.053073917
35178,0.041448202
35179,0.064249575
35180,0.032432813
35181,0.033989277
35182,0.034170657
35183,0.04408782
35184,0.10453543
35185,0.045025382
35186,0.037895054
35187,0.41018975
35188,0.04003668
35189,0.08408639
35190,0.044266406
35191,0.14732397
35192,0.26070613
35193,0.085212894
35194,0.04593391
35195,0.014632281
35196,0.35490823
35197,0.0637546
35198,0.4138497
35199,0.07817666
35200,0.38490555
35201,0.07465512
35202,0.100495815
35203,0.04364259
35204,0.018295141
35205,0.27259225
35206,0.031242829
35207,0.75502086
35208,0.27860495
35209,0.040518425
35210,0.276586
35211,0.06868692
35212,0.014665915
35213,0.031456657
35214,0.049900293
35215,0.019610763
35216,0.015756221
35217,0.10343424
35218,0.36228728
35219,0.47913927
35220,0.4752974
35221,0.04634133
35222,0.07315158
35223,0.02727926
35224,0.25340936
35225,0.14168364
35226,0.00950875
35227,0.022965156
35228,0.06549597
35229,0.04768012
35230,0.07857565
35231,0.23559
35232,0.03326361
35233,0.3883715
35234,0.2473521
35235,0.27785957
35236,0.5149435
35237,0.11966985
35238,0.47510284
35239,0.018482855
35240,0.07266684
35241,0.28256252
35242,0.056817316
35243,0.061978575
35244,0.0424832
35245,0.075641714
35246,0.10134201
35247,0.10602973
35248,0.103329144
35249,0.034282602
35250,0.03935989
35251,0.078481466
35252,0.2714957
35253,0.052482612
35254,0.067604914
35255,0.068137616
35256,0.08809493
35257,0.033626772
35258,0.043446977
35259,0.06534007
35260,0.14699593
35261,0.060029503
35262,0.16011345
35263,0.022111455
35264,0.05503078
35265,0.04743398
35266,0.024811124
35267,0.016205601
35268,0.01645261
35269,0.3379003
35270,0.11538055
35271,0.1998856
35272,0.39587525
35273,0.4111239
35274,0.09567706
35275,0.06850689
35276,0.024915116
35277,0.019321455
35278,0.04210968
35279,0.17824903
35280,0.101540886
35281,0.17954607
35282,0.47987115
35283,0.025993323
35284,0.054183953
35285,0.033173714
35286,0.027785119
35287,0.27794296
35288,0.024223588
35289,0.052759964
35290,0.059521623
35291,0.423424
35292,0.5671937
35293,0.10199785
35294,0.022683105
35295,0.02491083
35296,0.052668557
35297,0.07932909
35298,0.013007342
35299,0.03352122
35300,0.014041028
35301,0.12901075
35302,0.15618889
35303,0.11080905
35304,0.11912929
35305,0.066359945
35306,0.040374853
35307,0.034105483
35308,0.030686589
35309,0.0430465
35310,0.11005677
35311,0.07377147
35312,0.10948956
35313,0.020286284
35314,0.04605661
35315,0.034867942
35316,0.024340408
35317,0.023420254
35318,0.026401747
35319,0.052434903
35320,0.02612919
35321,0.07703714
35322,0.43442425
35323,0.42482144
35324,0.049255963
35325,0.05129462
35326,0.04456547
35327,0.11033394
35328,0.075894825
35329,0.017981406
35330,0.068400905
35331,0.017827991
35332,0.032718085
35333,0.2714219
35334,0.03673207
35335,0.028050639
35336,0.035811428
35337,0.068633914
35338,0.07477779
35339,0.26394424
35340,0.24910645
35341,0.24118192
35342,0.07426546
35343,0.051773652
35344,0.023443298
35345,0.06466489
35346,0.05554992
35347,0.011352389
35348,0.26065665
35349,0.058195915
35350,0.5592106
35351,0.1189344
35352,0.023156542
35353,0.12364334
35354,0.06348682
35355,0.055276494
35356,0.023270745
35357,0.011544705
35358,0.071069725
35359,0.026414776
35360,0.021966776
35361,0.09452384
35362,0.053700868
35363,0.100815125
35364,0.075112164
35365,0.12076476
35366,0.25081483
35367,0.3198928
35368,0.07530733
35369,0.028697142
35370,0.09299913
35371,0.01831559
35372,0.04971387
35373,0.09245033
35374,0.06822753
35375,0.12966074
35376,0.048908953
35377,0.11439592
35378,0.050187472
35379,0.06997448
35380,0.018380713
35381,0.020374961
35382,0.14688098
35383,0.012467268
35384,0.033006262
35385,0.07837835
35386,0.03545308
35387,0.031200413
35388,0.042296056
35389,0.069072425
35390,0.088272735
35391,0.15017384
35392,0.109384716
35393,0.43418148
35394,0.24044086
35395,0.2526113
35396,0.016361684
35397,0.11244571
35398,0.06158787
35399,0.05160094
35400,0.096450776
35401,0.037728883
35402,0.024683997
35403,0.042511594
35404,0.06526716
35405,0.09278959
35406,0.03597748
35407,0.07089794
35408,0.0070330068
35409,0.027617522
35410,0.032041192
35411,0.084701136
35412,0.020315375
35413,0.047127828
35414,0.10978458
35415,0.07568778
35416,0.13185117
35417,0.63629997
35418,0.114381716
35419,0.12518415
35420,0.06789478
35421,0.08576724
35422,0.083057925
35423,0.105075516
35424,0.06634706
35425,0.27657107
35426,0.08084644
35427,0.08659526
35428,0.07194602
35429,0.08739878
35430,0.02087824
35431,0.028752413
35432,0.022723636
35433,0.022843521
35434,0.047221683
35435,0.2809274
35436,0.073590524
35437,0.06131881
35438,0.10987771
35439,0.8587307
35440,0.10612638
35441,0.0219654
35442,0.23720793
35443,0.07111308
35444,0.27953297
35445,0.2750523
35446,0.08052541
35447,0.060986686
35448,0.052616533
35449,0.106225245
35450,0.15974405
35451,0.04746966
35452,0.26175168
35453,0.09260552
35454,0.08467839
35455,0.022343216
35456,0.025348598
35457,0.062675856
35458,0.07859397
35459,0.020368816
35460,0.12840399
35461,0.14594078
35462,0.25812054
35463,0.09054318
35464,0.029549707
35465,0.121168986
35466,0.14723709
35467,0.26993006
35468,0.07375173
35469,0.0618312
35470,0.027297275
35471,0.0728325
35472,0.6193801
35473,0.04460523
35474,0.1402676
35475,0.4347217
35476,0.14373921
35477,0.0144714285
35478,0.020470746
35479,0.015429903
35480,0.05106131
35481,0.06250441
35482,0.2616939
35483,0.39747715
35484,0.09399068
35485,0.09314781
35486,0.16907923
35487,0.24891876
35488,0.14243686
35489,0.1954419
35490,0.24042521
35491,0.07945075
35492,0.0066883666
35493,0.021867003
35494,0.05996059
35495,0.099818446
35496,0.064704426
35497,0.20357731
35498,0.95822936
35499,0.05603358
35500,0.3255013
35501,0.01721652
35502,0.053849835
35503,0.2706749
35504,0.061317395
35505,0.09025899
35506,0.022704227
35507,0.050181884
35508,0.007305164
35509,0.38701984
35510,0.047832914
35511,0.09242778
35512,0.27076265
35513,0.15504703
35514,0.2711025
35515,0.27342522
35516,0.4114596
35517,0.030900907
35518,0.15832181
35519,0.11985304
35520,0.1303551
35521,0.8638221
35522,0.45208016
35523,0.45711678
35524,0.028057208
35525,0.1634826
35526,0.07103687
35527,0.032759473
35528,0.021364676
35529,0.0142812375
35530,0.016191296
35531,0.06593408
35532,0.009739703
35533,0.013506982
35534,0.032322712
35535,0.06843817
35536,0.113874994
35537,0.11001839
35538,0.12419778
35539,0.098553136
35540,0.25478375
35541,0.1191869
35542,0.030901775
35543,0.11560387
35544,0.2762072
35545,0.019478327
35546,0.07264511
35547,1.0344623
35548,0.99249196
35549,0.6297298
35550,0.0067895898
35551,0.032934517
35552,0.018082907
35553,0.098377734
35554,0.4291102
35555,0.08931859
35556,0.020865852
35557,0.070676684
35558,0.06326512
35559,0.07329822
35560,0.068013825
35561,0.010591624
35562,0.39928463
35563,0.018296378
35564,0.039269436
35565,0.12409842
35566,0.11511816
35567,0.060261536
35568,0.054776832
35569,0.24591061
35570,0.09263419
35571,0.02824141
35572,0.13226381
35573,0.11398733
35574,0.11183087
35575,0.967755
35576,0.9758044
35577,0.66643035
35578,0.017016934
35579,0.0776751
35580,0.03133464
35581,0.010954462
35582,0.46017763
35583,0.100107744
35584,0.26837873
35585,0.04882488
35586,0.10917873
35587,0.024289783
35588,0.10040553
35589,0.11868998
35590,0.14785871
35591,0.15039977
35592,0.5588663
35593,0.37536684
35594,0.14632557
35595,0.1443754
35596,0.09516234
35597,0.07258612
35598,0.12914118
35599,0.05194641
35600,0.04260105
35601,0.028116021
35602,0.1393588
35603,0.14133629
35604,0.07101671
35605,0.11965559
35606,0.028427886
35607,1.0269549
35608,1.026452
35609,1.026147
35610,0.06009173
35611,0.056546357
35612,0.25975758
35613,0.30488265
35614,0.029197419
35615,0.011957699
35616,0.024157245
35617,0.025539055
35618,0.043828543
35619,0.113043085
35620,0.057334315
35621,0.2878501
35622,1.0289912
35623,0.080755085
35624,0.11500699
35625,0.1027998
35626,0.16476466
35627,0.08003507
35628,0.25487489
35629,0.1189698
35630,0.034384962
35631,0.104622304
35632,0.12568255
35633,0.11829169
35634,0.05138471
35635,0.030688908
35636,0.28689164
35637,0.4182569
35638,0.15372927
35639,0.12203845
35640,0.08043437
35641,0.18140551
35642,0.034366593
35643,0.044961784
35644,0.054849897
35645,0.021362243
35646,0.050065536
35647,0.04896272
35648,0.27193004
35649,0.7408476
35650,0.2737413
35651,0.20238976
35652,0.12546764
35653,0.15313734
35654,0.15754624
35655,0.7409679
35656,0.085823685
35657,0.032700017
35658,0.04465806
35659,0.037016917
35660,0.1521198
35661,0.15986365
35662,0.2506287
35663,0.5700605
35664,0.39223114
35665,0.14444117
35666,0.9734937
35667,0.25284502
35668,0.019738063
35669,0.13302186
35670,0.169619
35671,0.025896488
35672,0.064830296
35673,0.54039466
35674,0.07156257
35675,0.042128257
35676,0.04231977
35677,0.052316878
35678,0.14401501
35679,0.29351825
35680,0.41017044
35681,0.51582354
35682,0.32442957
35683,0.15011351
35684,0.15191016
35685,0.424855
35686,0.025756922
35687,0.16200323
35688,0.08976236
35689,0.065454625
35690,0.49533188
35691,0.27347776
35692,0.06653565
35693,0.5790189
35694,0.4289739
35695,0.006110932
35696,0.094491445
35697,0.1241314
35698,0.0874168
35699,0.054953676
35700,0.014167136
35701,0.036592323
35702,0.06532007
35703,0.09741411
35704,0.10552047
35705,0.1284239
35706,0.43818846
35707,0.84679675
35708,0.44367036
35709,0.27212575
35710,0.673494
35711,0.12254834
35712,0.08036904
35713,0.07921341
35714,0.24813437
35715,0.17382188
35716,0.07717214
35717,0.024575219
35718,0.07119208
35719,0.13767081
35720,0.020707285
35721,0.055096604
35722,0.11610612
35723,0.026250472
35724,0.01725501
35725,0.0442914
35726,0.013085278
35727,0.041023962
35728,0.07966422
35729,0.06250227
35730,0.09728162
35731,0.47055018
35732,0.27002203
35733,0.24013755
35734,0.7469108
35735,0.6511391
35736,0.29488266
35737,0.11628041
35738,0.05051329
35739,0.024717106
35740,0.06584472
35741,0.11164672
35742,0.017168026
35743,0.030338742
35744,0.9722255
35745,0.06216916
35746,0.01803852
35747,0.07195606
35748,0.061479602
35749,0.25028095
35750,0.046221092
35751,0.059365783
35752,0.019049501
35753,0.0553924
35754,0.03278989
35755,0.098064154
35756,0.12053679
35757,0.654604
35758,0.30211192
35759,0.24849655
35760,0.9435425
35761,0.4512661
35762,0.46038938
35763,0.15425819
35764,0.048070215
35765,0.03212078
35766,0.040708274
35767,0.056059636
35768,0.052948575
35769,0.041575324
35770,0.15759599
35771,0.4696391
35772,0.10674747
35773,0.28244227
35774,0.029904325
35775,0.11749025
35776,0.12717636
35777,0.1401957
35778,0.2650864
35779,0.054305904
35780,0.0061237756
35781,0.031458557
35782,0.010270294
35783,0.048634075
35784,0.15192363
35785,0.90725297
35786,0.19066033
35787,0.72061634
35788,0.39128745
35789,0.43046364
35790,0.15175977
35791,0.11544322
35792,0.043814406
35793,0.024707343
35794,0.014489584
35795,0.04348507
35796,0.03264616
35797,0.12512493
35798,0.1345661
35799,0.082843274
35800,0.29275718
35801,0.029101402
35802,0.08491424
35803,0.4305944
35804,0.048433248
35805,0.012561573
35806,0.1181325
35807,0.25178978
35808,0.036389355
35809,0.24962409
35810,0.15180221
35811,0.08335049
35812,0.11572117
35813,0.03297473
35814,0.100067645
35815,0.088674024
35816,0.04307088
35817,0.13174357
35818,0.008136233
35819,0.12604548
35820,0.04493415
35821,0.025174666
35822,0.22889581
35823,0.012861931
35824,0.017321989
35825,0.11089114
35826,0.041166063
35827,0.14963555
35828,0.043320607
35829,0.05458817
35830,0.049215153
35831,0.16935731
35832,0.28080365
35833,0.68471026
35834,0.11099762
35835,0.012623622
35836,0.014690641
35837,0.021293346
35838,0.024275603
35839,0.028656865
35840,0.06365722
35841,0.07788945
35842,0.25424397
35843,0.017030342
35844,0.024494475
35845,0.032954693
35846,0.020943072
35847,0.028386882
35848,0.08766456
35849,0.10275849
35850,0.42090338
35851,0.01650396
35852,0.036190085
35853,0.08680727
35854,0.108094975
35855,0.3643686
35856,0.1271921
35857,0.015915856
35858,0.01161867
35859,0.15587701
35860,0.041673787
35861,0.08456247
35862,0.13782367
35863,0.06206704
35864,0.010839824
35865,0.020563805
35866,0.011586389
35867,0.40219876
35868,0.01780591
35869,0.017678574
35870,0.028540911
35871,0.14353848
35872,0.072811514
35873,0.04552438
35874,0.024283418
35875,0.032944757
35876,0.07996549
35877,0.27733463
35878,0.0411465
35879,0.024079194
35880,0.035455458
35881,0.048355117
35882,0.07321174
35883,0.26736233
35884,0.081736326
35885,0.2765179
35886,0.10716449
35887,0.032889437
35888,0.01728382
35889,0.05645827
35890,0.06133921
35891,0.034097407
35892,0.2991009
35893,0.26827455
35894,0.023258
35895,0.10724407
35896,0.060905036
35897,0.015044894
35898,0.29059646
35899,0.6883198
35900,0.24143824
35901,0.1128725
35902,0.09930581
35903,0.06069514
35904,0.051654525
35905,0.10599824
35906,0.09302908
35907,0.11875542
35908,0.87898606
35909,0.08521347
35910,0.0918704
35911,0.08798636
35912,0.021521645
35913,0.14277336
35914,0.5568639
35915,0.07807696
35916,0.2653202
35917,0.025650425
35918,0.07570958
35919,0.028551323
35920,0.0957217
35921,0.034476854
35922,0.028886488
35923,0.06812348
35924,0.07298986
35925,0.031840667
35926,0.07108647
35927,0.016231572
35928,0.020848574
35929,0.26592025
35930,0.045760453
35931,0.046605144
35932,0.017710308
35933,0.0375966
35934,0.09199366
35935,0.11329611
35936,1.0270842
35937,0.07455656
35938,0.24428874
35939,0.05838131
35940,0.042852063
35941,0.05395926
35942,0.051645443
35943,0.023348294
35944,0.39693585
35945,0.02834877
35946,0.007417083
35947,0.0089275325
35948,0.017462337
35949,0.011771881
35950,0.057785835
35951,0.116983585
35952,0.025203846
35953,0.12349827
35954,0.047428466
35955,0.02974148
35956,0.007322958
35957,0.05611447
35958,0.19553505
35959,0.028931689
35960,0.007119427
35961,0.020158492
35962,0.015575131
35963,0.05231157
35964,0.03352118
35965,0.13900472
35966,0.0731941
35967,0.017849749
35968,0.017711401
35969,0.069282934
35970,0.148403
35971,0.105619684
35972,0.08800872
35973,0.07768449
35974,0.03394697
35975,0.061560266
35976,0.01624101
35977,0.07310856
35978,0.18164316
35979,0.24150226
35980,0.0081754895
35981,0.017776838
35982,0.022199001
35983,0.017645726
35984,0.023756668
35985,0.01300828
35986,0.017714828
35987,0.009227334
35988,0.0171782
35989,0.017139642
35990,0.027084747
35991,0.0640442
35992,0.062351618
35993,0.117002055
35994,0.24747142
35995,0.011460712
35996,0.28352904
35997,0.029674252
35998,0.017732233
35999,0.023135766
36000,0.026261479
36001,0.021603514
36002,0.034020666
36003,0.015005895
36004,0.008570531
36005,0.07260348
36006,0.030892564
36007,0.046584807
36008,0.055398665
36009,0.01727195
36010,0.009969012
36011,0.020158006
36012,0.11487371
36013,0.033393506
36014,0.052609965
36015,0.011734249
36016,0.034196477
36017,0.018959217
36018,0.10478527
36019,0.014623997
36020,0.3023507
36021,0.07232613
36022,0.07005624
36023,0.064996764
36024,0.015231764
36025,0.095750004
36026,0.025673069
36027,0.09317393
36028,0.02189273
36029,0.12131561
36030,0.14540441
36031,0.02360522
36032,0.026426373
36033,0.035956997
36034,0.029883062
36035,0.039414357
36036,0.014223294
36037,0.08729793
36038,0.06828935
36039,0.17771631
36040,0.026737515
36041,0.028502762
36042,0.0057153255
36043,0.017859492
36044,0.059077725
36045,0.02544559
36046,0.03756115
36047,0.011814403
36048,0.033610266
36049,0.29515588
36050,0.2589836
36051,0.019562703
36052,0.10478527
36053,0.020846266
36054,0.033594586
36055,0.052848764
36056,0.025685143
36057,0.040276457
36058,0.06416867
36059,0.03593837
36060,0.045628786
36061,0.034767162
36062,0.044245064
36063,0.10160418
36064,0.0352092
36065,0.11672058
36066,0.04333337
36067,0.07921359
36068,0.041310646
36069,0.27097493
36070,0.1340012
36071,0.02757743
36072,0.049215946
36073,0.031256698
36074,0.2720697
36075,0.07152354
36076,0.399673
36077,0.07909831
36078,0.12622261
36079,0.07054166
36080,0.10584939
36081,0.038365357
36082,0.31526956
36083,0.67961633
36084,0.27340624
36085,0.046252035
36086,0.03856051
36087,0.28083014
36088,0.06881205
36089,0.012748149
36090,0.031431
36091,0.023914969
36092,0.020331025
36093,0.10659803
36094,0.2836271
36095,0.5433211
36096,0.46437797
36097,0.04606917
36098,0.07679503
36099,0.25449485
36100,0.14070055
36101,0.02240848
36102,0.06387594
36103,0.046461593
36104,0.07997488
36105,0.10083719
36106,0.22178823
36107,0.25111273
36108,0.2776471
36109,0.51091474
36110,0.11759187
36111,0.022849167
36112,0.40554693
36113,0.019020263
36114,0.07016769
36115,0.1092654
36116,0.05913751
36117,0.06374141
36118,0.04182173
36119,0.074637584
36120,0.10376317
36121,0.10796335
36122,0.09882565
36123,0.03454698
36124,0.03603319
36125,0.07340181
36126,0.28719932
36127,0.050592586
36128,0.032307096
36129,0.066316895
36130,0.06996546
36131,0.08888285
36132,0.04761821
36133,0.080478095
36134,0.0645679
36135,0.15213838
36136,0.06193338
36137,0.17109488
36138,0.05740614
36139,0.048105404
36140,0.017029613
36141,0.3980269
36142,0.22304444
36143,0.08030436
36144,0.3912078
36145,0.41452566
36146,0.09172933
36147,0.066040926
36148,0.020037925
36149,0.02498376
36150,0.045499064
36151,0.062293816
36152,0.08068647
36153,0.100828454
36154,0.2657338
36155,0.44725376
36156,0.02299862
36157,0.051458295
36158,0.010536225
36159,0.033379488
36160,0.03879069
36161,0.27953607
36162,0.024576683
36163,0.050740935
36164,0.012379567
36165,0.06247799
36166,0.030806476
36167,0.39268026
36168,0.5668222
36169,0.10580519
36170,0.02143704
36171,0.025524372
36172,0.0531607
36173,0.073047355
36174,0.019286448
36175,0.026933413
36176,0.015717734
36177,0.12294249
36178,0.16391405
36179,0.10591448
36180,0.11200246
36181,0.0685033
36182,0.03867467
36183,0.03483364
36184,0.03447015
36185,0.04024042
36186,0.10983858
36187,0.07267965
36188,0.10867939
36189,0.019989245
36190,0.045472298
36191,0.034752384
36192,0.022559078
36193,0.023911102
36194,0.02637306
36195,0.051468775
36196,0.02414285
36197,0.07676146
36198,0.43113214
36199,0.36917782
36200,0.048419844
36201,0.049567513
36202,0.04471778
36203,0.11110038
36204,0.0769095
36205,0.018355759
36206,0.070080556
36207,0.014542026
36208,0.03245139
36209,0.27109668
36210,0.03061601
36211,0.027964605
36212,0.034519363
36213,0.07000385
36214,0.07494866
36215,0.2687573
36216,0.25088432
36217,0.23560008
36218,0.08063615
36219,0.051305275
36220,0.023950726
36221,0.06344511
36222,0.054114755
36223,0.25911465
36224,0.06019952
36225,0.59317386
36226,0.122952685
36227,0.12504612
36228,0.061529323
36229,0.02257296
36230,0.07156548
36231,0.029580422
36232,0.022695897
36233,0.08845527
36234,0.05261448
36235,0.08878058
36236,0.070640564
36237,0.12787114
36238,0.2496348
36239,0.3215506
36240,0.085321434
36241,0.02768121
36242,0.09171872
36243,0.021454176
36244,0.04859212
36245,0.09225028
36246,0.06776796
36247,0.12584722
36248,0.048844863
36249,0.111322805
36250,0.046374332
36251,0.067766435
36252,0.020738574
36253,0.1431702
36254,0.011987057
36255,0.036539912
36256,0.08094594
36257,0.034562632
36258,0.027320573
36259,0.043612987
36260,0.07145577
36261,0.08350381
36262,0.13115847
36263,0.10936981
36264,0.2699917
36265,0.24761058
36266,0.25864848
36267,0.015228184
36268,0.111043595
36269,0.05933336
36270,0.049990896
36271,0.095409825
36272,0.035545643
36273,0.024614837
36274,0.06144328
36275,0.04458343
36276,0.06142751
36277,0.09158033
36278,0.07136465
36279,0.08489042
36280,0.018775092
36281,0.047515497
36282,0.10890218
36283,0.06945643
36284,0.24341063
36285,0.5214237
36286,0.11901478
36287,0.124249384
36288,0.06847756
36289,0.088179424
36290,0.08330561
36291,0.10156173
36292,0.06376477
36293,0.008730633
36294,0.025253199
36295,0.27400205
36296,0.081507064
36297,0.086419694
36298,0.07126158
36299,0.08715843
36300,0.020762576
36301,0.025099399
36302,0.02245135
36303,0.04888142
36304,0.43091106
36305,0.07155333
36306,0.05474022
36307,0.12279396
36308,0.87821305
36309,0.12811191
36310,0.02225492
36311,0.1128397
36312,0.07089732
36313,0.27294847
36314,0.39775014
36315,0.08197809
36316,0.022485007
36317,0.061292645
36318,0.049256038
36319,0.110404834
36320,0.16120726
36321,0.04630412
36322,0.26459858
36323,0.09570024
36324,0.09137901
36325,0.017669544
36326,0.024080828
36327,0.058266997
36328,0.08623772
36329,0.020589381
36330,0.122375794
36331,0.13825595
36332,0.25913665
36333,0.08951294
36334,0.031137988
36335,0.115368724
36336,0.14954044
36337,0.1766098
36338,0.06599802
36339,0.060942978
36340,0.029109146
36341,0.07248158
36342,0.54810625
36343,0.046328533
36344,0.14107752
36345,0.3006816
36346,0.14559118
36347,0.01380329
36348,0.019247724
36349,0.011403039
36350,0.049699806
36351,0.059913907
36352,0.2605253
36353,0.41648006
36354,0.09383349
36355,0.09506218
36356,0.14675458
36357,0.2531019
36358,0.13125414
36359,0.17728451
36360,0.41461936
36361,0.096505515
36362,0.06281778
36363,0.09981603
36364,0.06026227
36365,0.28208402
36366,0.90899265
36367,0.056593705
36368,0.40760526
36369,0.0169581
36370,0.055762265
36371,0.21395348
36372,0.059618708
36373,0.07865239
36374,0.021147287
36375,0.052882932
36376,0.008725438
36377,0.44899172
36378,0.048347536
36379,0.09397215
36380,0.27415413
36381,0.1428943
36382,0.17711447
36383,0.27327377
36384,0.1905623
36385,0.03211086
36386,0.27481684
36387,0.23643036
36388,0.12784064
36389,0.7695955
36390,0.42385602
36391,0.38327566
36392,0.027102737
36393,0.2509934
36394,0.070571505
36395,0.032784175
36396,0.021573
36397,0.013254976
36398,0.016704686
36399,0.067973875
36400,0.013038299
36401,0.03173558
36402,0.0694287
36403,0.109284
36404,0.11059867
36405,0.12584911
36406,0.10126147
36407,0.14059655
36408,0.11787043
36409,0.032235585
36410,0.1153346
36411,0.27722913
36412,0.06923967
36413,1.0480136
36414,1.0069993
36415,0.6298808
36416,0.0085181715
36417,0.03204001
36418,0.09461808
36419,0.47265053
36420,0.089601964
36421,0.019207833
36422,0.067660645
36423,0.008721066
36424,0.014721829
36425,0.062211607
36426,0.073910415
36427,0.06615929
36428,0.4419435
36429,0.019903135
36430,0.03733367
36431,0.12739399
36432,0.11398826
36433,0.059753876
36434,0.0556127
36435,0.1497825
36436,0.09358955
36437,0.13438258
36438,0.11541171
36439,0.11520548
36440,0.9885405
36441,0.9793516
36442,0.6136058
36443,0.015706776
36444,0.07586354
36445,0.032639727
36446,0.011396786
36447,0.3070872
36448,0.09755809
36449,0.26428518
36450,0.04845547
36451,0.108756125
36452,0.0244362
36453,0.10370859
36454,0.120863326
36455,0.15111537
36456,0.15239331
36457,0.5172406
36458,0.3963578
36459,0.13900049
36460,0.13581952
36461,0.093904406
36462,0.07126611
36463,0.1248688
36464,0.050016556
36465,0.0421696
36466,0.13791192
36467,0.14644368
36468,0.07108811
36469,0.1171357
36470,0.03013742
36471,1.0065492
36472,0.9808008
36473,0.9747616
36474,0.076064534
36475,0.053145725
36476,0.25599468
36477,0.45120206
36478,0.030424962
36479,0.021309074
36480,0.02732846
36481,0.10869557
36482,0.057922058
36483,0.42532325
36484,1.0845801
36485,0.07687516
36486,0.11469279
36487,0.10051197
36488,0.14482677
36489,0.07952732
36490,0.2558846
36491,0.11733991
36492,0.037051458
36493,0.105863534
36494,0.11624488
36495,0.12269828
36496,0.05157769
36497,0.5063406
36498,0.41873997
36499,0.15143214
36500,0.08125479
36501,0.12134496
36502,0.08081035
36503,0.19204973
36504,0.033465367
36505,0.047753364
36506,0.053299982
36507,0.021230457
36508,0.051267497
36509,0.049473118
36510,0.17725182
36511,0.7123744
36512,0.18749654
36513,0.16467063
36514,0.12577185
36515,0.15934783
36516,0.15988089
36517,0.67629784
36518,0.088628374
36519,0.043644127
36520,0.03558505
36521,0.14246507
36522,0.17217591
36523,0.3066494
36524,0.29441836
36525,0.26794153
36526,0.13708837
36527,0.9924275
36528,0.25763634
36529,0.020179508
36530,0.12332546
36531,0.16007255
36532,0.025689749
36533,0.06338239
36534,0.44844285
36535,0.07080959
36536,0.042935114
36537,0.041107222
36538,0.049956076
36539,0.14578174
36540,0.4098465
36541,0.26759773
36542,0.5095316
36543,0.3104395
36544,0.14963917
36545,0.1505839
36546,0.26009518
36547,0.028231895
36548,0.15424027
36549,0.085080266
36550,0.06160156
36551,0.47945455
36552,0.2730924
36553,0.06488388
36554,0.54545045
36555,0.4434199
36556,0.007005164
36557,0.09046898
36558,0.120256536
36559,0.08678623
36560,0.054648805
36561,0.016696382
36562,0.04030319
36563,0.06415467
36564,0.10780161
36565,0.1032956
36566,0.14852208
36567,0.35235518
36568,0.8600657
36569,0.40092245
36570,0.26951408
36571,0.6868318
36572,0.101968355
36573,0.019762136
36574,0.07961925
36575,0.08013067
36576,0.2576213
36577,0.17842668
36578,0.07454529
36579,0.029879019
36580,0.07143579
36581,0.13721001
36582,0.02101624
36583,0.056684922
36584,0.11330912
36585,0.017584916
36586,0.044187374
36587,0.013116015
36588,0.035197128
36589,0.078786805
36590,0.06462451
36591,0.088557005
36592,0.4359145
36593,0.26447806
36594,0.25858155
36595,0.743191
36596,0.64742124
36597,0.27348834
36598,0.11501825
36599,0.05263663
36600,0.024157451
36601,0.061792906
36602,0.11350533
36603,0.018407818
36604,0.03567042
36605,0.99437815
36606,0.06031997
36607,0.017492933
36608,0.06955005
36609,0.060970355
36610,0.24117808
36611,0.04631702
36612,0.060910568
36613,0.019888509
36614,0.053354945
36615,0.02025348
36616,0.020349167
36617,0.033642083
36618,0.093030125
36619,0.12376588
36620,0.5587194
36621,0.2907334
36622,0.24454226
36623,1.0076513
36624,0.28826362
36625,0.30848026
36626,0.1490453
36627,0.046669878
36628,0.032730192
36629,0.03750966
36630,0.052117307
36631,0.05115595
36632,0.042408977
36633,0.07158087
36634,0.4267914
36635,0.10401742
36636,0.44857857
36637,0.033532336
36638,0.11240726
36639,0.1261545
36640,0.13746572
36641,0.2671008
36642,0.050402418
36643,0.032180533
36644,0.009995917
36645,0.046777476
36646,0.15003155
36647,0.9184576
36648,0.17276885
36649,0.80185115
36650,0.17201822
36651,0.29953197
36652,0.14412652
36653,0.110262886
36654,0.044611666
36655,0.024759209
36656,0.045787636
36657,0.032928813
36658,0.13086802
36659,0.13511969
36660,0.08348752
36661,0.28887406
36662,0.029215813
36663,0.08549935
36664,0.42689222
36665,0.04611372
36666,0.014376785
36667,0.013023836
36668,0.11650524
36669,0.24721304
36670,0.03384294
36671,0.24892612
36672,0.1481861
36673,0.080633074
36674,0.1275841
36675,0.033940483
36676,0.0991707
36677,0.08529113
36678,0.04349038
36679,0.13075939
36680,0.12422345
36681,0.045356642
36682,0.123045385
36683,0.013074888
36684,0.018753747
36685,0.21553221
36686,0.041057635
36687,0.1275946
36688,0.04071385
36689,0.051981445
36690,0.047756482
36691,0.164853
36692,0.27482817
36693,0.6484361
36694,0.11720474
36695,0.010920238
36696,0.013806518
36697,0.020847904
36698,0.020820053
36699,0.029464474
36700,0.06418791
36701,0.08018186
36702,0.25193435
36703,0.016096743
36704,0.026823165
36705,0.018142747
36706,0.03318564
36707,0.019162487
36708,0.014159662
36709,0.02461995
36710,0.08924496
36711,0.106382996
36712,0.40781072
36713,0.017340163
36714,0.021383494
36715,0.034877043
36716,0.081817865
36717,0.10599986
36718,0.4293863
36719,0.13015744
36720,0.01647742
36721,0.012303051
36722,0.24665314
36723,0.041029982
36724,0.08283254
36725,0.14297067
36726,0.018878657
36727,0.21835436
36728,0.017927382
36729,0.016116295
36730,0.027823612
36731,0.14240588
36732,0.07342556
36733,0.046732247
36734,0.025062505
36735,0.028043846
36736,0.07728227
36737,0.18432342
36738,0.037265383
36739,0.022280177
36740,0.034265656
36741,0.04718836
36742,0.070964284
36743,0.26719484
36744,0.079312354
36745,0.27436265
36746,0.10564833
36747,0.017349323
36748,0.055694282
36749,0.063278064
36750,0.08931977
36751,0.29337063
36752,0.2662577
36753,0.023033109
36754,0.10375393
36755,0.057025656
36756,0.40844873
36757,0.73997027
36758,0.13734744
36759,0.10740252
36760,0.017337067
36761,0.09657511
36762,0.064701095
36763,0.05234154
36764,0.10287632
36765,0.094748974
36766,0.11020848
36767,0.98345137
36768,0.023072667
36769,0.08573633
36770,0.09398216
36771,0.085075274
36772,0.022171581
36773,0.13973716
36774,0.5496158
36775,0.07743754
36776,0.26145175
36777,0.025064103
36778,0.0753549
36779,0.028435811
36780,0.09884323
36781,0.034887284
36782,0.028225735
36783,0.0674391
36784,0.07133936
36785,0.03008129
36786,0.019466953
36787,0.06614359
36788,0.019933742
36789,0.1933234
36790,0.047299817
36791,0.017819948
36792,0.038627934
36793,0.092689924
36794,0.11415595
36795,0.021353573
36796,0.029257573
36797,0.062884025
36798,1.121596
36799,0.07205236
36800,0.11821664
36801,0.05692344
36802,0.043267574
36803,0.054143805
36804,0.053375494
36805,0.022615725
36806,0.43002838
36807,0.03200157
36808,0.0066157184
36809,0.0060975575
36810,0.008094831
36811,0.057872467
36812,0.24245657
36813,0.12385999
36814,0.047289483
36815,0.055946592
36816,0.2703887
36817,0.028910184
36818,0.02418609
36819,0.021231255
36820,0.049655244
36821,0.035658818
36822,0.2550733
36823,0.06904705
36824,0.016669998
36825,0.019012656
36826,0.06968911
36827,0.15734991
36828,0.10749088
36829,0.08825477
36830,0.075344376
36831,0.028162519
36832,0.062268257
36833,0.071129724
36834,0.17762317
36835,0.2416349
36836,0.009144823
36837,0.034227453
36838,0.018921265
36839,0.01668935
36840,0.022643406
36841,0.019183252
36842,0.016774355
36843,0.02715253
36844,0.065686524
36845,0.06138196
36846,0.12074871
36847,0.014247487
36848,0.24671504
36849,0.010830992
36850,0.27937022
36851,0.028435666
36852,0.022119919
36853,0.021864291
36854,0.009135894
36855,0.0210744
36856,0.033000484
36857,0.015094032
36858,0.007861852
36859,0.06638071
36860,0.028596845
36861,0.046509657
36862,0.01646665
36863,0.053182542
36864,0.016726354
36865,0.11167896
36866,0.031669088
36867,0.05328083
36868,0.011926811
36869,0.03223426
36870,0.010615964
36871,0.019019142
36872,0.10333498
36873,0.30297205
36874,0.07470875
36875,0.06941121
36876,0.06456094
36877,0.09251829
36878,0.024664061
36879,0.090227984
36880,0.021592662
36881,0.12250122
36882,0.14810456
36883,0.023386184
36884,0.025505485
36885,0.035671245
36886,0.01717119
36887,0.016089581
36888,0.009111815
36889,0.015363089
36890,0.037162118
36891,0.013176311
36892,0.088577636
36893,0.066562705
36894,0.006829518
36895,0.17609002
36896,0.027183603
36897,0.018833123
36898,0.0056254133
36899,0.017899277
36900,0.060960405
36901,0.023615226
36902,0.03194141
36903,0.038318574
36904,0.032127894
36905,0.1419172
36906,0.32062835
36907,0.019240484
36908,0.21560171
36909,0.021839214
36910,0.0401502
36911,0.03225357
36912,0.05280761
36913,0.03943106
36914,0.061902404
36915,0.04800065
36916,0.03393556
36917,0.038718574
36918,0.103433765
36919,0.04828114
36920,0.035150196
36921,0.37589806
36922,0.039937492
36923,0.07054583
36924,0.04157501
36925,0.27335393
36926,0.26341283
36927,0.026066316
36928,0.04849196
36929,0.015588248
36930,0.3243957
36931,0.06438173
36932,0.3973937
36933,0.0750681
36934,0.12830894
36935,0.07026139
36936,0.10478478
36937,0.008993025
36938,0.014659562
36939,0.39630926
36940,0.0285948
36941,0.6580354
36942,0.28440526
36943,0.038029682
36944,0.28029346
36945,0.06354415
36946,0.013680418
36947,0.030990483
36948,0.01848802
36949,0.11334323
36950,0.28742942
36951,0.5341683
36952,0.53308934
36953,0.04274881
36954,0.1250705
36955,0.13857085
36956,0.06265362
36957,0.045939922
36958,0.078504294
36959,0.097002074
36960,0.02993738
36961,0.2600639
36962,0.12518598
36963,0.27925342
36964,0.52615154
36965,0.123192556
36966,0.4401642
36967,0.06558679
36968,0.13446017
36969,0.06010445
36970,0.059882343
36971,0.03997591
36972,0.079432756
36973,0.027829925
36974,0.09851078
36975,0.109073825
36976,0.09396834
36977,0.03194378
36978,0.03386615
36979,0.08307429
36980,0.25895485
36981,0.046127323
36982,0.035480406
36983,0.061810818
36984,0.08684391
36985,0.046388894
36986,0.0282766
36987,0.061600827
36988,0.15830086
36989,0.06362515
36990,0.27020192
36991,0.055851478
36992,0.04649839
36993,0.023977233
36994,0.013722006
36995,0.39456424
36996,0.21995732
36997,0.013059652
36998,0.07944364
36999,0.3871739
37000,0.42461303
37001,0.0054212622
37002,0.091381095
37003,0.06312507
37004,0.01907302
37005,0.023098523
37006,0.04860409
37007,0.0666451
37008,0.07988277
37009,0.099135034
37010,0.2636063
37011,0.31193516
37012,0.123457156
37013,0.052912164
37014,0.027889347
37015,0.037198465
37016,0.27352628
37017,0.049691707
37018,0.006501252
37019,0.06752059
37020,0.27544782
37021,0.51619536
37022,0.09872627
37023,0.019823227
37024,0.022903295
37025,0.052317053
37026,0.07356398
37027,0.03454549
37028,0.013370779
37029,0.12710674
37030,0.16080001
37031,0.10305178
37032,0.10998433
37033,0.06850572
37034,0.009650262
37035,0.038359478
37036,0.034961853
37037,0.029856352
37038,0.04214391
37039,0.21390471
37040,0.06317382
37041,0.10761222
37042,0.020254718
37043,0.044796765
37044,0.033271596
37045,0.021655837
37046,0.025071597
37047,0.050963324
37048,0.026616745
37049,0.07574298
37050,0.45406178
37051,0.38523963
37052,0.048319716
37053,0.05094577
37054,0.043274596
37055,0.11282752
37056,0.07669548
37057,0.017532125
37058,0.068829626
37059,0.016326668
37060,0.015453955
37061,0.032522373
37062,0.009261539
37063,0.14829111
37064,0.030806584
37065,0.027429635
37066,0.03483029
37067,0.06768986
37068,0.07621923
37069,0.14619416
37070,0.2484521
37071,0.234505
37072,0.0759103
37073,0.049002923
37074,0.02226722
37075,0.062608615
37076,0.04994694
37077,0.26493448
37078,0.053921137
37079,0.6224386
37080,0.12273702
37081,0.12367605
37082,0.059407663
37083,0.05467657
37084,0.019062387
37085,0.009324027
37086,0.06676522
37087,0.0073899548
37088,0.023893902
37089,0.021016624
37090,0.08970393
37091,0.052407295
37092,0.09020744
37093,0.06977705
37094,0.12152469
37095,0.25025243
37096,0.35372108
37097,0.0710486
37098,0.026987605
37099,0.09038408
37100,0.046166927
37101,0.0813385
37102,0.071475305
37103,0.12579112
37104,0.047963083
37105,0.111426204
37106,0.04509639
37107,0.030111423
37108,0.019185131
37109,0.1378982
37110,0.08098688
37111,0.03670776
37112,0.02359874
37113,0.039791428
37114,0.065535516
37115,0.08781239
37116,0.146855
37117,0.116503716
37118,0.26776418
37119,0.24825127
37120,0.1528328
37121,0.015320242
37122,0.10409797
37123,0.015247494
37124,0.057748694
37125,0.048847836
37126,0.09343621
37127,0.03358196
37128,0.060096618
37129,0.04370533
37130,0.061172843
37131,0.08971429
37132,0.035083704
37133,0.06761537
37134,0.00803753
37135,0.08170149
37136,0.019893734
37137,0.04287203
37138,0.106789604
37139,0.067211784
37140,0.13267475
37141,0.54713273
37142,0.10160329
37143,0.12485477
37144,0.06764593
37145,0.088261165
37146,0.0793411
37147,0.104837194
37148,0.063701324
37149,0.010607634
37150,0.009276409
37151,0.021888569
37152,0.2740447
37153,0.07849308
37154,0.08377709
37155,0.06919998
37156,0.083917014
37157,0.028712276
37158,0.020263558
37159,0.026846303
37160,0.041532688
37161,0.28720117
37162,0.070558354
37163,0.05496233
37164,0.12497073
37165,0.92126286
37166,0.10760497
37167,0.11397798
37168,0.068792626
37169,0.27315006
37170,0.22859679
37171,0.07410786
37172,0.021254905
37173,0.058598153
37174,0.0510817
37175,0.10961688
37176,0.15816708
37177,0.04767138
37178,0.26295578
37179,0.09562145
37180,0.08170217
37181,0.014749705
37182,0.023415692
37183,0.058006354
37184,0.07389067
37185,0.019911094
37186,0.13029452
37187,0.1407955
37188,0.26732716
37189,0.088206396
37190,0.030462783
37191,0.11155861
37192,0.1571858
37193,0.16785969
37194,0.069294676
37195,0.059067074
37196,0.025321431
37197,0.07156011
37198,0.52848744
37199,0.045312285
37200,0.1320906
37201,0.45921433
37202,0.14683272
37203,0.017633451
37204,0.012910939
37205,0.009925109
37206,0.049608845
37207,0.061718594
37208,0.26144028
37209,0.42639178
37210,0.09131605
37211,0.092527024
37212,0.17988762
37213,0.1414598
37214,0.15153654
37215,0.16786352
37216,0.43599576
37217,0.09402603
37218,0.01975783
37219,0.062415246
37220,0.103766486
37221,0.06376254
37222,0.2841409
37223,0.9018846
37224,0.05462515
37225,0.43221655
37226,0.015990674
37227,0.053460404
37228,0.18490529
37229,0.01820648
37230,0.06001881
37231,0.083907284
37232,0.0217039
37233,0.05029968
37234,0.34566852
37235,0.046520196
37236,0.091109104
37237,0.27835965
37238,0.14872158
37239,0.17806873
37240,0.26271385
37241,0.28467304
37242,0.029767081
37243,0.27200156
37244,0.12265786
37245,0.124346
37246,0.90018654
37247,0.36837924
37248,0.29283544
37249,0.026407592
37250,0.1431031
37251,0.06740941
37252,0.032741386
37253,0.021322677
37254,0.06335523
37255,0.0068185586
37256,0.0113125425
37257,0.029763361
37258,0.068896584
37259,0.114159904
37260,0.10796096
37261,0.11820931
37262,0.09780854
37263,0.1422917
37264,0.114667065
37265,0.03208471
37266,0.11469105
37267,0.27954012
37268,0.06957529
37269,1.005434
37270,0.92646426
37271,0.58341694
37272,0.006145505
37273,0.030706882
37274,0.01866517
37275,0.094097845
37276,0.45770678
37277,0.08503967
37278,0.065324366
37279,0.0074458676
37280,0.015390592
37281,0.06452539
37282,0.09330939
37283,0.049699258
37284,0.012465705
37285,0.40467748
37286,0.017542874
37287,0.03641817
37288,0.2406734
37289,0.11371061
37290,0.06092009
37291,0.05476258
37292,0.25079086
37293,0.0912974
37294,0.12880145
37295,0.1138705
37296,0.112622134
37297,0.9832958
37298,0.9926142
37299,0.64974135
37300,0.01447705
37301,0.07729218
37302,0.03109708
37303,0.009248797
37304,0.31022304
37305,0.0973439
37306,0.26683095
37307,0.048398566
37308,0.11180943
37309,0.023765445
37310,0.10060837
37311,0.119023755
37312,0.14284413
37313,0.14263237
37314,0.48664457
37315,0.51641536
37316,0.14136504
37317,0.1277509
37318,0.09383409
37319,0.06844466
37320,0.120727785
37321,0.050326053
37322,0.040875874
37323,0.14374718
37324,0.14054652
37325,0.06785464
37326,0.113493554
37327,0.026751712
37328,0.9717767
37329,0.9215579
37330,0.9795604
37331,0.05292102
37332,0.34395087
37333,0.43221083
37334,0.029060202
37335,0.008965299
37336,0.020055633
37337,0.02458137
37338,0.042547658
37339,0.10654844
37340,0.055974588
37341,0.42533103
37342,0.9219974
37343,0.08012892
37344,0.11347371
37345,0.10417824
37346,0.14859249
37347,0.07905614
37348,0.13868421
37349,0.115426704
37350,0.03470454
37351,0.101579234
37352,0.117800735
37353,0.12829398
37354,0.052076444
37355,0.41386834
37356,0.40668845
37357,0.15943891
37358,0.02631929
37359,0.119358785
37360,0.08129156
37361,0.17546643
37362,0.03282292
37363,0.04508045
37364,0.05169869
37365,0.021380864
37366,0.02434039
37367,0.048684187
37368,0.048217632
37369,0.2628955
37370,0.6342245
37371,0.23151666
37372,0.16587934
37373,0.1098733
37374,0.14370118
37375,0.14682451
37376,0.6323616
37377,0.080315165
37378,0.03501983
37379,0.14514033
37380,0.15708986
37381,0.25415048
37382,0.48790208
37383,0.26191956
37384,0.15318497
37385,0.9571823
37386,0.2517226
37387,0.12559223
37388,0.164532
37389,0.027888926
37390,0.063073106
37391,0.45147476
37392,0.06567137
37393,0.04100902
37394,0.039989233
37395,0.048716977
37396,0.14316128
37397,0.42259476
37398,0.2687376
37399,0.2967821
37400,0.27061138
37401,0.1364493
37402,0.14726049
37403,0.26040885
37404,0.013174076
37405,0.024810562
37406,0.14647806
37407,0.08724232
37408,0.061587073
37409,0.4701186
37410,0.43020663
37411,0.06690687
37412,0.6101438
37413,0.2834217
37414,0.0063352413
37415,0.09201056
37416,0.118118666
37417,0.08574623
37418,0.008404328
37419,0.06291051
37420,0.09964989
37421,0.10183309
37422,0.1309855
37423,0.45670602
37424,0.88501245
37425,0.4278813
37426,0.26962247
37427,0.70952195
37428,0.112597115
37429,0.020233864
37430,0.07976618
37431,0.08105573
37432,0.14133617
37433,0.2730218
37434,0.07004346
37435,0.028905088
37436,0.0706142
37437,0.14236242
37438,0.05433532
37439,0.11335447
37440,0.024473395
37441,0.044311173
37442,0.019523663
37443,0.014178364
37444,0.035604328
37445,0.07852485
37446,0.061020277
37447,0.091010995
37448,0.40516707
37449,0.14154334
37450,0.26149344
37451,0.7878715
37452,0.61986125
37453,0.2733002
37454,0.11534991
37455,0.05246619
37456,0.062420644
37457,0.11144992
37458,0.017377213
37459,0.033925585
37460,0.9525464
37461,0.058642354
37462,0.067815095
37463,0.061270162
37464,0.24512972
37465,0.044887852
37466,0.056394376
37467,0.05048546
37468,0.019755878
37469,0.018345814
37470,0.03306172
37471,0.09764168
37472,0.12498729
37473,0.55972624
37474,0.41094464
37475,0.2488751
37476,1.0582861
37477,0.43736005
37478,0.3138879
37479,0.15434456
37480,0.048668407
37481,0.032595772
37482,0.036240455
37483,0.053621463
37484,0.05097941
37485,0.041748624
37486,0.07135202
37487,0.45158806
37488,0.21350053
37489,0.28605476
37490,0.030767152
37491,0.11084627
37492,0.12283198
37493,0.1406623
37494,0.27184868
37495,0.05335596
37496,0.030112294
37497,0.04481055
37498,0.14477025
37499,0.893552
37500,0.41360116
37501,0.67312497
37502,0.4232245
37503,0.2619593
37504,0.14578454
37505,0.113245904
37506,0.041199032
37507,0.012256643
37508,0.024675384
37509,0.011953428
37510,0.026880903
37511,0.12595662
37512,0.13325223
37513,0.08449208
37514,0.19127023
37515,0.027555479
37516,0.08531764
37517,0.4216362
37518,0.047206484
37519,0.013152283
37520,0.11944179
37521,0.25423017
37522,0.03573794
37523,0.12384215
37524,0.14213419
37525,0.07906025
37526,0.11805037
37527,0.0990438
37528,0.08808218
37529,0.04298525
37530,0.23850355
37531,0.12527013
37532,0.042958066
37533,0.010053266
37534,0.1192843
37535,0.108491845
37536,0.037638903
37537,0.11893084
37538,0.041084606
37539,0.051560137
37540,0.047617614
37541,0.17265064
37542,0.4223469
37543,0.72131765
37544,0.107492134
37545,0.010273712
37546,0.01376588
37547,0.021287087
37548,0.026433477
37549,0.06271583
37550,0.01589561
37551,0.07453516
37552,0.13377264
37553,0.015415573
37554,0.02538265
37555,0.013463797
37556,0.01350439
37557,0.020554632
37558,0.084319316
37559,0.09646966
37560,0.32476652
37561,0.016895538
37562,0.022248404
37563,0.034681987
37564,0.088042974
37565,0.11132552
37566,0.3453655
37567,0.116469786
37568,0.014223045
37569,0.009343004
37570,0.25067386
37571,0.017634356
37572,0.079361215
37573,0.26351437
37574,0.059674207
37575,0.010666085
37576,0.008738702
37577,0.26932195
37578,0.016549964
37579,0.025365036
37580,0.13883524
37581,0.07223704
37582,0.04858378
37583,0.029167607
37584,0.07198548
37585,0.2838434
37586,0.033986997
37587,0.022979531
37588,0.032315884
37589,0.046872538
37590,0.06685389
37591,0.25961939
37592,0.07606941
37593,0.28530034
37594,0.103134125
37595,0.032094214
37596,0.01742557
37597,0.05263175
37598,0.05997216
37599,0.033884913
37600,0.36486816
37601,0.26975894
37602,0.02398689
37603,0.105012886
37604,0.055596154
37605,0.0124801155
37606,0.41909102
37607,0.679367
37608,0.12598057
37609,0.10564515
37610,0.0964025
37611,0.060514163
37612,0.0491316
37613,0.10348702
37614,0.09217053
37615,0.14028639
37616,0.9567534
37617,0.0837775
37618,0.017177518
37619,0.08959614
37620,0.08499564
37621,0.04201788
37622,0.1404254
37623,0.5539959
37624,0.076806955
37625,0.2699876
37626,0.023731383
37627,0.0184493
37628,0.07497796
37629,0.030237645
37630,0.0942309
37631,0.034358215
37632,0.028602885
37633,0.0692832
37634,0.073291354
37635,0.030102307
37636,0.06738463
37637,0.16511512
37638,0.04177176
37639,0.046409734
37640,0.038155075
37641,0.09286408
37642,0.113353
37643,0.019873733
37644,0.02645514
37645,0.06414926
37646,0.9910007
37647,0.07095027
37648,0.115220524
37649,0.055159688
37650,0.044923574
37651,0.05132259
37652,0.05243421
37653,0.021329746
37654,0.28913042
37655,0.03084264
37656,0.0042638932
37657,0.006063731
37658,0.054103736
37659,0.120186694
37660,0.009507165
37661,0.12516578
37662,0.026260303
37663,0.005616385
37664,0.054426614
37665,0.26927757
37666,0.02700814
37667,0.02398761
37668,0.02010391
37669,0.049155787
37670,0.034130383
37671,0.1457307
37672,0.069492
37673,0.016950903
37674,0.07343629
37675,0.2563579
37676,0.1043981
37677,0.08609751
37678,0.070483595
37679,0.032418985
37680,0.062834926
37681,0.0738381
37682,0.28196108
37683,0.13699621
37684,0.0060937367
37685,0.03293302
37686,0.01879609
37687,0.016966032
37688,0.02232412
37689,0.016250564
37690,0.026320264
37691,0.06217345
37692,0.059502758
37693,0.116956025
37694,0.1360723
37695,0.0101382835
37696,0.38043952
37697,0.008642562
37698,0.020348733
37699,0.026444396
37700,0.017363725
37701,0.021959577
37702,0.023378415
37703,0.006322254
37704,0.020793075
37705,0.033565026
37706,0.013140124
37707,0.014866909
37708,0.0070469882
37709,0.070491284
37710,0.028721089
37711,0.043073047
37712,0.053375583
37713,0.00806172
37714,0.007894257
37715,0.114550665
37716,0.03070397
37717,0.050866134
37718,0.03326982
37719,0.01117988
37720,0.018466568
37721,0.102727726
37722,0.29948306
37723,0.072343305
37724,0.06731151
37725,0.06173804
37726,0.092382595
37727,0.02384292
37728,0.08784303
37729,0.020408014
37730,0.12094718
37731,0.1568089
37732,0.02100073
37733,0.011441987
37734,0.035308078
37735,0.030365849
37736,0.026360832
37737,0.016780984
37738,0.03834223
37739,0.08784355
37740,0.066459626
37741,0.0041506123
37742,0.27454293
37743,0.02109351
37744,0.025706926
37745,0.015750563
37746,0.029326746
37747,0.056707446
37748,0.03161811
37749,0.034268796
37750,0.010425194
37751,0.011457617
37752,0.1264599
37753,0.24797724
37754,0.018666614
37755,0.10376302
37756,0.019830339
37757,0.03303534
37758,0.0527066
37759,0.040638544
37760,0.061801545
37761,0.03467485
37762,0.03664071
37763,0.050598256
37764,0.032232642
37765,0.039196305
37766,0.09891912
37767,0.04530394
37768,0.03365393
37769,0.025800595
37770,0.41084146
37771,0.034189172
37772,0.073228635
37773,0.13519745
37774,0.1345655
37775,0.026740586
37776,0.04564043
37777,0.27598527
37778,0.06941026
37779,0.39143658
37780,0.08838012
37781,0.12429593
37782,0.068219684
37783,0.09604843
37784,0.12942539
37785,0.02474186
37786,0.6934406
37787,0.1369351
37788,0.04609764
37789,0.2769028
37790,0.066872
37791,0.011907932
37792,0.030783724
37793,0.051486578
37794,0.11059823
37795,0.14272688
37796,0.55451393
37797,0.531517
37798,0.042415902
37799,0.12638693
37800,0.13987713
37801,0.008413017
37802,0.064627245
37803,0.044775993
37804,0.078779966
37805,0.008464188
37806,0.10309431
37807,0.030682314
37808,0.25898343
37809,0.124360956
37810,0.27054706
37811,0.48216027
37812,0.26430297
37813,0.02135761
37814,0.5247842
37815,0.0169502
37816,0.07068359
37817,0.1267918
37818,0.054710582
37819,0.061046243
37820,0.037167415
37821,0.073762454
37822,0.025841674
37823,0.09997948
37824,0.10860026
37825,0.111061156
37826,0.07783393
37827,0.2532697
37828,0.05405814
37829,0.031674962
37830,0.06563547
37831,0.06652099
37832,0.084220454
37833,0.04624923
37834,0.027458247
37835,0.06394422
37836,0.1490946
37837,0.05978149
37838,0.27966952
37839,0.055858485
37840,0.045264345
37841,0.02093717
37842,0.38015386
37843,0.2583165
37844,0.08370459
37845,0.38053834
37846,0.39150476
37847,0.006136963
37848,0.093464345
37849,0.06157597
37850,0.046308737
37851,0.061436698
37852,0.077298954
37853,0.102499746
37854,0.16454107
37855,0.35597473
37856,0.13022907
37857,0.047978833
37858,0.031633176
37859,0.036733188
37860,0.2818458
37861,0.02201275
37862,0.0505188
37863,0.009775444
37864,0.17821455
37865,0.039578896
37866,0.2796403
37867,0.5437833
37868,0.098201334
37869,0.024164032
37870,0.04767131
37871,0.07031361
37872,0.03128154
37873,0.12988462
37874,0.15712066
37875,0.10433682
37876,0.10650082
37877,0.06508568
37878,0.03833342
37879,0.032792572
37880,0.028559461
37881,0.040623266
37882,0.21439673
37883,0.06294326
37884,0.1056065
37885,0.018807527
37886,0.043298945
37887,0.033546515
37888,0.020813946
37889,0.023258364
37890,0.024312297
37891,0.048283357
37892,0.027210437
37893,0.076984026
37894,0.44665343
37895,0.4046079
37896,0.048676983
37897,0.04859686
37898,0.10844554
37899,0.075714596
37900,0.015440961
37901,0.06907885
37902,0.01624556
37903,0.16150808
37904,0.032428257
37905,0.027235525
37906,0.031219875
37907,0.07303003
37908,0.07452784
37909,0.14708264
37910,0.12298318
37911,0.23276053
37912,0.07438855
37913,0.044963848
37914,0.020677412
37915,0.06514454
37916,0.052867316
37917,0.010872193
37918,0.26151368
37919,0.05363825
37920,0.61578584
37921,0.117106944
37922,0.022157531
37923,0.12235183
37924,0.060296077
37925,0.054935507
37926,0.019289386
37927,0.009120809
37928,0.011095944
37929,0.067753755
37930,0.026043702
37931,0.022196865
37932,0.020106275
37933,0.09109682
37934,0.050407685
37935,0.09008092
37936,0.065738544
37937,0.12540211
37938,0.14670569
37939,0.32449242
37940,0.07006514
37941,0.02560599
37942,0.089042805
37943,0.0236524
37944,0.04647823
37945,0.0076838625
37946,0.08737744
37947,0.06593122
37948,0.12261569
37949,0.045983605
37950,0.108954035
37951,0.04779949
37952,0.06681768
37953,0.0350354
37954,0.14163414
37955,0.0103952205
37956,0.073229164
37957,0.03338293
37958,0.02484882
37959,0.037668552
37960,0.0652125
37961,0.08815901
37962,0.1234571
37963,0.10482549
37964,0.2646627
37965,0.24550352
37966,0.15041733
37967,0.013951583
37968,0.10729974
37969,0.015921092
37970,0.060507435
37971,0.049313083
37972,0.09401896
37973,0.03370746
37974,0.027010072
37975,0.055827543
37976,0.041052207
37977,0.062069148
37978,0.08639211
37979,0.035066865
37980,0.06731964
37981,0.00656739
37982,0.08209344
37983,0.017986253
37984,0.045207858
37985,0.22974928
37986,0.07025975
37987,0.132066
37988,0.54682297
37989,0.113433324
37990,0.11536505
37991,0.06892495
37992,0.085611716
37993,0.0782261
37994,0.09925931
37995,0.06323458
37996,0.009733302
37997,0.021802753
37998,0.2800401
37999,0.07734671
38000,0.08416242
38001,0.07088574
38002,0.08285866
38003,0.018678272
38004,0.027877241
38005,0.019263519
38006,0.024987143
38007,0.047613498
38008,0.46446794
38009,0.0706167
38010,0.052932773
38011,0.12098843
38012,0.8786497
38013,0.11875182
38014,0.019051503
38015,0.11657768
38016,0.06801677
38017,0.26732004
38018,0.21609892
38019,0.07473198
38020,0.022024004
38021,0.05703846
38022,0.04922209
38023,0.10723347
38024,0.15190217
38025,0.045538727
38026,0.15723696
38027,0.09202588
38028,0.080734126
38029,0.014948778
38030,0.021974392
38031,0.055924673
38032,0.07390605
38033,0.020663034
38034,0.12096959
38035,0.13948247
38036,0.2629594
38037,0.08606118
38038,0.03212499
38039,0.11025649
38040,0.15262726
38041,0.2618989
38042,0.05784157
38043,0.06081829
38044,0.025927896
38045,0.07099001
38046,0.5612616
38047,0.043104213
38048,0.13552557
38049,0.35858816
38050,0.14708471
38051,0.016651558
38052,0.0139284935
38053,0.008814387
38054,0.04580566
38055,0.06173964
38056,0.25679904
38057,0.1580007
38058,0.089534566
38059,0.09170514
38060,0.14428878
38061,0.14711995
38062,0.13613337
38063,0.15116376
38064,0.42100257
38065,0.09022109
38066,0.057980444
38067,0.10097651
38068,0.06140271
38069,0.18806674
38070,0.88617855
38071,0.05505403
38072,0.3311764
38073,0.051391102
38074,0.17677799
38075,0.017067345
38076,0.0585848
38077,0.08662578
38078,0.020472776
38079,0.049916353
38080,0.39188054
38081,0.046796765
38082,0.0887135
38083,0.26828074
38084,0.15383275
38085,0.21063592
38086,0.2677007
38087,0.28284827
38088,0.03156055
38089,0.15760525
38090,0.12222739
38091,0.12554939
38092,0.94220066
38093,0.43702838
38094,0.2974741
38095,0.027197026
38096,0.14716709
38097,0.06711509
38098,0.017772574
38099,0.060107753
38100,0.008620992
38101,0.012299046
38102,0.02982126
38103,0.06489008
38104,0.10613259
38105,0.106630124
38106,0.11699602
38107,0.103132255
38108,0.13571379
38109,0.115801945
38110,0.03033845
38111,0.116830304
38112,0.16452387
38113,0.018681217
38114,0.06744922
38115,1.0633236
38116,0.97096527
38117,0.5789339
38118,0.004402469
38119,0.026118135
38120,0.017615477
38121,0.093591005
38122,0.47893998
38123,0.085761204
38124,0.06870801
38125,0.0054914467
38126,0.016034357
38127,0.0625419
38128,0.07877651
38129,0.05960494
38130,0.008742133
38131,0.4000397
38132,0.0186106
38133,0.03460328
38134,0.12276774
38135,0.11350849
38136,0.056759752
38137,0.052804954
38138,0.24775371
38139,0.08657241
38140,0.12842032
38141,0.11219435
38142,0.1110268
38143,0.9264933
38144,1.0191331
38145,0.5924048
38146,0.07532862
38147,0.03266252
38148,0.42368189
38149,0.09241601
38150,0.26015943
38151,0.04743877
38152,0.104839034
38153,0.022376211
38154,0.106434435
38155,0.11385967
38156,0.14008878
38157,0.16034399
38158,0.52470726
38159,0.48133656
38160,0.14278175
38161,0.13642201
38162,0.09303171
38163,0.069448225
38164,0.12056619
38165,0.050066918
38166,0.042632397
38167,0.028065804
38168,0.1334982
38169,0.14479506
38170,0.06664938
38171,0.11133812
38172,0.026527697
38173,1.021779
38174,0.9835732
38175,1.0610698
38176,0.050597504
38177,0.262272
38178,0.48722363
38179,0.031082692
38180,0.007716649
38181,0.043830857
38182,0.107084796
38183,0.051816877
38184,0.43328503
38185,1.044425
38186,0.07294685
38187,0.10695413
38188,0.095946655
38189,0.13923489
38190,0.07778653
38191,0.13652232
38192,0.112539485
38193,0.037332587
38194,0.1033173
38195,0.103131175
38196,0.12244647
38197,0.05090445
38198,0.027655583
38199,0.50559384
38200,0.26891127
38201,0.14918068
38202,0.082515635
38203,0.027882699
38204,0.117898725
38205,0.07778868
38206,0.17142273
38207,0.035831124
38208,0.047602233
38209,0.051642925
38210,0.019351153
38211,0.025626704
38212,0.04769691
38213,0.048757054
38214,0.25710797
38215,0.7219229
38216,0.17952615
38217,0.27307954
38218,0.12352732
38219,0.14728203
38220,0.14548104
38221,0.67285067
38222,0.07897943
38223,0.031866603
38224,0.14765741
38225,0.15456405
38226,0.3762459
38227,0.51197237
38228,0.2645261
38229,0.14390422
38230,1.0347692
38231,0.24955818
38232,0.12732407
38233,0.27377778
38234,0.025623715
38235,0.062178146
38236,0.44854987
38237,0.06599535
38238,0.04008662
38239,0.039807614
38240,0.047321316
38241,0.14119202
38242,0.42244732
38243,0.26554492
38244,0.4916677
38245,0.28918186
38246,0.13177377
38247,0.14835034
38248,0.2622571
38249,0.013559404
38250,0.15502529
38251,0.08541821
38252,0.05885812
38253,0.47067815
38254,0.27013278
38255,0.06363702
38256,0.6070643
38257,0.27971488
38258,0.08710389
38259,0.12216734
38260,0.088815235
38261,0.05465734
38262,0.031484857
38263,0.066937916
38264,0.10010225
38265,0.10673382
38266,0.13162006
38267,0.47170547
38268,0.9429067
38269,0.3550259
38270,0.2604538
38271,0.68335867
38272,0.12521899
38273,0.01836445
38274,0.0793815
38275,0.079084195
38276,0.13817511
38277,0.2721435
38278,0.070735924
38279,0.027927762
38280,0.06978623
38281,0.13875665
38282,0.018801702
38283,0.05289995
38284,0.113218255
38285,0.020611625
38286,0.016302887
38287,0.042921413
38288,0.012716106
38289,0.035310045
38290,0.07537951
38291,0.06227098
38292,0.09263554
38293,0.26250598
38294,0.2654013
38295,0.24942191
38296,0.70326847
38297,0.5909036
38298,0.27086276
38299,0.11540445
38300,0.050089482
38301,0.02340195
38302,0.061640747
38303,0.11628202
38304,0.033999857
38305,0.99118334
38306,0.056993034
38307,0.01681595
38308,0.06779085
38309,0.05973174
38310,0.23315461
38311,0.04329815
38312,0.05402713
38313,0.01798864
38314,0.04842561
38315,0.017698895
38316,0.029804947
38317,0.09378628
38318,0.11438652
38319,0.5656805
38320,0.29460615
38321,0.24037093
38322,0.93520325
38323,0.43363455
38324,0.3162326
38325,0.14917131
38326,0.045908693
38327,0.030015672
38328,0.036457475
38329,0.05221506
38330,0.048206277
38331,0.03947697
38332,0.06935595
38333,0.4613873
38334,0.21443032
38335,0.27732623
38336,0.034503274
38337,0.24726085
38338,0.123457655
38339,0.1440678
38340,0.1590838
38341,0.052090954
38342,0.033394046
38343,0.046025544
38344,0.14215036
38345,0.866175
38346,0.17489375
38347,0.69810426
38348,0.37528205
38349,0.2684951
38350,0.14621185
38351,0.105686076
38352,0.012179484
38353,0.021511273
38354,0.0111662205
38355,0.012748963
38356,0.12664856
38357,0.13540481
38358,0.083266765
38359,0.28565407
38360,0.028373947
38361,0.08292895
38362,0.28526247
38363,0.044403892
38364,0.012293368
38365,0.010498727
38366,0.118413664
38367,0.24672721
38368,0.034839954
38369,0.12207964
38370,0.14999919
38371,0.077422164
38372,0.12961216
38373,0.034110866
38374,0.09598731
38375,0.087360114
38376,0.041546915
38377,0.24614485
38378,0.1189577
38379,0.04406046
38380,0.008660563
38381,0.123888314
38382,0.011801921
38383,0.10632322
38384,0.042349793
38385,0.0409839
38386,0.1245779
38387,0.039324824
38388,0.05120249
38389,0.04593609
38390,0.14562526
38391,0.27580836
38392,0.6068211
38393,0.11316755
38394,0.013123786
38395,0.02027969
38396,0.025425155
38397,0.06290885
38398,0.0142200645
38399,0.074951254
38400,0.14565986
38401,0.016431853
38402,0.024671374
38403,0.017910074
38404,0.02659285
38405,0.08964133
38406,0.099628516
38407,0.4459193
38408,0.0148255015
38409,0.018157598
38410,0.034600712
38411,0.081528634
38412,0.10667667
38413,0.42992684
38414,0.121925466
38415,0.010170275
38416,0.24832393
38417,0.08116677
38418,0.14032131
38419,0.058757313
38420,0.009180442
38421,0.2720208
38422,0.025487231
38423,0.14058979
38424,0.072166376
38425,0.04247128
38426,0.024760224
38427,0.028738001
38428,0.07400699
38429,0.263264
38430,0.032087475
38431,0.023393571
38432,0.035791215
38433,0.04484835
38434,0.06833633
38435,0.26371208
38436,0.07706036
38437,0.17260735
38438,0.110586256
38439,0.030717555
38440,0.053172592
38441,0.03337157
38442,0.3880687
38443,0.43859097
38444,0.024074597
38445,0.10173378
38446,0.055852517
38447,0.012629645
38448,0.33466724
38449,0.6780408
38450,0.12582377
38451,0.10696801
38452,0.016557593
38453,0.09529715
38454,0.054665193
38455,0.050462008
38456,0.10325392
38457,0.09204186
38458,0.120494686
38459,0.9940647
38460,0.08677993
38461,0.017598143
38462,0.08894436
38463,0.08427396
38464,0.01932791
38465,0.041340683
38466,0.14745903
38467,0.5134015
38468,0.07603503
38469,0.25921273
38470,0.024117278
38471,0.073568895
38472,0.010892703
38473,0.025152752
38474,0.08714208
38475,0.03185953
38476,0.029830104
38477,0.0622401
38478,0.07042202
38479,0.02886433
38480,0.06702339
38481,0.014056358
38482,0.020164473
38483,0.16042829
38484,0.043257788
38485,0.044214457
38486,0.09022961
38487,0.114977404
38488,0.026450256
38489,0.061109602
38490,0.97446924
38491,0.07145423
38492,0.11315631
38493,0.057456687
38494,0.046573788
38495,0.050999675
38496,0.047232058
38497,0.016776102
38498,0.29493186
38499,0.030104915
38500,0.007481817
38501,0.01581968
38502,0.053368647
38503,0.1120961
38504,0.023868784
38505,0.120074004
38506,0.045564592
38507,0.05271333
38508,0.38724992
38509,0.022889033
38510,0.022032352
38511,0.020633223
38512,0.05144149
38513,0.031795986
38514,0.14069924
38515,0.061986946
38516,0.016348433
38517,0.06758548
38518,0.24969088
38519,0.10869061
38520,0.08543538
38521,0.07251409
38522,0.02961516
38523,0.060031995
38524,0.017862381
38525,0.069655366
38526,0.16348395
38527,0.23664157
38528,0.006407588
38529,0.035380304
38530,0.014526899
38531,0.014817344
38532,0.021176847
38533,0.0155519005
38534,0.017964622
38535,0.028577197
38536,0.06370387
38537,0.057782963
38538,0.11384648
38539,0.12926587
38540,0.2834405
38541,0.027561473
38542,0.018475575
38543,0.022510976
38544,0.02567845
38545,0.007242041
38546,0.013994896
38547,0.066720456
38548,0.025634909
38549,0.04666931
38550,0.05328981
38551,0.014732232
38552,0.11338641
38553,0.030720003
38554,0.052620675
38555,0.010291255
38556,0.029362822
38557,0.016518231
38558,0.096896954
38559,0.29799458
38560,0.0699494
38561,0.06842995
38562,0.060945883
38563,0.09227239
38564,0.022426484
38565,0.086812265
38566,0.018992228
38567,0.11706356
38568,0.14416324
38569,0.019984478
38570,0.032306883
38571,0.03411025
38572,0.030839236
38573,0.02720548
38574,0.014266158
38575,0.033749815
38576,0.08551718
38577,0.07118524
38578,0.031089988
38579,0.16198422
38580,0.02635719
38581,0.058811363
38582,0.02871835
38583,0.035003133
38584,0.032272436
38585,0.1350629
38586,0.1429649
38587,0.017895456
38588,0.10064143
38589,0.014935575
38590,0.02105711
38591,0.03868263
38592,0.018601019
38593,0.030068437
38594,0.05205429
38595,0.028406788
38596,0.02925503
38597,0.036843054
38598,0.030104455
38599,0.038316555
38600,0.09238097
38601,0.035542388
38602,0.025886858
38603,0.4247832
38604,0.03624173
38605,0.075219624
38606,0.27259028
38607,0.26207936
38608,0.023480656
38609,0.03730833
38610,0.26254734
38611,0.06402667
38612,0.3017317
38613,0.055900406
38614,0.25397724
38615,0.06323831
38616,0.0061132675
38617,0.016717633
38618,0.010905483
38619,0.1158869
38620,0.7786656
38621,0.2647843
38622,0.03950145
38623,0.40556106
38624,0.0533891
38625,0.026782457
38626,0.016928777
38627,0.09569324
38628,0.13575676
38629,0.51471585
38630,0.50258607
38631,0.031628415
38632,0.06947396
38633,0.25598887
38634,0.13726765
38635,0.05161184
38636,0.04257578
38637,0.07208508
38638,0.013804653
38639,0.09492454
38640,0.19959837
38641,0.24451557
38642,0.2685121
38643,0.4745728
38644,0.10721939
38645,0.022380829
38646,0.39543712
38647,0.055849567
38648,0.25880495
38649,0.04881869
38650,0.05216991
38651,0.039067257
38652,0.07308539
38653,0.089968316
38654,0.098984204
38655,0.09156209
38656,0.02751846
38657,0.07040172
38658,0.3880657
38659,0.04389384
38660,0.060114156
38661,0.054912694
38662,0.07722383
38663,0.04241733
38664,0.050059352
38665,0.1452786
38666,0.2697019
38667,0.046337083
38668,0.06250703
38669,0.043234285
38670,0.02184985
38671,0.42490062
38672,0.10526379
38673,0.07255219
38674,0.39290428
38675,0.355611
38676,0.08353744
38677,0.056514002
38678,0.018351877
38679,0.018767627
38680,0.043529812
38681,0.0740418
38682,0.08808328
38683,0.26428404
38684,0.35266158
38685,0.11795759
38686,0.045338765
38687,0.010042904
38688,0.033890914
38689,0.27051407
38690,0.020045994
38691,0.04539975
38692,0.056801315
38693,0.038229343
38694,0.026386416
38695,0.26914677
38696,0.44601995
38697,0.0953432
38698,0.02437296
38699,0.04622456
38700,0.06195946
38701,0.012507842
38702,0.017989645
38703,0.02900896
38704,0.11980295
38705,0.15451497
38706,0.09501677
38707,0.10956794
38708,0.06003245
38709,0.031777676
38710,0.040323023
38711,0.21211821
38712,0.059978493
38713,0.1002429
38714,0.021098828
38715,0.043285508
38716,0.030831918
38717,0.023692101
38718,0.024884205
38719,0.025420139
38720,0.046263948
38721,0.02586994
38722,0.063512504
38723,0.5342604
38724,0.4163376
38725,0.042663656
38726,0.04475429
38727,0.035230707
38728,0.09523621
38729,0.06823138
38730,0.054989807
38731,0.017451968
38732,0.031816203
38733,0.15573509
38734,0.030328732
38735,0.024317505
38736,0.031956628
38737,0.055637833
38738,0.06827501
38739,0.1413716
38740,0.25467658
38741,0.25228563
38742,0.05963367
38743,0.046055295
38744,0.021146141
38745,0.05398836
38746,0.045855764
38747,0.012503933
38748,0.27396512
38749,0.05029888
38750,0.6564177
38751,0.113030404
38752,0.11647756
38753,0.052804556
38754,0.047626246
38755,0.056306407
38756,0.024922397
38757,0.01983447
38758,0.022221193
38759,0.022306928
38760,0.08216542
38761,0.046554167
38762,0.08633732
38763,0.06353023
38764,0.1177274
38765,0.1450795
38766,0.48262537
38767,0.06057878
38768,0.025493704
38769,0.082469955
38770,0.021201106
38771,0.04430292
38772,0.080938235
38773,0.060577877
38774,0.117754325
38775,0.039944142
38776,0.10205614
38777,0.059430405
38778,0.031130005
38779,0.01795754
38780,0.13709787
38781,0.010093669
38782,0.030362183
38783,0.06794368
38784,0.030035766
38785,0.024112396
38786,0.039264113
38787,0.05925342
38788,0.07833264
38789,0.12891327
38790,0.10570246
38791,0.17294711
38792,0.25827482
38793,0.26727855
38794,0.017214097
38795,0.1048396
38796,0.053728424
38797,0.044078417
38798,0.086262025
38799,0.055524625
38800,0.04080372
38801,0.052104972
38802,0.08166236
38803,0.028916528
38804,0.05823914
38805,0.07690094
38806,0.016915979
38807,0.04361815
38808,0.23672812
38809,0.060687564
38810,0.12923115
38811,0.32592976
38812,0.10876173
38813,0.13152067
38814,0.05691948
38815,0.074120075
38816,0.06986404
38817,0.09693769
38818,0.04008779
38819,0.010549507
38820,0.020463638
38821,0.27946195
38822,0.06742927
38823,0.07392022
38824,0.06159732
38825,0.07888126
38826,0.024250146
38827,0.021169089
38828,0.04396439
38829,0.48676115
38830,0.059848063
38831,0.04823887
38832,0.117833495
38833,0.8980606
38834,0.10109543
38835,0.021402046
38836,0.11161421
38837,0.061151832
38838,0.1871947
38839,0.41702774
38840,0.071846515
38841,0.01993801
38842,0.05163392
38843,0.04379315
38844,0.09868323
38845,0.15864342
38846,0.04046639
38847,0.14257428
38848,0.082969055
38849,0.083421156
38850,0.015986307
38851,0.021135932
38852,0.05419059
38853,0.066158794
38854,0.019838301
38855,0.11899652
38856,0.1417726
38857,0.2660103
38858,0.08351062
38859,0.031092707
38860,0.10624615
38861,0.1454922
38862,0.2060968
38863,0.062200017
38864,0.05110872
38865,0.02495161
38866,0.010176099
38867,0.06296672
38868,0.6026193
38869,0.044002417
38870,0.14198208
38871,0.44304582
38872,0.13728033
38873,0.019734062
38874,0.0089405
38875,0.0496839
38876,0.05152095
38877,0.15843202
38878,0.26382652
38879,0.09584433
38880,0.09001826
38881,0.13906698
38882,0.129165
38883,0.13295935
38884,0.17753626
38885,0.45440775
38886,0.08593837
38887,0.051463194
38888,0.097041465
38889,0.05272317
38890,0.28149125
38891,0.9817216
38892,0.30194855
38893,0.016091984
38894,0.12761152
38895,0.18290064
38896,0.018080728
38897,0.019010581
38898,0.050712526
38899,0.076912686
38900,0.021044184
38901,0.046395373
38902,0.47372925
38903,0.042699054
38904,0.086110555
38905,0.27365184
38906,0.13757047
38907,0.21860689
38908,0.30816257
38909,0.18004937
38910,0.027579172
38911,0.15880781
38912,0.10630112
38913,0.11777891
38914,0.85778445
38915,0.29096138
38916,0.30072877
38917,0.02349503
38918,0.14389743
38919,0.061715834
38920,0.01762636
38921,0.012997175
38922,0.05830504
38923,0.0076492555
38924,0.011383218
38925,0.026691029
38926,0.05940189
38927,0.09100079
38928,0.108153135
38929,0.12725966
38930,0.08474881
38931,0.13753237
38932,0.10637041
38933,0.10922952
38934,0.284806
38935,0.017129699
38936,0.05789687
38937,1.0470169
38938,0.9900633
38939,0.62872887
38940,0.01922981
38941,0.08308508
38942,0.5006428
38943,0.079548985
38944,0.056385174
38945,0.050240826
38946,0.06755785
38947,0.049921572
38948,0.0126126995
38949,0.44413042
38950,0.01757547
38951,0.03462342
38952,0.11942113
38953,0.10792883
38954,0.05431779
38955,0.041176528
38956,0.25127637
38957,0.08037996
38958,0.12232734
38959,0.10320396
38960,0.09932759
38961,0.9659145
38962,0.9310586
38963,0.57100177
38964,0.06377619
38965,0.028220745
38966,0.50823104
38967,0.08451657
38968,0.2665127
38969,0.045041233
38970,0.09502053
38971,0.023420343
38972,0.09431903
38973,0.10911746
38974,0.12298127
38975,0.1443995
38976,0.57758945
38977,0.51753575
38978,0.14922641
38979,0.13712542
38980,0.08462889
38981,0.05841714
38982,0.1159208
38983,0.04584451
38984,0.036087617
38985,0.14166586
38986,0.13532144
38987,0.05501101
38988,0.1103603
38989,0.02583404
38990,0.97406334
38991,0.90756416
38992,1.0420227
38993,0.05655123
38994,0.050267044
38995,0.2677298
38996,0.011536104
38997,0.31123498
38998,0.02705879
38999,0.019307619
39000,0.041578244
39001,0.101144046
39002,0.05042845
39003,0.4780724
39004,0.9941189
39005,0.06547558
39006,0.114253275
39007,0.09997608
39008,0.14645056
39009,0.066821545
39010,0.25669885
39011,0.10475132
39012,0.03324816
39013,0.09227786
39014,0.107359536
39015,0.102020375
39016,0.04738646
39017,0.02391977
39018,0.2963671
39019,0.27234074
39020,0.13584526
39021,0.109547846
39022,0.0690759
39023,0.17591803
39024,0.029555175
39025,0.045992903
39026,0.02477703
39027,0.047410678
39028,0.045311455
39029,0.17407824
39030,0.7993212
39031,0.18857977
39032,0.16753364
39033,0.26127794
39034,0.14826113
39035,0.14890203
39036,0.6712237
39037,0.091238245
39038,0.040030047
39039,0.031678718
39040,0.12516214
39041,0.1493591
39042,0.41350266
39043,0.30045432
39044,0.22523902
39045,0.12810242
39046,0.96655816
39047,0.12662102
39048,0.25054023
39049,0.15616295
39050,0.022540048
39051,0.0531702
39052,0.30254066
39053,0.05687508
39054,0.038024675
39055,0.0366178
39056,0.045410465
39057,0.14531653
39058,0.4916334
39059,0.276013
39060,0.29933378
39061,0.2809403
39062,0.13804616
39063,0.15115447
39064,0.2707032
39065,0.025471946
39066,0.1432616
39067,0.08252533
39068,0.05322598
39069,0.5142091
39070,0.2870768
39071,0.056997124
39072,0.58524203
39073,0.28803822
39074,0.08030357
39075,0.11032229
39076,0.07786342
39077,0.052427914
39078,0.032848973
39079,0.05837525
39080,0.0836497
39081,0.09842991
39082,0.13330403
39083,0.36025223
39084,0.9390198
39085,0.48746762
39086,0.20148005
39087,0.56302404
39088,0.12818035
39089,0.019369487
39090,0.07056388
39091,0.0720437
39092,0.13490906
39093,0.2881723
39094,0.066963024
39095,0.022826536
39096,0.05432448
39097,0.12788938
39098,0.049659964
39099,0.10713181
39100,0.019436995
39101,0.04016159
39102,0.018806484
39103,0.013323649
39104,0.031145483
39105,0.06550056
39106,0.05344479
39107,0.089360036
39108,0.48344484
39109,0.2641227
39110,0.30248976
39111,0.8811464
39112,0.65631807
39113,0.28085956
39114,0.10277492
39115,0.047029592
39116,0.021594131
39117,0.05803501
39118,0.10165794
39119,0.029972907
39120,1.0183561
39121,0.05444482
39122,0.017262017
39123,0.05742408
39124,0.050596762
39125,0.11558592
39126,0.04056689
39127,0.052766424
39128,0.017705126
39129,0.047950566
39130,0.020410368
39131,0.017560082
39132,0.030213559
39133,0.0868353
39134,0.11228943
39135,0.5246451
39136,0.46708065
39137,0.302267
39138,1.0320823
39139,0.46071208
39140,0.30647686
39141,0.14926443
39142,0.024962174
39143,0.03431788
39144,0.047228504
39145,0.046942156
39146,0.035317615
39147,0.05986101
39148,0.4354152
39149,0.09148442
39150,0.27835548
39151,0.028622067
39152,0.10278366
39153,0.115975894
39154,0.12899816
39155,0.15020874
39156,0.047903012
39157,0.027672142
39158,0.008785518
39159,0.046391014
39160,0.14151719
39161,1.0070745
39162,0.17702983
39163,0.7090544
39164,0.44331458
39165,0.26462743
39166,0.1670518
39167,0.10041279
39168,0.014414991
39169,0.022807276
39170,0.012251352
39171,0.04041576
39172,0.11963097
39173,0.12609008
39174,0.06986147
39175,0.19688268
39176,0.025059057
39177,0.0754329
39178,0.2887558
39179,0.044479348
39180,0.10770514
39181,0.25253904
39182,0.12852839
39183,0.14946368
39184,0.07467698
39185,0.1403425
39186,0.08946683
39187,0.08041814
39188,0.03920899
39189,0.12125673
39190,0.11574198
39191,0.00908584
39192,0.11712659
39193,0.012201475
39194,0.09903922
39195,0.04027695
39196,0.032848928
39197,0.14105605
39198,0.038468592
39199,0.047053546
39200,0.044854686
39201,0.15423675
39202,0.29968187
39203,0.5768893
39204,0.10852008
39205,0.014782202
39206,0.020180902
39207,0.019742342
39208,0.026845006
39209,0.051752184
39210,0.061700962
39211,0.14263429
39212,0.023478206
39213,0.028874269
39214,0.018433472
39215,0.009930435
39216,0.02583312
39217,0.081088975
39218,0.094618484
39219,0.4971324
39220,0.01626878
39221,0.021906098
39222,0.031378362
39223,0.08392301
39224,0.10559512
39225,0.4576043
39226,0.11776853
39227,0.01323269
39228,0.25593376
39229,0.03798558
39230,0.017141106
39231,0.0755234
39232,0.13260598
39233,0.0108191995
39234,0.2799398
39235,0.025338786
39236,0.14026996
39237,0.06163495
39238,0.045167398
39239,0.025205012
39240,0.028382804
39241,0.07004074
39242,0.28255916
39243,0.034177817
39244,0.022163693
39245,0.029967627
39246,0.03817625
39247,0.05958021
39248,0.15590559
39249,0.06501349
39250,0.27155563
39251,0.09530993
39252,0.027999623
39253,0.05147263
39254,0.051128075
39255,0.030340768
39256,0.2882659
39257,0.44071215
39258,0.09642092
39259,0.04849318
39260,0.34569335
39261,0.7590459
39262,0.12502313
39263,0.108252704
39264,0.018389188
39265,0.08703451
39266,0.05248605
39267,0.043457817
39268,0.10147922
39269,0.085691996
39270,0.10754217
39271,0.9278859
39272,0.076503605
39273,0.08324934
39274,0.07725293
39275,0.040263113
39276,0.13020754
39277,0.52261597
39278,0.06811935
39279,0.14133573
39280,0.020658487
39281,0.071699984
39282,0.026077166
39283,0.08834906
39284,0.03235786
39285,0.007252079
39286,0.02678456
39287,0.056900635
39288,0.075754926
39289,0.027284399
39290,0.060146764
39291,0.014478237
39292,0.017285354
39293,0.15552188
39294,0.044018608
39295,0.04118949
39296,0.03173582
39297,0.08056258
39298,0.102270976
39299,0.05539606
39300,0.98657125
39301,0.059597567
39302,0.11100484
39303,0.04834868
39304,0.042877898
39305,0.046643827
39306,0.04529624
39307,0.016618945
39308,0.019491311
39309,0.29568365
39310,0.02758471
39311,0.00928601
39312,0.011286958
39313,0.106734104
39314,0.020874199
39315,0.1170475
39316,0.039737187
39317,0.046359133
39318,0.23100401
39319,0.024299402
39320,0.022276165
39321,0.01859358
39322,0.046106312
39323,0.031000655
39324,0.1309544
39325,0.064644344
39326,0.01181065
39327,0.0073455954
39328,0.05574001
39329,0.25479382
39330,0.09248205
39331,0.07885116
39332,0.063519865
39333,0.028800072
39334,0.053770997
39335,0.038108807
39336,0.28011417
39337,0.12724769
39338,0.016347248
39339,0.020517385
39340,0.01749395
39341,0.009671591
39342,0.017208643
39343,0.016277382
39344,0.017272046
39345,0.02385191
39346,0.04982325
39347,0.04934758
39348,0.104941346
39349,0.12068607
39350,0.27633882
39351,0.020094417
39352,0.02634691
39353,0.01847184
39354,0.022923615
39355,0.025257077
39356,0.017857615
39357,0.029378472
39358,0.016429028
39359,0.01645308
39360,0.00729773
39361,0.05875117
39362,0.04413221
39363,0.013122855
39364,0.05029845
39365,0.10149347
39366,0.04554427
39367,0.027163658
39368,0.017379351
39369,0.10349417
39370,0.007906052
39371,0.4483323
39372,0.06551488
39373,0.057855368
39374,0.05534292
39375,0.013154441
39376,0.08388483
39377,0.023952868
39378,0.011191718
39379,0.084446825
39380,0.018718548
39381,0.113846734
39382,0.14201716
39383,0.030665744
39384,0.03425869
39385,0.027133442
39386,0.013155436
39387,0.014398042
39388,0.034780536
39389,0.00800011
39390,0.083107404
39391,0.061176445
39392,0.17276677
39393,0.023176393
39394,0.022800433
39395,0.051715456
39396,0.033769533
39397,0.017023189
39398,0.031807914
39399,0.027623406
39400,0.28098693
39401,0.2529516
39402,0.019580185
39403,0.09033697
39404,0.015270629
39405,0.01900789
39406,0.036097683
39407,0.01706527
39408,0.04529194
39409,0.03698183
39410,0.055627353
39411,0.027431356
39412,0.03412886
39413,0.029490983
39414,0.03744037
39415,0.09494827
39416,0.03710261
39417,0.03161611
39418,0.023803737
39419,0.27050585
39420,0.040377993
39421,0.06815309
39422,0.035733443
39423,0.12657224
39424,0.26417223
39425,0.023454696
39426,0.04045044
39427,0.2656329
39428,0.059603
39429,0.27365592
39430,0.25206456
39431,0.05758
39432,0.02427982
39433,0.0048601027
39434,0.0143017955
39435,0.016689332
39436,0.1259798
39437,0.025438156
39438,0.7544954
39439,0.1268754
39440,0.040267285
39441,0.26661518
39442,0.05810053
39443,0.013406931
39444,0.024999456
39445,0.09818727
39446,0.12989111
39447,0.5084882
39448,0.4927919
39449,0.043658577
39450,0.06953997
39451,0.1125338
39452,0.26046112
39453,0.00963023
39454,0.0500968
39455,0.039044965
39456,0.07007412
39457,0.09328638
39458,0.19761394
39459,0.117786445
39460,0.2670195
39461,0.4932987
39462,0.25890788
39463,0.01901304
39464,0.4307632
39465,0.0525176
39466,0.08688211
39467,0.048114352
39468,0.052234765
39469,0.042141594
39470,0.06667041
39471,0.08797657
39472,0.097346045
39473,0.092743434
39474,0.07061612
39475,0.37933066
39476,0.042984884
39477,0.030282542
39478,0.04567993
39479,0.05798276
39480,0.07709845
39481,0.04022042
39482,0.032822933
39483,0.026014587
39484,0.054246735
39485,0.14250484
39486,0.15463123
39487,0.041024107
39488,0.012653758
39489,0.42287022
39490,0.10490848
39491,0.19773676
39492,0.39328668
39493,0.3659114
39494,0.0059452606
39495,0.082481466
39496,0.05585921
39497,0.017708518
39498,0.04126106
39499,0.06001109
39500,0.073474355
39501,0.09299085
39502,0.17539187
39503,0.31556612
39504,0.015911397
39505,0.12203082
39506,0.04320362
39507,0.031993736
39508,0.28279212
39509,0.043106858
39510,0.055070408
39511,0.03452014
39512,0.12451851
39513,0.49368355
39514,0.09459899
39515,0.01840694
39516,0.020849787
39517,0.046634983
39518,0.059919786
39519,0.017714148
39520,0.02952927
39521,0.115864925
39522,0.14818065
39523,0.095436245
39524,0.10567346
39525,0.062084366
39526,0.03217667
39527,0.030910866
39528,0.031981193
39529,0.04032441
39530,0.09659498
39531,0.05861893
39532,0.10563079
39533,0.01898327
39534,0.042939395
39535,0.029272912
39536,0.022346353
39537,0.026241863
39538,0.04565761
39539,0.02244313
39540,0.06704207
39541,0.4299691
39542,0.413208
39543,0.044964764
39544,0.046389297
39545,0.09449362
39546,0.06751865
39547,0.018379463
39548,0.055908166
39549,0.026852692
39550,0.14229614
39551,0.029922767
39552,0.02352583
39553,0.0324911
39554,0.0052110446
39555,0.054580253
39556,0.064073525
39557,0.2716261
39558,0.30086875
39559,0.25186503
39560,0.06356843
39561,0.04378475
39562,0.022939825
39563,0.04984342
39564,0.046131752
39565,0.009465509
39566,0.3638701
39567,0.048785012
39568,0.57727563
39569,0.10837071
39570,0.011568928
39571,0.11514025
39572,0.05195969
39573,0.046960603
39574,0.009297511
39575,0.054375395
39576,0.02466763
39577,0.019555593
39578,0.022420963
39579,0.02094844
39580,0.08648622
39581,0.04325392
39582,0.085226014
39583,0.0633848
39584,0.11759291
39585,0.26274657
39586,0.45552313
39587,0.060655605
39588,0.08443001
39589,0.020143168
39590,0.045986783
39591,0.07922296
39592,0.057097808
39593,0.119277604
39594,0.041986298
39595,0.09459904
39596,0.04527697
39597,0.017697494
39598,0.018695751
39599,0.13675822
39600,0.012409264
39601,0.06662982
39602,0.02998753
39603,0.022941755
39604,0.037478797
39605,0.05855758
39606,0.07998591
39607,0.13428275
39608,0.11062859
39609,0.26889458
39610,0.2564108
39611,0.14514282
39612,0.016830945
39613,0.1058252
39614,0.01579264
39615,0.059515223
39616,0.043530013
39617,0.0846427
39618,0.029163644
39619,0.021159803
39620,0.055095818
39621,0.0370051
39622,0.014897031
39623,0.07986734
39624,0.057993162
39625,0.077268146
39626,0.043030117
39627,0.24226144
39628,0.062003408
39629,0.12863187
39630,0.30940223
39631,0.10440424
39632,0.11488093
39633,0.057220705
39634,0.079883106
39635,0.074211374
39636,0.09444905
39637,0.05515772
39638,0.019808607
39639,0.2743265
39640,0.065152556
39641,0.075439334
39642,0.06014593
39643,0.07695327
39644,0.025681803
39645,0.022068532
39646,0.04609248
39647,0.4961636
39648,0.057276163
39649,0.048622053
39650,0.11661394
39651,0.97237027
39652,0.09845122
39653,0.020893198
39654,0.11015903
39655,0.060454696
39656,0.27787662
39657,0.4554637
39658,0.06636731
39659,0.021232039
39660,0.050252005
39661,0.04273977
39662,0.09894956
39663,0.2642788
39664,0.041582745
39665,0.14013329
39666,0.082156554
39667,0.07023766
39668,0.016248798
39669,0.05599834
39670,0.064043865
39671,0.020412806
39672,0.11975933
39673,0.1373426
39674,0.26258662
39675,0.08414449
39676,0.02373793
39677,0.109415084
39678,0.1701973
39679,0.26983586
39680,0.0600332
39681,0.024170564
39682,0.008656676
39683,0.05892843
39684,0.65180993
39685,0.042740956
39686,0.14069194
39687,0.502307
39688,0.14145772
39689,0.013359007
39690,0.010953595
39691,0.044340245
39692,0.050912667
39693,0.41432074
39694,0.25910723
39695,0.09157451
39696,0.0899162
39697,0.14458905
39698,0.13723834
39699,0.120753914
39700,0.19553165
39701,0.26201364
39702,0.08294937
39703,0.054742157
39704,0.09219092
39705,0.052157015
39706,0.20986696
39707,0.8958486
39708,0.05003698
39709,0.29428008
39710,0.047199413
39711,0.21662338
39712,0.018143786
39713,0.04935338
39714,0.07876238
39715,0.021515701
39716,0.045957234
39717,0.48721224
39718,0.042656306
39719,0.085685305
39720,0.27063102
39721,0.1479543
39722,0.21505232
39723,0.26711136
39724,0.17763375
39725,0.028574174
39726,0.15700844
39727,0.111123845
39728,0.117100745
39729,0.9804033
39730,0.4798069
39731,0.29632258
39732,0.024639426
39733,0.15732408
39734,0.05566746
39735,0.025778644
39736,0.017657012
39737,0.017624475
39738,0.055154122
39739,0.010117989
39740,0.012593646
39741,0.025357284
39742,0.059358772
39743,0.10147336
39744,0.10066588
39745,0.11491658
39746,0.0879968
39747,0.15040965
39748,0.10688954
39749,0.10202601
39750,0.17265646
39751,0.017345492
39752,0.062124625
39753,0.95163333
39754,1.0188495
39755,0.6755731
39756,0.029261824
39757,0.018492742
39758,0.08424009
39759,0.49674866
39760,0.07729146
39761,0.0066573285
39762,0.054141596
39763,0.084118634
39764,0.058929615
39765,0.41497973
39766,0.017333763
39767,0.033406418
39768,0.11039261
39769,0.1029814
39770,0.0560076
39771,0.044583183
39772,0.29653785
39773,0.08130829
39774,0.1202036
39775,0.10335137
39776,0.09830305
39777,0.9444138
39778,0.9642811
39779,0.5010607
39780,0.06349004
39781,0.023179322
39782,0.009982026
39783,0.31373405
39784,0.08478486
39785,0.16581297
39786,0.044976626
39787,0.0943076
39788,0.021272758
39789,0.09047005
39790,0.10924239
39791,0.14493057
39792,0.15503514
39793,0.44366497
39794,0.45373037
39795,0.13631383
39796,0.13986741
39797,0.08555039
39798,0.058389843
39799,0.11343035
39800,0.047870718
39801,0.04009037
39802,0.025055198
39803,0.12752673
39804,0.13239498
39805,0.10747805
39806,0.024933603
39807,0.9962549
39808,1.0354888
39809,0.998587
39810,0.048177425
39811,0.13252744
39812,0.011783801
39813,0.30028972
39814,0.029288763
39815,0.020255525
39816,0.025897507
39817,0.04000122
39818,0.1002608
39819,0.045136772
39820,0.2910748
39821,1.013936
39822,0.062427867
39823,0.10664555
39824,0.09744491
39825,0.13862379
39826,0.064298615
39827,0.14036785
39828,0.10573924
39829,0.030134978
39830,0.0928769
39831,0.10391184
39832,0.1097914
39833,0.2935633
39834,0.2758509
39835,0.13725549
39836,0.06998377
39837,0.107412465
39838,0.06876683
39839,0.18317775
39840,0.029579429
39841,0.044216298
39842,0.046348557
39843,0.019221015
39844,0.02440473
39845,0.04553706
39846,0.044139158
39847,0.26930597
39848,0.8471817
39849,0.24862882
39850,0.16308428
39851,0.12244365
39852,0.1470856
39853,0.14543438
39854,0.6753526
39855,0.07148554
39856,0.040644478
39857,0.14335826
39858,0.15387866
39859,0.24864343
39860,0.42423564
39861,0.18487288
39862,0.12809971
39863,0.9811213
39864,0.14120159
39865,0.01928171
39866,0.24935146
39867,0.15355532
39868,0.02248773
39869,0.5225679
39870,0.057928637
39871,0.036043517
39872,0.037934158
39873,0.04328039
39874,0.13973688
39875,0.44613707
39876,0.27438784
39877,0.29118934
39878,0.2939644
39879,0.13607682
39880,0.1462584
39881,0.26604268
39882,0.023677394
39883,0.13203628
39884,0.08372803
39885,0.05134343
39886,0.5421855
39887,0.2727573
39888,0.54861236
39889,0.27904093
39890,0.08033178
39891,0.106678374
39892,0.075188994
39893,0.04754408
39894,0.0148105305
39895,0.033088643
39896,0.05664405
39897,0.08663781
39898,0.09479003
39899,0.24754281
39900,0.49975052
39901,0.91130257
39902,0.39520696
39903,0.27478153
39904,0.7748934
39905,0.10784972
39906,0.06935616
39907,0.072879344
39908,0.13335663
39909,0.276655
39910,0.06496325
39911,0.024416711
39912,0.057008658
39913,0.12978394
39914,0.048950993
39915,0.104804456
39916,0.02095589
39917,0.012044833
39918,0.030405633
39919,0.061954923
39920,0.053138107
39921,0.0846329
39922,0.2725012
39923,0.26784682
39924,0.18759692
39925,0.7130656
39926,0.5117721
39927,0.277708
39928,0.10659872
39929,0.04393106
39930,0.020298641
39931,0.053429604
39932,0.10077405
39933,0.028259447
39934,1.0328401
39935,0.052018866
39936,0.018203584
39937,0.056511533
39938,0.05129318
39939,0.27684563
39940,0.041460246
39941,0.05206947
39942,0.018505236
39943,0.04756318
39944,0.019177338
39945,0.01598086
39946,0.030370649
39947,0.086837165
39948,0.11026838
39949,0.6160461
39950,0.49064046
39951,0.28522536
39952,0.9932929
39953,0.5040982
39954,0.31243363
39955,0.14547119
39956,0.028400747
39957,0.03407456
39958,0.048005745
39959,0.04225662
39960,0.034692477
39961,0.057179023
39962,0.40633625
39963,0.09005617
39964,0.2778055
39965,0.027512567
39966,0.10271122
39967,0.116846465
39968,0.12796804
39969,0.15712857
39970,0.047250763
39971,0.030539004
39972,0.046526667
39973,0.14117207
39974,0.92662567
39975,0.17695749
39976,0.55713266
39977,0.46375543
39978,0.27194118
39979,0.14000164
39980,0.10066597
39981,0.020335339
39982,0.03958326
39983,0.028777668
39984,0.11749501
39985,0.12530538
39986,0.18978485
39987,0.024492837
39988,0.07498428
39989,0.28424862
39990,0.03898858
39991,0.10830995
39992,0.1432049
39993,0.029461512
39994,0.13059597
39995,0.1490804
39996,0.07099434
39997,0.14331733
39998,0.03127937
39999,0.0958738
40000,0.078288674
40001,0.03857098
40002,0.11745943
40003,0.11281664
40004,0.11293568
40005,0.010870925
40006,0.09596648
40007,0.039463636
40008,0.033251733
40009,0.13729621
40010,0.03726786
40011,0.044104185
40012,0.042411346
40013,0.16568811
40014,0.27582026
40015,0.6973819
40016,0.11735762
40017,0.01978677
40018,0.018245121
40019,0.02513866
40020,0.052593034
40021,0.0605906
40022,0.13602142
40023,0.015163462
40024,0.030262088
40025,0.02289277
40026,0.08535635
40027,0.096500225
40028,0.43981677
40029,0.014715981
40030,0.020243976
40031,0.029647237
40032,0.08622996
40033,0.10608857
40034,0.45395833
40035,0.114092305
40036,0.13311008
40037,0.036510844
40038,0.01856334
40039,0.07529834
40040,0.26886714
40041,0.048063595
40042,0.27029166
40043,0.02760704
40044,0.025963867
40045,0.12744954
40046,0.064902216
40047,0.045744553
40048,0.029407047
40049,0.06635116
40050,0.27831444
40051,0.0393489
40052,0.019335138
40053,0.031990174
40054,0.041179284
40055,0.057980396
40056,0.26480082
40057,0.063783005
40058,0.17001
40059,0.094705544
40060,0.029076796
40061,0.017647613
40062,0.04439461
40063,0.05203706
40064,0.029448414
40065,0.2930628
40066,0.26462802
40067,0.022018185
40068,0.09664363
40069,0.047887817
40070,0.011603831
40071,0.4263226
40072,0.874215
40073,0.12227392
40074,0.10723844
40075,0.019967617
40076,0.08273651
40077,0.050280653
40078,0.04348983
40079,0.09271252
40080,0.084687784
40081,0.112744175
40082,0.99972725
40083,0.072997116
40084,0.08235151
40085,0.0772987
40086,0.02012313
40087,0.039527275
40088,0.12975116
40089,0.4909134
40090,0.068158545
40091,0.13370876
40092,0.02173908
40093,0.069630794
40094,0.026062317
40095,0.09187487
40096,0.030551836
40097,0.0058859377
40098,0.02737685
40099,0.05891187
40100,0.06141777
40101,0.026515968
40102,0.017640289
40103,0.05735755
40104,0.0135383755
40105,0.14973083
40106,0.039566066
40107,0.041682392
40108,0.016001355
40109,0.031517662
40110,0.08031613
40111,0.1041229
40112,0.019990688
40113,0.054298516
40114,1.0246155
40115,0.059088282
40116,0.10651995
40117,0.039900623
40118,0.04485474
40119,0.019062214
40120,0.28689137
40121,0.029501246
40122,0.006376443
40123,0.0052676434
40124,0.0063113784
40125,0.10767985
40126,0.11083456
40127,0.24004859
40128,0.024242606
40129,0.01645775
40130,0.013760028
40131,0.044837683
40132,0.02951261
40133,0.1724932
40134,0.05980446
40135,0.0061561856
40136,0.013268343
40137,0.053693447
40138,0.13161357
40139,0.096178204
40140,0.07930268
40141,0.06125909
40142,0.030275289
40143,0.048717517
40144,0.055386435
40145,0.17869328
40146,0.1259755
40147,0.018214924
40148,0.015909355
40149,0.016928062
40150,0.021827647
40151,0.01759819
40152,0.006158672
40153,0.015459573
40154,0.016203078
40155,0.023953391
40156,0.05462922
40157,0.051673245
40158,0.10617372
40159,0.013351613
40160,0.12372952
40161,0.2792502
40162,0.009136508
40163,0.024926191
40164,0.015255415
40165,0.0061566858
40166,0.017452762
40167,0.026860662
40168,0.013672699
40169,0.041304167
40170,0.014498412
40171,0.044894148
40172,0.095022954
40173,0.029970385
40174,0.04866317
40175,0.0115931975
40176,0.024173858
40177,0.018089768
40178,0.09222394
40179,0.20327058
40180,0.06234751
40181,0.055076588
40182,0.05252368
40183,0.08572118
40184,0.02564851
40185,0.014315366
40186,0.084254205
40187,0.020932544
40188,0.11211469
40189,0.14921245
40190,0.019820226
40191,0.022844959
40192,0.027330475
40193,0.03199602
40194,0.026865229
40195,0.017905755
40196,0.035251774
40197,0.007892828
40198,0.0849344
40199,0.06473192
40200,0.1611053
40201,0.013439034
40202,0.022493467
40203,0.024008201
40204,0.01999578
40205,0.049628247
40206,0.031641845
40207,0.032358244
40208,0.12939104
40209,0.25069782
40210,0.09007341
40211,0.016154775
40212,0.037298962
40213,0.016885372
40214,0.0277596
40215,0.03930259
40216,0.019693878
40217,0.030932378
40218,0.04965855
40219,0.02535816
40220,0.028009245
40221,0.035333693
40222,0.029752616
40223,0.034010224
40224,0.08562168
40225,0.037260078
40226,0.03020826
40227,0.025464365
40228,0.27424103
40229,0.030842386
40230,0.18861242
40231,0.12037029
40232,0.12366045
40233,0.03449345
40234,0.14276768
40235,0.41270947
40236,0.061008126
40237,0.10550958
40238,0.054600034
40239,0.021773508
40240,0.014890742
40241,0.014819156
40242,0.11479813
40243,0.7578342
40244,0.12199204
40245,0.037473347
40246,0.03521671
40247,0.12634775
40248,0.056616478
40249,0.02745729
40250,0.045961905
40251,0.09955897
40252,0.12647678
40253,0.5025351
40254,0.48570275
40255,0.036847886
40256,0.0620774
40257,0.11570228
40258,0.25654632
40259,0.052689496
40260,0.07015183
40261,0.08164328
40262,0.027401913
40263,0.2401764
40264,0.113952614
40265,0.13288593
40266,0.48114157
40267,0.26766694
40268,0.01966551
40269,0.3845656
40270,0.056558818
40271,0.10125494
40272,0.049024064
40273,0.035913296
40274,0.06996813
40275,0.08754729
40276,0.097010784
40277,0.09096021
40278,0.028685952
40279,0.067647755
40280,0.38024846
40281,0.044959284
40282,0.05416412
40283,0.07341466
40284,0.036068786
40285,0.022611087
40286,0.04756161
40287,0.15074353
40288,0.14294392
40289,0.04334781
40290,0.28477955
40291,0.22975396
40292,0.07198542
40293,0.3890351
40294,0.39687982
40295,0.0045448113
40296,0.081171885
40297,0.054090977
40298,0.018752037
40299,0.017219262
40300,0.0040651406
40301,0.039724417
40302,0.05992907
40303,0.07321342
40304,0.09205646
40305,0.15330948
40306,0.30809855
40307,0.018421376
40308,0.044570185
40309,0.03369248
40310,0.37604758
40311,0.040977318
40312,0.051581565
40313,0.031758256
40314,0.024375478
40315,0.12006903
40316,0.5319311
40317,0.09124535
40318,0.01496177
40319,0.0226498
40320,0.044663038
40321,0.056477573
40322,0.017934334
40323,0.11326707
40324,0.1509074
40325,0.09257028
40326,0.104655646
40327,0.06777599
40328,0.03057785
40329,0.028625757
40330,0.03739465
40331,0.09378903
40332,0.059042864
40333,0.09842456
40334,0.017066538
40335,0.044049032
40336,0.029632263
40337,0.022429632
40338,0.02048067
40339,0.022783069
40340,0.043593645
40341,0.06129287
40342,0.4608679
40343,0.17827554
40344,0.04413114
40345,0.044194378
40346,0.040446196
40347,0.096055664
40348,0.06732684
40349,0.0151246665
40350,0.056477338
40351,0.026003191
40352,0.26327205
40353,0.029170329
40354,0.02180077
40355,0.028785763
40356,0.054080732
40357,0.06559215
40358,0.15054347
40359,0.25386122
40360,0.24608493
40361,0.055806257
40362,0.040851887
40363,0.0228112
40364,0.0494297
40365,0.0447061
40366,0.2644948
40367,0.047129683
40368,0.61466813
40369,0.10950978
40370,0.11018834
40371,0.049677704
40372,0.052426632
40373,0.021816958
40374,0.08596257
40375,0.08200505
40376,0.059530966
40377,0.111893706
40378,0.2593224
40379,0.46435603
40380,0.054030642
40381,0.024627993
40382,0.078936145
40383,0.018216584
40384,0.07669655
40385,0.053539984
40386,0.11658635
40387,0.04247382
40388,0.093380354
40389,0.039349455
40390,0.056485813
40391,0.027737454
40392,0.017158156
40393,0.13230897
40394,0.010266477
40395,0.06584222
40396,0.028242797
40397,0.019432668
40398,0.03484443
40399,0.057562195
40400,0.07610494
40401,0.12802292
40402,0.11154266
40403,0.26611862
40404,0.12826157
40405,0.14444189
40406,0.013109391
40407,0.09919085
40408,0.050666615
40409,0.045050275
40410,0.08319019
40411,0.02736237
40412,0.0491224
40413,0.039558988
40414,0.05030091
40415,0.08277488
40416,0.028318666
40417,0.056230776
40418,0.0739777
40419,0.041967552
40420,0.09810805
40421,0.056925293
40422,0.14443435
40423,0.6671526
40424,0.10992279
40425,0.111895256
40426,0.050200973
40427,0.07968701
40428,0.06804164
40429,0.09173754
40430,0.0507716
40431,0.020604549
40432,0.27572006
40433,0.063221574
40434,0.07707118
40435,0.05460235
40436,0.07646666
40437,0.02060221
40438,0.044134803
40439,0.29099768
40440,0.056514867
40441,0.050295163
40442,0.10565453
40443,0.93617547
40444,0.09650559
40445,0.019247778
40446,0.1088487
40447,0.05797312
40448,0.16249885
40449,0.26600552
40450,0.067273095
40451,0.018864058
40452,0.047989327
40453,0.0447019
40454,0.0961389
40455,0.25618675
40456,0.042150624
40457,0.14757715
40458,0.08218607
40459,0.075162426
40460,0.0151333045
40461,0.016421247
40462,0.020137334
40463,0.053529084
40464,0.062996216
40465,0.017122848
40466,0.12068067
40467,0.13706633
40468,0.25943643
40469,0.07661947
40470,0.029214256
40471,0.08843505
40472,0.12314157
40473,0.2610278
40474,0.05852165
40475,0.04900933
40476,0.008474837
40477,0.05785293
40478,0.5772733
40479,0.037611034
40480,0.13914548
40481,0.48128754
40482,0.13350646
40483,0.045665286
40484,0.048952863
40485,0.259152
40486,0.25599283
40487,0.08894238
40488,0.08859744
40489,0.16799656
40490,0.14605117
40491,0.13755913
40492,0.18867528
40493,0.261366
40494,0.08679527
40495,0.050286267
40496,0.08923683
40497,0.053297084
40498,0.21230263
40499,0.9121683
40500,0.05308518
40501,0.29578075
40502,0.013485504
40503,0.04640277
40504,0.17900777
40505,0.049260344
40506,0.08063864
40507,0.020458272
40508,0.042198535
40509,0.4743273
40510,0.04205828
40511,0.08547039
40512,0.15915646
40513,0.14552249
40514,0.21639538
40515,0.26692012
40516,0.17659497
40517,0.027015284
40518,0.15396497
40519,0.106435455
40520,0.113968216
40521,0.9021596
40522,0.47439522
40523,0.29361427
40524,0.02331278
40525,0.13937052
40526,0.006865693
40527,0.058911204
40528,0.017992511
40529,0.052382942
40530,0.0074358024
40531,0.010120938
40532,0.02617194
40533,0.05531107
40534,0.10050108
40535,0.096577585
40536,0.11199216
40537,0.08592357
40538,0.13403444
40539,0.10306524
40540,0.025251867
40541,0.099190034
40542,0.27364105
40543,0.054699827
40544,0.9385167
40545,0.9634145
40546,0.67740375
40547,0.025670866
40548,0.07929654
40549,0.478403
40550,0.074396886
40551,0.052879818
40552,0.0056254733
40553,0.051017027
40554,0.0856046
40555,0.045300048
40556,0.010586344
40557,0.42250824
40558,0.015239237
40559,0.0336983
40560,0.115658775
40561,0.1050613
40562,0.05120199
40563,0.045480754
40564,0.14043806
40565,0.078749724
40566,0.119829565
40567,0.10027754
40568,0.09651611
40569,0.97282
40570,0.95289046
40571,0.59391916
40572,0.06308792
40573,0.026453795
40574,0.009028884
40575,0.30997974
40576,0.083317414
40577,0.2625961
40578,0.043305755
40579,0.09094552
40580,0.091468304
40581,0.11135556
40582,0.12848628
40583,0.13793094
40584,0.45118544
40585,0.38925022
40586,0.14227118
40587,0.12770829
40588,0.08269654
40589,0.05320781
40590,0.11246441
40591,0.043896824
40592,0.03382508
40593,0.024361184
40594,0.13156626
40595,0.12965217
40596,0.05407322
40597,0.10294784
40598,0.022426488
40599,0.9982498
40600,0.96596825
40601,1.0209392
40602,0.046788618
40603,0.13314275
40604,0.010192352
40605,0.41796878
40606,0.024977537
40607,0.01732322
40608,0.039948292
40609,0.09844246
40610,0.046633694
40611,0.44055057
40612,1.0023707
40613,0.06830566
40614,0.09633049
40615,0.09136464
40616,0.13619037
40617,0.06552935
40618,0.13883615
40619,0.100883365
40620,0.027540041
40621,0.08897765
40622,0.09918048
40623,0.110835545
40624,0.042683773
40625,0.2847618
40626,0.19702777
40627,0.1304184
40628,0.071599975
40629,0.023583962
40630,0.10506747
40631,0.066712365
40632,0.17731369
40633,0.028768092
40634,0.04267928
40635,0.047250565
40636,0.01941991
40637,0.022883357
40638,0.04255561
40639,0.041021157
40640,0.26615238
40641,0.8223878
40642,0.183429
40643,0.2740435
40644,0.10676024
40645,0.14447214
40646,0.14417964
40647,0.6558306
40648,0.07589913
40649,0.03736712
40650,0.03045538
40651,0.16223225
40652,0.14818063
40653,0.2509292
40654,0.49529076
40655,0.22692935
40656,0.12517816
40657,1.0241358
40658,0.14643194
40659,0.016623205
40660,0.12204398
40661,0.26018754
40662,0.021087693
40663,0.05252469
40664,0.42581785
40665,0.055292275
40666,0.032455884
40667,0.03684787
40668,0.040706452
40669,0.14039564
40670,0.44003132
40671,0.44818392
40672,0.29569113
40673,0.29094926
40674,0.12898761
40675,0.1275524
40676,0.2617415
40677,0.13324346
40678,0.0814028
40679,0.05065085
40680,0.47541896
40681,0.26746666
40682,0.05605859
40683,0.5770673
40684,0.28105038
40685,0.07734996
40686,0.10746625
40687,0.073843256
40688,0.04812905
40689,0.014586663
40690,0.03015506
40691,0.052623667
40692,0.08362443
40693,0.0901098
40694,0.12343206
40695,0.4860147
40696,0.8377808
40697,0.28127956
40698,0.26908934
40699,0.7709921
40700,0.10113798
40701,0.017211344
40702,0.068568304
40703,0.069774136
40704,0.13564338
40705,0.27214965
40706,0.06048034
40707,0.022406587
40708,0.05473779
40709,0.12598741
40710,0.044576265
40711,0.10264294
40712,0.015033889
40713,0.040469944
40714,0.016467711
40715,0.018186497
40716,0.0129969055
40717,0.030301921
40718,0.062217902
40719,0.051349252
40720,0.08539116
40721,0.261277
40722,0.14301044
40723,0.13397297
40724,0.6843049
40725,0.6077366
40726,0.2725576
40727,0.12685455
40728,0.040373594
40729,0.019274952
40730,0.050248947
40731,0.1024604
40732,1.0172987
40733,0.048915446
40734,0.013353941
40735,0.054397743
40736,0.049121
40737,0.22719054
40738,0.039418966
40739,0.04821405
40740,0.015144895
40741,0.042492297
40742,0.029455757
40743,0.084716864
40744,0.10802538
40745,0.5881722
40746,0.44001868
40747,0.3326458
40748,1.0258542
40749,0.29098985
40750,0.3211316
40751,0.14714397
40752,0.023793047
40753,0.046478957
40754,0.04536028
40755,0.03720566
40756,0.05677272
40757,0.4297457
40758,0.088209845
40759,0.27708015
40760,0.029145703
40761,0.099201195
40762,0.11517467
40763,0.12902778
40764,0.14682679
40765,0.047318116
40766,0.032374043
40767,0.042812668
40768,0.14388312
40769,0.90372145
40770,0.17725655
40771,0.73864174
40772,0.17134573
40773,0.2587161
40774,0.13942444
40775,0.10737122
40776,0.030337224
40777,0.012932992
40778,0.022945555
40779,0.010491282
40780,0.040370267
40781,0.12078858
40782,0.12102169
40783,0.06784361
40784,0.1910465
40785,0.017595867
40786,0.069596834
40787,0.2856847
40788,0.044590343
40789,0.104074955
40790,0.14498064
40791,0.026264124
40792,0.0038579637
40793,0.12827289
40794,0.15784818
40795,0.06816525
40796,0.10322951
40797,0.088026784
40798,0.073663175
40799,0.0409724
40800,0.11595385
40801,0.10949116
40802,0.03773481
40803,0.009394973
40804,0.109685086
40805,0.010945996
40806,0.08843481
40807,0.0358216
40808,0.13012637
40809,0.037452143
40810,0.042801514
40811,0.043127675
40812,0.13879289
40813,0.28137115
40814,0.7328581
40815,0.10422481
40816,0.025515236
40817,0.053122293
40818,0.015960393
40819,0.058775097
40820,0.1371981
40821,0.012950228
40822,0.020402767
40823,0.011934676
40824,0.010785261
40825,0.023526417
40826,0.08021797
40827,0.09099265
40828,0.46900767
40829,0.01610658
40830,0.020748187
40831,0.03144763
40832,0.07182804
40833,0.09799569
40834,0.2908183
40835,0.25148794
40836,0.0148779405
40837,0.24807595
40838,0.038700458
40839,0.016329134
40840,0.073341586
40841,0.27229756
40842,0.046025705
40843,0.1803898
40844,0.021066856
40845,0.12929061
40846,0.065030456
40847,0.041667238
40848,0.022977443
40849,0.02850136
40850,0.06951948
40851,0.18447644
40852,0.030600017
40853,0.02240668
40854,0.028571397
40855,0.043182228
40856,0.05675231
40857,0.26059622
40858,0.058882654
40859,0.26671973
40860,0.09355144
40861,0.029223107
40862,0.04881377
40863,0.028423985
40864,0.28867975
40865,0.014892392
40866,0.25943956
40867,0.0193156
40868,0.09635899
40869,0.045136727
40870,0.009529791
40871,0.44731385
40872,0.76036507
40873,0.14683019
40874,0.10690155
40875,0.014447386
40876,0.08270313
40877,0.048854146
40878,0.044376384
40879,0.09137992
40880,0.085962504
40881,0.101216055
40882,0.9957524
40883,0.07308321
40884,0.014995307
40885,0.08132325
40886,0.07466938
40887,0.019635957
40888,0.040699873
40889,0.120711006
40890,0.32245943
40891,0.06399452
40892,0.135948
40893,0.07130959
40894,0.022327872
40895,0.08715864
40896,0.030328877
40897,0.024618996
40898,0.055123422
40899,0.06318124
40900,0.026641276
40901,0.056265984
40902,0.015836915
40903,0.26604095
40904,0.038846657
40905,0.03873211
40906,0.01598414
40907,0.03255785
40908,0.075398974
40909,0.09947209
40910,0.018685069
40911,0.05174103
40912,0.9953472
40913,0.05814406
40914,0.10563999
40915,0.04870343
40916,0.037460934
40917,0.042846996
40918,0.041960236
40919,0.016377712
40920,0.015577287
40921,0.28773752
40922,0.027825644
40923,0.0053896187
40924,0.004504346
40925,0.10784882
40926,0.020424444
40927,0.11273318
40928,0.039868362
40929,0.047596186
40930,0.2705515
40931,0.023576774
40932,0.020183498
40933,0.0150980875
40934,0.045002084
40935,0.029738393
40936,0.15984553
40937,0.05860598
40938,0.011692788
40939,0.014625014
40940,0.041972265
40941,0.14939684
40942,0.093543336
40943,0.077206865
40944,0.056534927
40945,0.029423246
40946,0.051643495
40947,0.018238487
40948,0.05260368
40949,0.1623621
40950,0.12237061
40951,0.0083798515
40952,0.024822043
40953,0.05042859
40954,0.05068998
40955,0.10405908
40956,0.013588424
40957,0.1271631
40958,0.27343172
40959,0.016527852
40960,0.02469433
40961,0.022527931
40962,0.024915328
40963,0.040868055
40964,0.022346845
40965,0.04153519
40966,0.013808055
40967,0.04418148
40968,0.0971364
40969,0.027782667
40970,0.042405628
40971,0.008850473
40972,0.027258286
40973,0.092094615
40974,0.29951853
40975,0.05680818
40976,0.051465526
40977,0.051458262
40978,0.08473361
40979,0.02403505
40980,0.015200998
40981,0.081450425
40982,0.019149961
40983,0.10825264
40984,0.0
40985,0.14486594
40986,0.016509073
40987,0.031792115
40988,0.015804382
40989,0.013360751
40990,0.03236888
40991,0.079175904
40992,0.06531951
40993,0.15680125
40994,0.021426348
40995,0.04757174
40996,0.031682253
40997,0.032967463
40998,0.27430767
40999,0.24898499
41000,0.089880764
41001,0.027674733
41002,0.017490145
41003,0.029800477
41004,0.045912463
41005,0.027804786
41006,0.03302888
41007,0.037727002
41008,0.12707053
41009,0.03199882
41010,0.06745264
41011,0.121058576
41012,0.13102035
41013,0.017755248
41014,0.032443017
41015,0.13880911
41016,0.29290152
41017,0.058327004
41018,0.105971746
41019,0.05299656
41020,0.014141267
41021,0.12374245
41022,0.023312198
41023,0.69905484
41024,0.122021526
41025,0.2644697
41026,0.05640625
41027,0.041328177
41028,0.028136574
41029,0.015923832
41030,0.121674724
41031,0.52617586
41032,0.44742346
41033,0.03296703
41034,0.06051013
41035,0.020328578
41036,0.11346324
41037,0.12818462
41038,0.046548426
41039,0.04286195
41040,0.06824797
41041,0.08966595
41042,0.2704169
41043,0.1138216
41044,0.12146676
41045,0.5118917
41046,0.26635435
41047,0.4446964
41048,0.05203464
41049,0.10913253
41050,0.04770989
41051,0.035852782
41052,0.06701899
41053,0.08819464
41054,0.087548405
41055,0.08581995
41056,0.028088635
41057,0.02737221
41058,0.065755755
41059,0.25516683
41060,0.04109378
41061,0.02970094
41062,0.053194858
41063,0.071617946
41064,0.04028857
41065,0.049110524
41066,0.12863725
41067,0.15544973
41068,0.039091438
41069,0.009332902
41070,0.1498616
41071,0.09957329
41072,0.06856338
41073,0.25409412
41074,0.44605654
41075,0.077246726
41076,0.05255699
41077,0.013264054
41078,0.03824787
41079,0.06996886
41080,0.08809074
41081,0.15698814
41082,0.48593017
41083,0.016005684
41084,0.04031283
41085,0.023287393
41086,0.028693892
41087,0.03321144
41088,0.15304948
41089,0.04355886
41090,0.055446286
41091,0.02972344
41092,0.13553831
41093,0.45776486
41094,0.092655145
41095,0.018912084
41096,0.019552043
41097,0.041273072
41098,0.0529902
41099,0.11192767
41100,0.15482451
41101,0.09275598
41102,0.09694595
41103,0.049284585
41104,0.033850655
41105,0.030651303
41106,0.023557687
41107,0.040068127
41108,0.093003474
41109,0.060755704
41110,0.09740694
41111,0.015708761
41112,0.04244593
41113,0.031654373
41114,0.022226479
41115,0.021447023
41116,0.024009086
41117,0.0470694
41118,0.021083305
41119,0.058626693
41120,0.4739278
41121,0.40142965
41122,0.038638283
41123,0.042717684
41124,0.09579172
41125,0.06336017
41126,0.018173657
41127,0.048746586
41128,0.013774811
41129,0.024724735
41130,0.26736888
41131,0.026198054
41132,0.01862023
41133,0.029516088
41134,0.053256795
41135,0.05958252
41136,0.1333392
41137,0.2600712
41138,0.24585022
41139,0.05639039
41140,0.038279355
41141,0.02141673
41142,0.049517028
41143,0.041788418
41144,0.3183441
41145,0.045589343
41146,0.6282234
41147,0.109749414
41148,0.11012633
41149,0.048710078
41150,0.045915853
41151,0.05468994
41152,0.017151749
41153,0.019621063
41154,0.080252826
41155,0.043895498
41156,0.08394592
41157,0.054403447
41158,0.11327274
41159,0.1288592
41160,0.41688856
41161,0.05392179
41162,0.024335679
41163,0.076610215
41164,0.019420886
41165,0.03874823
41166,0.076308705
41167,0.05324718
41168,0.11271535
41169,0.038254756
41170,0.09374763
41171,0.03792215
41172,0.057108715
41173,0.018183714
41174,0.1269823
41175,0.06694436
41176,0.027547
41177,0.020697806
41178,0.03311369
41179,0.057025373
41180,0.07811149
41181,0.123728186
41182,0.09905537
41183,0.2675061
41184,0.13338996
41185,0.26132
41186,0.012776712
41187,0.09563995
41188,0.051498666
41189,0.042424187
41190,0.07946864
41191,0.028995173
41192,0.020954428
41193,0.050520588
41194,0.046804857
41195,0.025130361
41196,0.05556698
41197,0.005419658
41198,0.071052626
41199,0.036472768
41200,0.09247288
41201,0.05742215
41202,0.1174404
41203,0.5078181
41204,0.10613123
41205,0.11501069
41206,0.05431254
41207,0.07848121
41208,0.06923825
41209,0.085275725
41210,0.052063096
41211,0.00845444
41212,0.2711117
41213,0.06434969
41214,0.072769284
41215,0.054943237
41216,0.07524038
41217,0.020867728
41218,0.044686064
41219,0.1814831
41220,0.059359156
41221,0.049574994
41222,0.105707094
41223,0.8912404
41224,0.119289294
41225,0.016813073
41226,0.111206606
41227,0.055990275
41228,0.15932271
41229,0.25799736
41230,0.060903132
41231,0.018571539
41232,0.04938887
41233,0.040639564
41234,0.0919989
41235,0.13515365
41236,0.042223044
41237,0.25771233
41238,0.07507634
41239,0.083393365
41240,0.01650087
41241,0.01847173
41242,0.049524304
41243,0.06290389
41244,0.014859209
41245,0.11785676
41246,0.12563789
41247,0.14108738
41248,0.07897154
41249,0.03161705
41250,0.101424046
41251,0.14217049
41252,0.26239896
41253,0.05914544
41254,0.048118036
41255,0.0067173843
41256,0.056901462
41257,0.54876506
41258,0.27822053
41259,0.34905228
41260,0.12751456
41261,0.008010576
41262,0.010088193
41263,0.043266837
41264,0.044607494
41265,0.16881269
41266,0.25506103
41267,0.08395386
41268,0.08768286
41269,0.15810001
41270,0.14266561
41271,0.11952322
41272,0.14914566
41273,0.25663397
41274,0.08315944
41275,0.05015997
41276,0.08840572
41277,0.05321262
41278,0.18820436
41279,0.92858535
41280,0.044748474
41281,0.5160484
41282,0.0421896
41283,0.19497539
41284,0.015342287
41285,0.04812677
41286,0.07304913
41287,0.017006485
41288,0.042651284
41289,0.44634566
41290,0.044248685
41291,0.08169808
41292,0.16290408
41293,0.15634374
41294,0.16455586
41295,0.25609002
41296,0.16687399
41297,0.022490554
41298,0.25592235
41299,0.10988496
41300,0.11047754
41301,0.85712075
41302,0.52117723
41303,0.2914051
41304,0.021229478
41305,0.2305422
41306,0.053746767
41307,0.027318697
41308,0.05401943
41309,0.02805604
41310,0.05888704
41311,0.094127126
41312,0.10047952
41313,0.11418261
41314,0.08737604
41315,0.13693386
41316,0.1065522
41317,0.026701484
41318,0.09995706
41319,0.16453266
41320,0.015417397
41321,0.05888148
41322,1.0510309
41323,0.98276955
41324,0.57428885
41325,0.08496354
41326,0.53614837
41327,0.072240554
41328,0.050929286
41329,0.049910624
41330,0.06375132
41331,0.057212353
41332,0.009670581
41333,0.20864849
41334,0.01595015
41335,0.030435055
41336,0.109118074
41337,0.10406637
41338,0.050780933
41339,0.04537588
41340,0.13682523
41341,0.07854513
41342,0.021233965
41343,0.11899721
41344,0.09450741
41345,0.099508904
41346,1.0327935
41347,0.8354165
41348,0.5552734
41349,0.062104706
41350,0.01938436
41351,0.009523651
41352,0.3020522
41353,0.08031095
41354,0.26574758
41355,0.043949105
41356,0.090093754
41357,0.01921467
41358,0.08341627
41359,0.10631004
41360,0.13168283
41361,0.1372531
41362,0.56708807
41363,0.49531585
41364,0.13130987
41365,0.12980635
41366,0.085323
41367,0.054531712
41368,0.10510798
41369,0.040569898
41370,0.03424612
41371,0.020264246
41372,0.12992634
41373,0.13370016
41374,0.04902257
41375,0.09971678
41376,0.01932033
41377,0.98294204
41378,0.963717
41379,0.87089497
41380,0.04134467
41381,0.1308648
41382,0.31223163
41383,0.021827148
41384,0.02119863
41385,0.03883533
41386,0.08932235
41387,0.04330993
41388,0.27738318
41389,1.0273412
41390,0.062130474
41391,0.116641775
41392,0.08898857
41393,0.13204232
41394,0.064635254
41395,0.131911
41396,0.101367906
41397,0.033219546
41398,0.08787983
41399,0.09789902
41400,0.103388764
41401,0.040678915
41402,0.28620747
41403,0.27314624
41404,0.12924325
41405,0.06689103
41406,0.105676636
41407,0.06580015
41408,0.2734361
41409,0.025727259
41410,0.0418945
41411,0.04594295
41412,0.01795117
41413,0.023718406
41414,0.04373867
41415,0.041312985
41416,0.2644509
41417,0.83935606
41418,0.19582514
41419,0.16158545
41420,0.1201278
41421,0.14687146
41422,0.14454883
41423,0.6306541
41424,0.061937004
41425,0.029671296
41426,0.1509933
41427,0.14368765
41428,0.24792947
41429,0.48990607
41430,0.26553336
41431,0.12705849
41432,1.0194564
41433,0.13500471
41434,0.0164314
41435,0.11805089
41436,0.14641197
41437,0.019455193
41438,0.04987302
41439,0.46107894
41440,0.05534811
41441,0.036859088
41442,0.036543388
41443,0.0450208
41444,0.14762811
41445,0.4159027
41446,0.2651972
41447,0.2934609
41448,0.273974
41449,0.13162047
41450,0.13823807
41451,0.25752714
41452,0.020649489
41453,0.13561264
41454,0.07659662
41455,0.050425254
41456,0.47512424
41457,0.2671278
41458,0.04956766
41459,0.31725183
41460,0.40029562
41461,0.07607028
41462,0.101886064
41463,0.07351338
41464,0.015637364
41465,0.032733116
41466,0.05237901
41467,0.08401458
41468,0.08789771
41469,0.1311198
41470,0.46156657
41471,0.8508453
41472,0.36433196
41473,0.17106245
41474,0.6750498
41475,0.11301597
41476,0.01851139
41477,0.06644943
41478,0.06452316
41479,0.12522165
41480,0.26968405
41481,0.05945719
41482,0.022834048
41483,0.050851427
41484,0.12871039
41485,0.044481847
41486,0.09973486
41487,0.019285856
41488,0.015230028
41489,0.038388047
41490,0.015136572
41491,0.017641937
41492,0.01047082
41493,0.029091487
41494,0.062244013
41495,0.051014848
41496,0.07799297
41497,0.2608306
41498,0.14729373
41499,0.30110064
41500,0.78034675
41501,0.6215681
41502,0.18627183
41503,0.108473666
41504,0.051579524
41505,0.09891904
41506,0.013980657
41507,0.02587243
41508,0.97887826
41509,0.04865017
41510,0.052453306
41511,0.048546415
41512,0.24155737
41513,0.04577607
41514,0.014260835
41515,0.042461753
41516,0.019194266
41517,0.026593668
41518,0.07822363
41519,0.1062543
41520,0.528382
41521,0.41449136
41522,0.26036084
41523,1.0538836
41524,0.2906052
41525,0.2969415
41526,0.14995179
41527,0.040063597
41528,0.028832082
41529,0.029525362
41530,0.045340873
41531,0.045064498
41532,0.05497646
41533,0.49317974
41534,0.090129316
41535,0.21303523
41536,0.025789969
41537,0.09539956
41538,0.11307774
41539,0.12976055
41540,0.14359872
41541,0.044398107
41542,0.043141376
41543,0.13770057
41544,0.87295395
41545,0.5045386
41546,0.669094
41547,0.3990039
41548,0.18139064
41549,0.14475381
41550,0.0911591
41551,0.032851268
41552,0.017678296
41553,0.011224784
41554,0.036933318
41555,0.11786543
41556,0.118312016
41557,0.06603807
41558,0.18598141
41559,0.06875285
41560,0.27479038
41561,0.038604073
41562,0.008599639
41563,0.10193019
41564,0.15099888
41565,0.028737567
41566,0.0015822739
41567,0.2556301
41568,0.14851888
41569,0.06732497
41570,0.10067542
41571,0.08325638
41572,0.07292484
41573,0.040724512
41574,0.11230584
41575,0.108550794
41576,0.036490485
41577,0.007937929
41578,0.107386105
41579,0.010894491
41580,0.09312013
41581,0.033716943
41582,0.12090816
41583,0.03643473
41584,0.04423921
41585,0.0076060686
41586,0.043405805
41587,0.18827946
41588,0.276853
41589,0.7216884
41590,0.099073
41591,0.0154255405
41592,0.022560282
41593,0.050283268
41594,0.014852437
41595,0.057064362
41596,0.13829628
41597,0.012957526
41598,0.021042295
41599,0.016496247
41600,0.009448333
41601,0.02198537
41602,0.07374082
41603,0.08816124
41604,0.3383119
41605,0.012276376
41606,0.017342325
41607,0.028726961
41608,0.07232283
41609,0.09397096
41610,0.35046935
41611,0.24290703
41612,0.012337059
41613,0.25271356
41614,0.036981937
41615,0.015669396
41616,0.07127721
41617,0.13512187
41618,0.04398344
41619,0.17731488
41620,0.013592748
41621,0.012456472
41622,0.023852663
41623,0.13286981
41624,0.057453044
41625,0.043626342
41626,0.02261545
41627,0.02821458
41628,0.06488668
41629,0.26896226
41630,0.030910576
41631,0.010390492
41632,0.017203454
41633,0.026108326
41634,0.058411743
41635,0.2612039
41636,0.05963254
41637,0.2597269
41638,0.095586725
41639,0.013844884
41640,0.045278743
41641,0.04794765
41642,0.024620852
41643,0.3941506
41644,0.26249725
41645,0.017231602
41646,0.09374804
41647,0.044849824
41648,0.009358561
41649,0.28774476
41650,0.8204517
41651,0.15184352
41652,0.10002583
41653,0.01493271
41654,0.07961085
41655,0.04542238
41656,0.044763453
41657,0.087652944
41658,0.077755876
41659,0.10001767
41660,0.9507667
41661,0.07508081
41662,0.07749565
41663,0.078702495
41664,0.120233804
41665,0.31725305
41666,0.06594334
41667,0.26027575
41668,0.06849358
41669,0.023199216
41670,0.08586043
41671,0.028292691
41672,0.025998903
41673,0.049438704
41674,0.06797156
41675,0.028607292
41676,0.05548469
41677,0.012447491
41678,0.26735514
41679,0.036898363
41680,0.037541002
41681,0.01413703
41682,0.031598184
41683,0.07947282
41684,0.09778887
41685,0.05203657
41686,0.9656387
41687,0.052709505
41688,0.10799945
41689,0.044448458
41690,0.042769194
41691,0.039465036
41692,0.0384895
41693,0.014470492
41694,0.016155044
41695,0.2931591
41696,0.02618528
41697,0.008554112
41698,0.10411984
41699,0.1093144
41700,0.038354468
41701,0.04250451
41702,0.26090235
41703,0.043992173
41704,0.02721048
41705,0.25270358
41706,0.055334568
41707,0.013552066
41708,0.015098428
41709,0.0515843
41710,0.13610308
41711,0.09516747
41712,0.0729336
41713,0.05541157
41714,0.050774366
41715,0.16348043
41716,0.24801545
41717,0.017010098
41718,0.010987664
41719,0.013246079
41720,0.017387383
41721,0.011756647
41722,0.007824384
41723,0.012470776
41724,0.024004886
41725,0.049767353
41726,0.047525
41727,0.10595672
41728,0.118008964
41729,0.2727299
41730,0.01576793
41731,0.013390886
41732,0.021714263
41733,0.022357866
41734,0.014268843
41735,0.028590092
41736,0.0030229436
41737,0.011147181
41738,0.00590209
41739,0.05214873
41740,0.023699166
41741,0.044906236
41742,0.013239577
41743,0.0956373
41744,0.043180764
41745,0.025375327
41746,0.089660116
41747,0.009221224
41748,0.29999074
41749,0.0548741
41750,0.053672623
41751,0.05319956
41752,0.07911649
41753,0.023434095
41754,0.08308257
41755,0.017387075
41756,0.1072767
41757,0.13475952
41758,0.017178174
41759,0.009733599
41760,0.024948535
41761,0.029661845
41762,0.009769807
41763,0.024463205
41764,0.022369636
41765,0.07647266
41766,0.06013529
41767,0.024090262
41768,0.15057074
41769,0.019952124
41770,0.019919433
41771,0.047097843
41772,0.026321113
41773,0.27668202
41774,0.14004335
41775,0.0137144765
41776,0.08623677
41777,0.016165217
